Flamingo server listening at port 5005 (503 while the model loads)
Loading Music Flamingo model (This will take a minute)...
Music Flamingo quantization: NF4 4-bit; placement: audio-priority
Music Flamingo device map: {"lm_head": 0, "model.audio_tower": 0, "model.language_model.embed_tokens": "cpu", "model.language_model.layers": 0, "model.language_model.norm": 0, "model.language_model.rotary_emb": 0, "model.multi_modal_projector": 0, "model.pos_emb": 0}
CUDA after load: allocated=5.65 GiB, reserved=5.80 GiB
Model loaded successfully. Starting server...
[Music Flamingo] text context budget: 8192 tokens
Flamingo server serving at port 5005
Running Flamingo structured deep-listening inference (first impression)...
[Music Flamingo] input tokens=762; generation budget=256

[Music Flamingo] RAW MODEL RESPONSE (max 6000 chars)
{'audibleObservations': [{'id': 1, 'text': 'instrumental rock', 'category': 'instrumentation', 'confidence': 0.7}, {'id': 2, 'text': 'driving rhythm', 'category': 'rhythm', 'confidence': 0.8}, {'id': 3, 'text': 'clean electric guitar', 'category': 'instrumentation', 'confidence': 0.7}], 'signatureRelations': [{'id': 1, 'text': 'guitar-driven rock', 'supportRefs': [1, 3], 'confidence': 0.6}, {'id': 2, 'text': 'steady drum groove', 'supportRefs': [2], 'confidence': 0.5}], 'uncertainties': ['no vocals', 'no explicit genre label'], 'genreHypotheses': [{'label': 'rock', 'confidence': 0.3}, {'label': 'instrumental rock', 'confidence': 0.6}], 'aestheticConcepts': ['energetic', 'forward-moving'], 'impressions': ['confident', 'steady momentum']}
[Music Flamingo] SANITIZED PACKET SENT TO MUSIC SHOWER (max 6000 chars)
{
  "audibleObservations": [
    {
      "text": "instrumental rock",
      "category": "instrumentation",
      "confidence": 0.7,
      "reasoningHints": "",
      "id": "1"
    },
    {
      "text": "driving rhythm",
      "category": "rhythm",
      "confidence": 0.8,
      "reasoningHints": "",
      "id": "2"
    },
    {
      "text": "clean electric guitar",
      "category": "instrumentation",
      "confidence": 0.7,
      "reasoningHints": "",
      "id": "3"
    }
  ],
  "signatureRelations": [
    {
      "text": "guitar-driven rock",
      "confidence": 0.6,
      "reasoningHints": "",
      "supportRefs": [
        "1",
        "3"
      ],
      "id": "1"
    },
    {
      "text": "steady drum groove",
      "confidence": 0.5,
      "reasoningHints": "",
      "supportRefs": [
        "2"
      ],
      "id": "2"
    }
  ],
  "styleCues": [],
  "uncertainties": [
    "no vocals",
    "no explicit genre label"
  ],
  "genreHypotheses": [
    {
      "label": "rock",
      "confidence": 0.3,
      "reasoningHints": "",
      "supportRefs": [],
      "id": "g1",
      "provisional": true
    },
    {
      "label": "instrumental rock",
      "confidence": 0.48,
      "reasoningHints": "",
      "supportRefs": [],
      "id": "g2",
      "provisional": true
    }
  ],
  "aestheticConcepts": [
    {
      "text": "energetic",
      "confidence": 0.62,
      "reasoningHints": "",
      "supportRefs": []
    },
    {
      "text": "forward-moving",
      "confidence": 0.62,
      "reasoningHints": "",
      "supportRefs": []
    }
  ],
  "impressions": [
    {
      "text": "confident",
      "confidence": 0.6,
      "reasoningHints": "",
      "supportRefs": []
    },
    {
      "text": "steady momentum",
      "confidence": 0.6,
      "reasoningHints": "",
      "supportRefs": []
    }
  ],
  "contextHypotheses": [],
  "packetDiagnostics": {
    "rawItemCount": 11,
    "acceptedConceptCount": 11,
    "duplicateOrRejectedCount": 0,
    "quarantinedCount": 0,
    "fieldCounts": {
      "audibleObservations": 3,
      "signatureRelations": 2,
      "styleCues": 0,
      "genreHypotheses": 2,
      "contextHypotheses": 0,
      "aestheticConcepts": 2,
      "impressions": 2
    }
  }
}
[Music Flamingo] END PACKET

Inference complete in 33.0s. Packet parsed: ['audibleObservations', 'signatureRelations', 'styleCues', 'uncertainties', 'genreHypotheses', 'aestheticConcepts', 'impressions', 'contextHypotheses', 'packetDiagnostics']
Running Flamingo forensic listening...
[Music Flamingo] input tokens=1001; generation budget=400
[Music Flamingo] FORENSIC RESPONSE (40.5s)
1. The track is built around a prominent, repetitive synth loop that sounds like a sampled or looped source, serving as the main melodic and rhythmic foundation. The drum pattern is also loop‑based, with a steady four‑on‑the‑floor kick, snappy snare, and crisp hi‑hats that repeat throughout. The bassline is a simple, driving synth bass that follows the same loop, reinforcing the groove. The overall production style is modern and polished, with clean mixing, wide stereo imaging, and subtle side‑chain compression that gives the loop a pulsing feel. No distinct vocal or melodic samples are evident, so the loop itself is the primary source material.
2. No vocals are present in the track. The focus is entirely on instrumental elements and the looping synth motif.
3. The main synth loop and drum pattern repeat identically for the duration of the track, creating a continuous, hypnotic groove. This repetition is a key structural element, driving the track’s dance‑floor energy.
4. The loop is processed with side‑chain compression, giving it a pumping effect that syncs with the kick drum. The synth bass is filtered and slightly saturated, adding warmth and presence. The overall mix is bright and clean, with a wide stereo field that places the synth elements across the spectrum while keeping the drums centered and punchy.
5. The recording and production character of the loop suggest a modern electronic dance music aesthetic, likely from the late 2010s to early 2020s, where polished synth textures and tight, club‑ready mixing are common. The loop’s timbre and processing align with contemporary EDM production trends, emphasizing clarity, impact, and a danceable groove.
[Music Flamingo] FORENSIC ANSWERS [{"key": "sampled", "answer": "unsure", "cue": "The track is built around a prominent, repetitive synth loop that sounds like a sampled or looped source, serving as the main melodic and rhythmic foundation."}, {"key": "vocals", "answer": "no", "cue": "vocals are present in the track. The focus is entirely on instrumental elements and the looping synth motif."}, {"key": "loop", "answer": "unsure", "cue": "The main synth loop and drum pattern repeat identically for the duration of the track, creating a continuous, hypnotic groove. This repetition is a key"}, {"key": "processing", "answer": "unsure", "cue": "The loop is processed with side‑chain compression, giving it a pumping effect that syncs with the kick drum. The synth bass is filtered and slightly saturated"}, {"key": "sourcePeriod", "answer": "unsure", "cue": "The recording and production character of the loop suggest a modern electronic dance music aesthetic, likely from the late 2010s to early 2020s, where polished"}]
Running Flamingo structured deep-listening inference...
[Music Flamingo] input tokens=1980; generation budget=1024

[Music Flamingo] RAW MODEL RESPONSE (max 6000 chars)
{'audibleObservations': [{'id': 1, 'text': 'electronic drum kit', 'category': 'rhythm', 'confidence': 0.9, 'reasoning': 'steady 4/4 pulse with a crisp, quantized kick and snare pattern.'}, {'id': 2, 'text': 'synth bass', 'category': 'instrumentation', 'confidence': 0.9, 'reasoning': 'deep, sustained sub‑bass that follows the root of the chord progression.'}, {'id': 3, 'text': 'synth lead', 'category': 'instrumentation', 'confidence': 0.9, 'reasoning': 'bright, arpeggiated melodic line that repeats a short motif throughout the loop.'}, {'id': 4, 'text': 'minimal harmonic movement', 'category': 'harmony', 'confidence': 0.8, 'reasoning': 'the chord changes are simple and repetitive, staying mostly on the tonic and its relative minor.'}, {'id': 5, 'text': 'steady 4/4 pulse', 'category': 'rhythm', 'confidence': 0.9, 'reasoning': 'the drum pattern emphasizes the downbeat with a consistent kick on every quarter note and a snare on the backbeat.'}], 'signatureRelations': [{'id': 1, 'text': 'drum and bass elements', 'supportRefs': [1, 2], 'confidence': 0.7, 'reasoning': 'the drum kit sound and the driving bass line are characteristic of drum and bass, though the tempo is slower than typical.'}, {'id': 2, 'text': 'synth lead and bass interplay', 'supportRefs': [3, 2], 'confidence': 0.6, 'reasoning': 'the synth lead and bass work together in a call‑and‑response fashion, with the bass providing a steady foundation and the lead adding melodic interest.'}], 'styleCues': [{'id': 1, 'text': 'electronic production', 'confidence': 0.8, 'supportRefs': [1, 2, 3]}, {'id': 2, 'text': 'minimalist arrangement', 'confidence': 0.7, 'supportRefs': [4, 5]}], 'uncertainties': ['instrumentation ambiguity'], 'genreHypotheses': [{'label': 'drum and bass', 'confidence': 0.5, 'supportRefs': [1, 2, 3, 4, 5]}, {'label': 'ambient electronic', 'confidence': 0.3, 'supportRefs': [1, 2, 3, 4, 5]}], 'aestheticConcepts': [{'text': 'hypnotic', 'confidence': 0.6, 'supportRefs': [1, 2, 3, 4, 5]}, {'text': 'minimalist', 'confidence': 0.5, 'supportRefs': [4, 5]}], 'impressions': [{'text': 'calm yet driving', 'confidence': 0.7, 'supportRefs': [1, 2, 3, 4, 5]}, {'text': 'steady, meditative', 'confidence': 0.6, 'supportRefs': [1, 2, 3, 4, 5]}], 'contextHypotheses': [{'text': 'contemporary electronic', 'category': 'scene', 'confidence': 0.8, 'supportRefs': [1, 2, 3, 4, 5]}, {'text': 'late‑2010s ambient‑drum‑and‑bass crossover', 'category': 'era', 'confidence': 0.4, 'supportRefs': [1, 2, 3, 4, 5]}]}
[Music Flamingo] SANITIZED PACKET SENT TO MUSIC SHOWER (max 6000 chars)
{
  "audibleObservations": [
    {
      "text": "electronic drum kit",
      "category": "rhythm",
      "confidence": 0.9,
      "reasoningHints": "steady 4/4 pulse with a crisp quantized kick and snare pattern.",
      "id": "1"
    },
    {
      "text": "synth bass",
      "category": "instrumentation",
      "confidence": 0.9,
      "reasoningHints": "deep sustained sub‑bass that follows the root of the chord progression.",
      "id": "2"
    },
    {
      "text": "minimal harmonic movement",
      "category": "arrangement",
      "confidence": 0.8,
      "reasoningHints": "the chord changes are simple and repetitive staying mostly on the tonic",
      "sourceCategory": "harmony",
      "id": "4"
    },
    {
      "text": "synth lead",
      "category": "instrumentation",
      "confidence": 0.9,
      "reasoningHints": "bright arpeggiated melodic line that repeats a short motif throughout",
      "id": "3"
    },
    {
      "text": "steady 4/4 pulse",
      "category": "rhythm",
      "confidence": 0.9,
      "reasoningHints": "the drum pattern emphasizes the downbeat with a consistent kick on every",
      "id": "5"
    }
  ],
  "signatureRelations": [
    {
      "text": "drum and bass elements",
      "confidence": 0.7,
      "reasoningHints": "the drum kit sound and the driving bass line are characteristic of drum",
      "supportRefs": [
        "1",
        "2"
      ],
      "id": "1"
    },
    {
      "text": "synth lead and bass interplay",
      "confidence": 0.6,
      "reasoningHints": "the synth lead and bass work together in a call‑and‑response fashion",
      "supportRefs": [
        "3",
        "2"
      ],
      "id": "2"
    }
  ],
  "styleCues": [
    {
      "text": "electronic production",
      "confidence": 0.8,
      "reasoningHints": "",
      "supportRefs": [
        "1",
        "2",
        "3"
      ],
      "id": "1"
    },
    {
      "text": "minimalist arrangement",
      "confidence": 0.7,
      "reasoningHints": "",
      "supportRefs": [
        "4",
        "5"
      ],
      "id": "2"
    }
  ],
  "uncertainties": [
    "instrumentation ambiguity"
  ],
  "genreHypotheses": [
    {
      "label": "drum and bass",
      "confidence": 0.5,
      "reasoningHints": "",
      "supportRefs": [
        "1",
        "2",
        "3",
        "4",
        "5"
      ],
      "id": "g1"
    },
    {
      "label": "ambient electronic",
      "confidence": 0.3,
      "reasoningHints": "",
      "supportRefs": [
        "1",
        "2",
        "3",
        "4",
        "5"
      ],
      "id": "g2"
    }
  ],
  "aestheticConcepts": [
    {
      "text": "hypnotic",
      "confidence": 0.6,
      "reasoningHints": "",
      "supportRefs": [
        "1",
        "2",
        "3",
        "4",
        "5"
      ]
    },
    {
      "text": "minimalist",
      "confidence": 0.5,
      "reasoningHints": "",
      "supportRefs": [
        "4",
        "5"
      ]
    }
  ],
  "impressions": [
    {
      "text": "calm yet driving",
      "confidence": 0.7,
      "reasoningHints": "",
      "supportRefs": [
        "1",
        "2",
        "3",
        "4",
        "5"
      ]
    },
    {
      "text": "steady meditative",
      "confidence": 0.6,
      "reasoningHints": "",
      "supportRefs": [
        "1",
        "2",
        "3",
        "4",
        "5"
      ]
    }
  ],
  "contextHypotheses": [
    {
      "text": "contemporary electronic",
      "category": "scene",
      "confidence": 0.8,
      "reasoningHints": "",
      "supportRefs": [
        "1",
        "2",
        "3",
        "4",
        "5"
      ]
    },
    {
      "text": "late‑2010s ambient‑drum‑and‑bass crossover",
      "category": "era",
      "confidence": 0.4,
      "reasoningHints": "",
      "supportRefs": [
        "1",
        "2",
        "3",
        "4",
        "5"
      ]
    }
  ],
  "packetDiagnostics": {
    "rawItemCount": 17,
    "acceptedConceptCount": 17,
    "duplicateOrRejectedCount": 0,
    "quarantinedCount": 0,
    "fieldCounts": {
      "audibleObservations": 5,
      "signatureRelations": 2,
      "styleCues": 2,
      "genreHypotheses": 2,
      "contextHypotheses": 2,
      "aestheticConcepts": 2,
      "impressions": 2
    }
  }
}
[Music Flamingo] END PACKET

Inference complete in 91.3s. Packet parsed: ['audibleObservations', 'signatureRelations', 'styleCues', 'uncertainties', 'genreHypotheses', 'aestheticConcepts', 'impressions', 'contextHypotheses', 'packetDiagnostics']
Running Flamingo forensic listening...
[Music Flamingo] input tokens=1001; generation budget=400
[Music Flamingo] FORENSIC RESPONSE (22.2s)
1. Yes, the track is built around a prominent, repetitive synth loop that sounds like a sample or loop, with a clear, bright timbre and a slightly lo‑fi character. The main groove is also loop‑based, using a simple, driving bassline and a four‑on‑the‑floor kick that repeats throughout.
2. No, there are no vocals in this track.
3. Yes, the main synth loop and the bassline repeat identically as a loop, forming the core of the track’s structure.
4. The production is heavily compressed and side‑chained, giving the kick and bass a pumping feel. The overall sound is bright, with a slight lo‑fi texture that suggests a retro or early‑digital aesthetic, while the rest of the mix is polished and modern.
5. The source material for the loop appears to be from an older, lo‑fi sample, giving the track a nostalgic feel, while the surrounding production is contemporary.
[Music Flamingo] FORENSIC ANSWERS [{"key": "sampled", "answer": "yes", "cue": "the track is built around a prominent, repetitive synth loop that sounds like a sample or loop, with a clear, bright timbre and a slightly lo‑fi character. The"}, {"key": "vocals", "answer": "no", "cue": "there are no vocals in this track."}, {"key": "loop", "answer": "yes", "cue": "the main synth loop and the bassline repeat identically as a loop, forming the core of the track’s structure."}, {"key": "processing", "answer": "unsure", "cue": "The production is heavily compressed and side‑chained, giving the kick and bass a pumping feel. The overall sound is bright, with a slight lo‑fi texture that"}, {"key": "sourcePeriod", "answer": "unsure", "cue": "The source material for the loop appears to be from an older, lo‑fi sample, giving the track a nostalgic feel, while the surrounding production is contemporary."}]
Running Flamingo structured deep-listening inference...
[Music Flamingo] input tokens=1981; generation budget=1024

[Music Flamingo] RAW MODEL RESPONSE (max 6000 chars)
{'audibleObservations': [{'id': 1, 'text': 'fast, driving electronic drum pattern', 'category': 'rhythm', 'confidence': 0.95, 'reasoning': 'steady 4/4 pulse with a strong kick on every beat and a crisp snare on the backbeat, typical of high‑energy electronic dance music.'}, {'id': 2, 'text': 'bright, arpeggiated synth lead', 'category': 'instrumentation', 'confidence': 0.95, 'reasoning': 'a high‑frequency, rapidly repeating melodic line that cuts through the mix, characteristic of synth‑pop or EDM.'}, {'id': 3, 'text': 'deep, resonant synth bass', 'category': 'instrumentation', 'confidence': 0.95, 'reasoning': 'a low‑end, sustained synth tone that underpins the harmony and drives the groove.'}, {'id': 4, 'text': 'layered electronic percussion', 'category': 'instrumentation', 'confidence': 0.95, 'reasoning': 'additional percussive elements such as hi‑hats, claps, and shakers are stacked to create a dense rhythmic texture.'}, {'id': 5, 'text': 'wide stereo imaging', 'category': 'production', 'confidence': 0.95, 'reasoning': 'the mix places the synth lead and bass on opposite sides of the stereo field, giving a spacious, club‑ready feel.'}, {'id': 6, 'text': 'clean, polished mastering', 'category': 'production', 'confidence': 0.95, 'reasoning': 'the overall sound is bright, with tight low‑end control and a glossy high‑frequency sheen, typical of modern electronic releases.'}], 'signatureRelations': [{'id': 1, 'text': 'drum pattern and synth lead interact', 'category': 'rhythm', 'confidence': 0.95, 'reasoning': 'the drum pattern provides a steady pulse while the synth lead plays syncopated arpeggios that accent the off‑beats.'}, {'id': 2, 'text': 'bass and drum lock in a tight groove', 'category': 'rhythm', 'confidence': 0.95, 'reasoning': 'the deep bass follows the kick drum, reinforcing the low‑frequency drive and creating a solid foundation for the track.'}, {'id': 3, 'text': 'percussion layers add rhythmic complexity', 'category': 'rhythm', 'confidence': 0.95, 'reasoning': 'additional percussive elements such as hi‑hats and claps fill the spaces between the main kick/snare, enhancing the groove.'}], 'styleCues': [{'id': 1, 'text': 'electronic drum machine sound', 'category': 'production', 'confidence': 0.95, 'reasoning': 'the drum sounds are synthetic, with a tight, quantized feel that suggests a programmed drum machine.'}, {'id': 2, 'text': 'synth arpeggiation', 'category': 'instrumentation', 'confidence': 0.95, 'reasoning': 'the rapid, repeating arpeggiated synth line is a hallmark of synth‑pop and EDM styles.'}, {'id': 3, 'text': 'deep synth bass', 'category': 'instrumentation', 'confidence': 0.95, 'reasoning': 'the low‑frequency synth bass is a common element in dance‑floor oriented electronic music.'}, {'id': 4, 'text': 'wide stereo spread', 'category': 'production', 'confidence': 0.95, 'reasoning': 'the mix uses stereo widening on the synth lead and bass, creating an immersive listening experience.'}], 'uncertainties': ['instrumentation ambiguity', 'genre ambiguity'], 'genreHypotheses': [{'label': 'electronic dance music', 'confidence': 0.95, 'supportRefs': [1, 2, 3, 4, 5, 6], 'reasoning': 'the combination of a driving electronic drum pattern, bright arpeggiated synth lead, deep synth bass, and polished production strongly points to a style within the broad EDM umbrella.'}, {'label': 'synth‑pop', 'confidence': 0.8, 'supportRefs': [2, 3, 5, 6], 'reasoning': 'the presence of a melodic synth lead and a clean, polished mix aligns with synth‑pop aesthetics, which often blend electronic dance rhythms with pop‑song structures.'}], 'aestheticConcepts': [{'text': 'energetic, club‑ready', 'confidence': 0.95, 'supportRefs':
[Music Flamingo] SANITIZED PACKET SENT TO MUSIC SHOWER (max 6000 chars)
{
  "audibleObservations": [
    {
      "text": "fast driving electronic drum pattern",
      "category": "rhythm",
      "confidence": 0.95,
      "reasoningHints": "steady 4/4 pulse with a strong kick on every beat and a crisp snare on",
      "id": "1"
    },
    {
      "text": "bright arpeggiated synth lead",
      "category": "instrumentation",
      "confidence": 0.95,
      "reasoningHints": "a high‑frequency rapidly repeating melodic line that cuts through the",
      "id": "2"
    },
    {
      "text": "wide stereo imaging",
      "category": "production",
      "confidence": 0.95,
      "reasoningHints": "the mix places the synth lead and bass on opposite sides of the stereo",
      "id": "5"
    },
    {
      "text": "deep resonant synth bass",
      "category": "instrumentation",
      "confidence": 0.95,
      "reasoningHints": "a low‑end sustained synth tone that underpins the harmony and drives the",
      "id": "3"
    },
    {
      "text": "clean polished mastering",
      "category": "production",
      "confidence": 0.95,
      "reasoningHints": "the overall sound is bright with tight low‑end control and a glossy",
      "id": "6"
    },
    {
      "text": "layered electronic percussion",
      "category": "instrumentation",
      "confidence": 0.95,
      "reasoningHints": "additional percussive elements such as hi‑hats claps and shakers are",
      "id": "4"
    }
  ],
  "signatureRelations": [
    {
      "text": "drum pattern and synth lead interact",
      "confidence": 0.95,
      "reasoningHints": "the drum pattern provides a steady pulse while the synth lead plays",
      "supportRefs": [],
      "id": "1"
    },
    {
      "text": "bass and drum lock in a tight groove",
      "confidence": 0.95,
      "reasoningHints": "the deep bass follows the kick drum reinforcing the low‑frequency drive",
      "supportRefs": [],
      "id": "2"
    },
    {
      "text": "percussion layers add rhythmic complexity",
      "confidence": 0.95,
      "reasoningHints": "additional percussive elements such as hi‑hats and claps fill the spaces",
      "supportRefs": [],
      "id": "3"
    }
  ],
  "styleCues": [
    {
      "text": "electronic drum machine sound",
      "confidence": 0.95,
      "reasoningHints": "the drum sounds are synthetic with a tight quantized feel that suggests",
      "supportRefs": [],
      "id": "1"
    },
    {
      "text": "synth arpeggiation",
      "confidence": 0.95,
      "reasoningHints": "the rapid repeating arpeggiated synth line is a hallmark of synth‑pop",
      "supportRefs": [],
      "id": "2"
    },
    {
      "text": "deep synth bass",
      "confidence": 0.95,
      "reasoningHints": "the low‑frequency synth bass is a common element in dance‑floor oriented",
      "supportRefs": [],
      "id": "3"
    },
    {
      "text": "wide stereo spread",
      "confidence": 0.95,
      "reasoningHints": "the mix uses stereo widening on the synth lead and bass creating an",
      "supportRefs": [],
      "id": "4"
    }
  ],
  "uncertainties": [
    "instrumentation ambiguity",
    "genre ambiguity"
  ],
  "genreHypotheses": [
    {
      "label": "electronic dance music",
      "confidence": 0.95,
      "reasoningHints": "the combination of a driving electronic drum pattern bright arpeggiated",
      "supportRefs": [
        "1",
        "2",
        "3",
        "4",
        "5",
        "6"
      ],
      "id": "g1"
    },
    {
      "label": "synth‑pop",
      "confidence": 0.8,
      "reasoningHints": "the presence of a melodic synth lead and a clean polished mix aligns",
      "supportRefs": [
        "2",
        "3",
        "5",
        "6"
      ],
      "id": "g2"
    }
  ],
  "aestheticConcepts": [
    {
      "text": "energetic club‑ready",
      "confidence": 0.62,
      "reasoningHints": "",
      "supportRefs": []
    }
  ],
  "impressions": [],
  "contextHypotheses": [],
  "packetDiagnostics": {
    "rawItemCount": 16,
    "acceptedConceptCount": 16,
    "duplicateOrRejectedCount": 0,
    "quarantinedCount": 0,
    "fieldCounts": {
      "audibleObservations": 6,
      "signatureRelations": 3,
      "styleCues": 4,
      "genreHypotheses": 2,
      "contextHypotheses": 0,
      "aestheticConcepts": 1,
      "impressions": 0
    }
  }
}
[Music Flamingo] END PACKET

Inference complete in 119.1s. Packet parsed: ['audibleObservations', 'signatureRelations', 'styleCues', 'uncertainties', 'genreHypotheses', 'aestheticConcepts', 'impressions', 'contextHypotheses', 'packetDiagnostics']
Running Flamingo forensic listening...
[Music Flamingo] input tokens=1001; generation budget=400
[Music Flamingo] FORENSIC RESPONSE (20.9s)
1. Yes, the track is built around a prominent, repetitive vocal sample that is clearly taken from a pre-existing recording. The sample is looped throughout the piece, forming the core melodic and rhythmic hook.
2. No, there are no original vocals. The only vocal element is the sampled phrase, which is not pitch-shifted, time-stretched, chopped, or filtered beyond the natural processing of the sample itself.
3. The main loop and vocal sample repeat identically as a loop, with the same phrase looping continuously from the start of the track.
4. The production is heavily compressed and sidechain‑ducked, giving the loop a pumping feel that is typical of modern electronic dance music.
5. The source material of the vocal sample appears to be from an older recording, as the timbre and processing suggest a vintage or lo‑fi character, while the surrounding production is contemporary.
[Music Flamingo] FORENSIC ANSWERS [{"key": "sampled", "answer": "yes", "cue": "the track is built around a prominent, repetitive vocal sample that is clearly taken from a pre-existing recording. The sample is looped throughout the piece"}, {"key": "vocals", "answer": "no", "cue": "there are no original vocals. The only vocal element is the sampled phrase, which is not pitch-shifted, time-stretched, chopped, or filtered beyond the natural"}, {"key": "loop", "answer": "unsure", "cue": "The main loop and vocal sample repeat identically as a loop, with the same phrase looping continuously from the start of the track."}, {"key": "processing", "answer": "unsure", "cue": "The production is heavily compressed and sidechain‑ducked, giving the loop a pumping feel that is typical of modern electronic dance music."}, {"key": "sourcePeriod", "answer": "unsure", "cue": "The source material of the vocal sample appears to be from an older recording, as the timbre and processing suggest a vintage or lo‑fi character, while the"}]
Running Flamingo structured deep-listening inference...
[Music Flamingo] input tokens=1981; generation budget=1024
Inference cancelled: superseded during generation
Client already disconnected; 409 not delivered.
Running Flamingo structured deep-listening inference (first impression)...
[Music Flamingo] input tokens=762; generation budget=256

[Music Flamingo] RAW MODEL RESPONSE (max 6000 chars)
{'audibleObservations': [{'id': 1, 'text': 'fast electronic rhythm', 'category': 'rhythm', 'confidence': 0.95}, {'id': 2, 'text': 'bright synth lead', 'category': 'instrumentation', 'confidence': 0.95}, {'id': 3, 'text': 'compressed loud mix', 'category': 'production', 'confidence': 0.95}], 'signatureRelations': [{'id': 1, 'text': 'synth lead drives the groove', 'supportRefs': [1, 2], 'confidence': 0.85}, {'id': 2, 'text': 'compressed mix emphasizes the beat', 'supportRefs': [1, 3], 'confidence': 0.85}], 'uncertainties': ['no clear genre label', 'no vocal presence'], 'genreHypotheses': [{'label': 'electronic dance', 'confidence': 0.3}, {'label': 'synthwave', 'confidence': 0.2}], 'aestheticConcepts': ['energetic', 'bright'], 'impressions': ['driving', 'compressed']}
[Music Flamingo] SANITIZED PACKET SENT TO MUSIC SHOWER (max 6000 chars)
{
  "audibleObservations": [
    {
      "text": "fast electronic rhythm",
      "category": "rhythm",
      "confidence": 0.95,
      "reasoningHints": "",
      "id": "1"
    },
    {
      "text": "bright synth lead",
      "category": "instrumentation",
      "confidence": 0.95,
      "reasoningHints": "",
      "id": "2"
    },
    {
      "text": "compressed loud mix",
      "category": "production",
      "confidence": 0.95,
      "reasoningHints": "",
      "id": "3"
    }
  ],
  "signatureRelations": [
    {
      "text": "synth lead drives the groove",
      "confidence": 0.85,
      "reasoningHints": "",
      "supportRefs": [
        "1",
        "2"
      ],
      "id": "1"
    },
    {
      "text": "compressed mix emphasizes the beat",
      "confidence": 0.85,
      "reasoningHints": "",
      "supportRefs": [
        "1",
        "3"
      ],
      "id": "2"
    }
  ],
  "styleCues": [],
  "uncertainties": [
    "no clear genre label",
    "no vocal presence"
  ],
  "genreHypotheses": [
    {
      "label": "electronic dance",
      "confidence": 0.3,
      "reasoningHints": "",
      "supportRefs": [],
      "id": "g1",
      "provisional": true
    },
    {
      "label": "synthwave",
      "confidence": 0.2,
      "reasoningHints": "",
      "supportRefs": [],
      "id": "g2",
      "provisional": true
    }
  ],
  "aestheticConcepts": [
    {
      "text": "energetic",
      "confidence": 0.62,
      "reasoningHints": "",
      "supportRefs": []
    },
    {
      "text": "bright",
      "confidence": 0.62,
      "reasoningHints": "",
      "supportRefs": []
    }
  ],
  "impressions": [
    {
      "text": "driving",
      "confidence": 0.6,
      "reasoningHints": "",
      "supportRefs": []
    },
    {
      "text": "compressed",
      "confidence": 0.6,
      "reasoningHints": "",
      "supportRefs": []
    }
  ],
  "contextHypotheses": [],
  "packetDiagnostics": {
    "rawItemCount": 11,
    "acceptedConceptCount": 11,
    "duplicateOrRejectedCount": 0,
    "quarantinedCount": 0,
    "fieldCounts": {
      "audibleObservations": 3,
      "signatureRelations": 2,
      "styleCues": 0,
      "genreHypotheses": 2,
      "contextHypotheses": 0,
      "aestheticConcepts": 2,
      "impressions": 2
    }
  }
}
[Music Flamingo] END PACKET

Inference complete in 42.8s. Packet parsed: ['audibleObservations', 'signatureRelations', 'styleCues', 'uncertainties', 'genreHypotheses', 'aestheticConcepts', 'impressions', 'contextHypotheses', 'packetDiagnostics']
Running Flamingo forensic listening...
[Music Flamingo] input tokens=576; generation budget=400
[Music Flamingo] FORENSIC RESPONSE (36.9s)
1. Yes, the track is built around a prominent, repetitive vocal sample that is clearly taken from a pre-existing recording. The sample is looped throughout the piece, forming the core melodic and rhythmic hook.
2. No, there are no original vocals. The only vocal element is the sampled phrase, which is not pitch-shifted, time-stretched, chopped, or filtered beyond the natural processing of the sample itself.
3. The main loop repeats identically, with the vocal sample and underlying groove cycling continuously without variation.
4. The production emphasizes a lo‑fi aesthetic: the sample is filtered to reduce high‑frequency content, and the overall mix is compressed to create a tight, punchy feel, giving the track a gritty, underground vibe.
5. The source material of the vocal sample appears to be from an older recording, likely from the late 1990s to early 2000s, while the surrounding production is contemporary, reflecting modern lo‑fi and sample‑based electronic styles.
[Music Flamingo] FORENSIC ANSWERS [{"key": "sampled", "answer": "yes", "cue": "the track is built around a prominent, repetitive vocal sample that is clearly taken from a pre-existing recording. The sample is looped throughout the piece"}, {"key": "vocals", "answer": "no", "cue": "there are no original vocals. The only vocal element is the sampled phrase, which is not pitch-shifted, time-stretched, chopped, or filtered beyond the natural"}, {"key": "loop", "answer": "unsure", "cue": "The main loop repeats identically, with the vocal sample and underlying groove cycling continuously without variation."}, {"key": "processing", "answer": "unsure", "cue": "The production emphasizes a lo‑fi aesthetic: the sample is filtered to reduce high‑frequency content, and the overall mix is compressed to create a tight"}, {"key": "sourcePeriod", "answer": "unsure", "cue": "The source material of the vocal sample appears to be from an older recording, likely from the late 1990s to early 2000s, while the surrounding production is"}]
Running Flamingo structured deep-listening inference...
[Music Flamingo] input tokens=1980; generation budget=1024

[Music Flamingo] RAW MODEL RESPONSE (max 6000 chars)
{'audibleObservations': [{'id': 1, 'text': 'steady 4/4 pulse', 'category': 'rhythm', 'confidence': 0.95, 'reasoning': 'clear four-beat pattern with consistent subdivision.'}, {'id': 2, 'text': 'synth bass with sidechain', 'category': 'instrumentation', 'confidence': 0.85, 'reasoning': 'low‑end synth bass that ducks under the kick drum.'}, {'id': 3, 'text': 'bright synth lead', 'category': 'instrumentation', 'confidence': 0.9, 'reasoning': 'melodic synth line with a sharp, digital timbre.'}, {'id': 4, 'text': 'drum machine pattern', 'category': 'instrumentation', 'confidence': 0.9, 'reasoning': 'programmed kick, snare, and hi‑hat with tight envelope.'}, {'id': 5, 'text': 'reverb‑treated vocals', 'category': 'vocal performance', 'confidence': 0.8, 'reasoning': 'female voice with noticeable reverb and delay, giving a spacious feel.'}], 'signatureRelations': [{'id': 1, 'text': 'bass and kick lock in sync', 'supportRefs': [1, 2], 'confidence': 0.8, 'reasoning': 'the bass and kick drum are tightly side‑chained, creating a pulsing groove.'}, {'id': 2, 'text': 'lead synth follows vocal melody', 'supportRefs': [3, 5], 'confidence': 0.7, 'reasoning': 'the synth lead mirrors the vocal phrasing, reinforcing the melodic hook.'}], 'styleCues': [{'id': 1, 'text': 'digital drum machine', 'confidence': 0.8, 'supportRefs': [4]}, {'id': 2, 'text': 'synth bass with sidechain', 'confidence': 0.7, 'supportRefs': [2]}, {'id': 3, 'text': 'bright digital synth timbre', 'confidence': 0.6, 'supportRefs': [3]}, {'id': 4, 'text': 'reverb‑heavy vocal', 'confidence': 0.5, 'supportRefs': [5]}], 'uncertainties': ['instrumentation ambiguity'], 'genreHypotheses': [{'label': 'electronic dance music', 'confidence': 0.7, 'supportRefs': [1, 2, 3, 4, 5]}, {'label': 'synth‑pop', 'confidence': 0.5, 'supportRefs': [1, 3, 5]}], 'aestheticConcepts': [{'text': 'energetic and uplifting', 'confidence': 0.8, 'supportRefs': [1, 3, 5]}, {'text': 'modern digital production', 'confidence': 0.6, 'supportRefs': [2, 4, 5]}], 'impressions': [{'text': 'bright and forward‑moving', 'confidence': 0.7, 'supportRefs': [3, 5]}, {'text': 'slightly melancholic undertone', 'confidence': 0.4, 'supportRefs': [5]}], 'contextHypotheses': [{'text': 'contemporary club setting', 'confidence': 0.6, 'supportRefs': [1, 2, 3, 4, 5]}, {'text': 'late‑2010s electronic pop', 'confidence': 0.5, 'supportRefs': [1, 3, 5]}]}
[Music Flamingo] SANITIZED PACKET SENT TO MUSIC SHOWER (max 6000 chars)
{
  "audibleObservations": [
    {
      "text": "steady 4/4 pulse",
      "category": "rhythm",
      "confidence": 0.95,
      "reasoningHints": "clear four-beat pattern with consistent subdivision.",
      "id": "1"
    },
    {
      "text": "synth bass with sidechain",
      "category": "instrumentation",
      "confidence": 0.85,
      "reasoningHints": "low‑end synth bass that ducks under the kick drum.",
      "id": "2"
    },
    {
      "text": "reverb‑treated vocals",
      "category": "performance",
      "confidence": 0.8,
      "reasoningHints": "female voice with noticeable reverb and delay giving a spacious feel.",
      "sourceCategory": "vocal performance",
      "id": "5"
    },
    {
      "text": "bright synth lead",
      "category": "instrumentation",
      "confidence": 0.9,
      "reasoningHints": "melodic synth line with a sharp digital timbre.",
      "id": "3"
    },
    {
      "text": "drum machine pattern",
      "category": "instrumentation",
      "confidence": 0.9,
      "reasoningHints": "programmed kick snare and hi‑hat with tight envelope.",
      "id": "4"
    }
  ],
  "signatureRelations": [
    {
      "text": "bass and kick lock in sync",
      "confidence": 0.8,
      "reasoningHints": "the bass and kick drum are tightly side‑chained creating a pulsing",
      "supportRefs": [
        "1",
        "2"
      ],
      "id": "1"
    },
    {
      "text": "lead synth follows vocal melody",
      "confidence": 0.7,
      "reasoningHints": "the synth lead mirrors the vocal phrasing reinforcing the melodic hook.",
      "supportRefs": [
        "3",
        "5"
      ],
      "id": "2"
    }
  ],
  "styleCues": [
    {
      "text": "digital drum machine",
      "confidence": 0.8,
      "reasoningHints": "",
      "supportRefs": [
        "4"
      ],
      "id": "1"
    },
    {
      "text": "synth bass with sidechain",
      "confidence": 0.7,
      "reasoningHints": "",
      "supportRefs": [
        "2"
      ],
      "id": "2"
    },
    {
      "text": "bright digital synth timbre",
      "confidence": 0.6,
      "reasoningHints": "",
      "supportRefs": [
        "3"
      ],
      "id": "3"
    },
    {
      "text": "reverb‑heavy vocal",
      "confidence": 0.5,
      "reasoningHints": "",
      "supportRefs": [
        "5"
      ],
      "id": "4"
    }
  ],
  "uncertainties": [
    "instrumentation ambiguity"
  ],
  "genreHypotheses": [
    {
      "label": "electronic dance music",
      "confidence": 0.7,
      "reasoningHints": "",
      "supportRefs": [
        "1",
        "2",
        "3",
        "4",
        "5"
      ],
      "id": "g1"
    },
    {
      "label": "synth‑pop",
      "confidence": 0.5,
      "reasoningHints": "",
      "supportRefs": [
        "1",
        "3",
        "5"
      ],
      "id": "g2"
    }
  ],
  "aestheticConcepts": [
    {
      "text": "energetic and uplifting",
      "confidence": 0.8,
      "reasoningHints": "",
      "supportRefs": [
        "1",
        "3",
        "5"
      ]
    },
    {
      "text": "modern digital production",
      "confidence": 0.6,
      "reasoningHints": "",
      "supportRefs": [
        "2",
        "4",
        "5"
      ]
    }
  ],
  "impressions": [
    {
      "text": "bright and forward‑moving",
      "confidence": 0.7,
      "reasoningHints": "",
      "supportRefs": [
        "3",
        "5"
      ]
    },
    {
      "text": "slightly melancholic undertone",
      "confidence": 0.4,
      "reasoningHints": "",
      "supportRefs": [
        "5"
      ]
    }
  ],
  "contextHypotheses": [
    {
      "text": "contemporary club setting",
      "category": "scene",
      "confidence": 0.6,
      "reasoningHints": "",
      "supportRefs": [
        "1",
        "2",
        "3",
        "4",
        "5"
      ]
    },
    {
      "text": "late‑2010s electronic pop",
      "category": "scene",
      "confidence": 0.5,
      "reasoningHints": "",
      "supportRefs": [
        "1",
        "3",
        "5"
      ]
    }
  ],
  "packetDiagnostics": {
    "rawItemCount": 19,
    "acceptedConceptCount": 19,
    "duplicateOrRejectedCount": 0,
    "quarantinedCount": 0,
    "fieldCounts": {
      "audibleObservations": 5,
      "signatureRelations": 2,
      "styleCues": 4,
      "genreHypotheses": 2,
      "contextHypotheses": 2,
      "aestheticConcepts": 2,
      "impressions": 2
    }
  }
}
[Music Flamingo] END PACKET

Inference complete in 124.0s. Packet parsed: ['audibleObservations', 'signatureRelations', 'styleCues', 'uncertainties', 'genreHypotheses', 'aestheticConcepts', 'impressions', 'contextHypotheses', 'packetDiagnostics']
Running Flamingo forensic listening...
[Music Flamingo] input tokens=1001; generation budget=400
[Music Flamingo] FORENSIC RESPONSE (24.0s)
1. Yes, the main loop is taken from a pre-existing recording. The track is built around a sampled drum break and a melodic loop that sounds like it was lifted from an older source, giving it a slightly lo‑fi, vintage texture.
2. No, there are no vocals in this track.
3. The main loop repeats identically throughout the piece, forming the core groove.
4. The loop is processed with subtle filtering and mild saturation, giving it a warm, slightly degraded character.
5. The source material appears to be from the late‑1990s/early‑2000s, as indicated by the lo‑fi sampling style and the overall production aesthetic.
[Music Flamingo] FORENSIC ANSWERS [{"key": "sampled", "answer": "yes", "cue": "the main loop is taken from a pre-existing recording. The track is built around a sampled drum break and a melodic loop that sounds like it was lifted from an"}, {"key": "vocals", "answer": "no", "cue": "there are no vocals in this track."}, {"key": "loop", "answer": "unsure", "cue": "The main loop repeats identically throughout the piece, forming the core groove."}, {"key": "processing", "answer": "unsure", "cue": "The loop is processed with subtle filtering and mild saturation, giving it a warm, slightly degraded character."}, {"key": "sourcePeriod", "answer": "unsure", "cue": "The source material appears to be from the late‑1990s/early‑2000s, as indicated by the lo‑fi sampling style and the overall production aesthetic."}]
Running Flamingo structured deep-listening inference...
[Music Flamingo] input tokens=1981; generation budget=1024
Running Flamingo structured deep-listening inference (first impression)...
Inference cancelled: superseded during generation
Inference cancelled: superseded before inference
Client already disconnected; 409 not delivered.
Client already disconnected; 409 not delivered.
Running Flamingo structured deep-listening inference...
[Music Flamingo] input tokens=1981; generation budget=1024
Inference cancelled: superseded during generation
Client already disconnected; 409 not delivered.
Running Flamingo structured deep-listening inference...
[Music Flamingo] input tokens=1981; generation budget=1024
Inference cancelled: superseded during generation
Client already disconnected; 409 not delivered.
Running Flamingo structured deep-listening inference...
[Music Flamingo] input tokens=1981; generation budget=1024

[Music Flamingo] RAW MODEL RESPONSE (max 6000 chars)
{'audibleObservations': [{'id': 1, 'text': 'steady 4/4 pulse', 'category': 'rhythm', 'confidence': 0.95, 'reasoning': 'clear kick on every downbeat, snare on 2 and 4, hi-hats in 16th‑note subdivisions.'}, {'id': 2, 'text': 'synth bass with side‑chain compression', 'category': 'instrumentation', 'confidence': 0.9, 'reasoning': 'bass line follows the kick, ducking under the kick to create a pumping feel.'}, {'id': 3, 'text': 'bright synth lead melody', 'category': 'instrumentation', 'confidence': 0.9, 'reasoning': 'lead synth plays a catchy, repetitive hook that sits above the bass and drums.'}, {'id': 4, 'text': 'compressed, loud mix', 'category': 'production', 'confidence': 0.9, 'reasoning': 'overall level is high, with heavy limiting and multiband compression to keep the track punchy.'}, {'id': 5, 'text': 'repetitive chord progression', 'category': 'harmony', 'confidence': 0.8, 'reasoning': 'chords repeat every 4 bars, using simple major/minor triads that loop without variation.'}], 'signatureRelations': [{'id': 1, 'text': 'kick and bass lock in syncopated pattern', 'supportRefs': [1, 2], 'confidence': 0.8, 'reasoning': 'kick hits on downbeats while bass notes land on off‑beats, creating a driving groove.'}, {'id': 2, 'text': 'lead synth and vocal samples interact rhythmically', 'supportRefs': [3, 4], 'confidence': 0.7, 'reasoning': 'lead melody and vocal chops are rhythmically aligned, reinforcing the pulse.'}], 'styleCues': [{'id': 1, 'text': 'electronic drum kit', 'confidence': 0.8, 'supportRefs': [1]}, {'id': 2, 'text': 'synth bass with side‑chain', 'confidence': 0.8, 'supportRefs': [2]}, {'id': 3, 'text': 'bright, digital lead synth', 'confidence': 0.7, 'supportRefs': [3]}, {'id': 4, 'text': 'compressed, loud mix', 'confidence': 0.6, 'supportRefs': [4]}], 'uncertainties': ['instrumentation ambiguity', 'genre label not fully confirmed'], 'genreHypotheses': [{'label': 'electronic dance music', 'confidence': 0.8, 'supportRefs': [1, 2, 3, 4]}, {'label': 'house', 'confidence': 0.6, 'supportRefs': [1, 2, 3, 4]}], 'aestheticConcepts': [{'text': 'energetic, club‑ready', 'confidence': 0.8, 'supportRefs': [1, 2, 3, 4]}, {'text': 'bright, uplifting', 'confidence': 0.6, 'supportRefs': [3, 4]}], 'impressions': [{'text': 'driven, forward‑moving', 'confidence': 0.8, 'supportRefs': [1, 2, 3, 4]}, {'text': 'slightly tense, repetitive loop', 'confidence': 0.4, 'supportRefs': [4]}], 'contextHypotheses': [{'text': 'modern club environment', 'confidence': 0.7, 'supportRefs': [1, 2, 3, 4]}, {'text': 'late‑2010s EDM production style', 'confidence': 0.5, 'supportRefs': [1, 2, 3, 4]}]}
[Music Flamingo] SANITIZED PACKET SENT TO MUSIC SHOWER (max 6000 chars)
{
  "audibleObservations": [
    {
      "text": "steady 4/4 pulse",
      "category": "rhythm",
      "confidence": 0.95,
      "reasoningHints": "clear kick on every downbeat snare on 2 and 4 hi-hats in 16th‑note",
      "id": "1"
    },
    {
      "text": "synth bass with side‑chain compression",
      "category": "instrumentation",
      "confidence": 0.9,
      "reasoningHints": "bass line follows the kick ducking under the kick to create a pumping",
      "id": "2"
    },
    {
      "text": "compressed loud mix",
      "category": "production",
      "confidence": 0.9,
      "reasoningHints": "overall level is high with heavy limiting and multiband compression to",
      "id": "4"
    },
    {
      "text": "repetitive chord progression",
      "category": "arrangement",
      "confidence": 0.8,
      "reasoningHints": "chords repeat every 4 bars using simple major/minor triads that loop",
      "sourceCategory": "harmony",
      "id": "5"
    },
    {
      "text": "bright synth lead melody",
      "category": "instrumentation",
      "confidence": 0.9,
      "reasoningHints": "lead synth plays a catchy repetitive hook that sits above the bass and",
      "id": "3"
    }
  ],
  "signatureRelations": [
    {
      "text": "kick and bass lock in syncopated pattern",
      "confidence": 0.8,
      "reasoningHints": "kick hits on downbeats while bass notes land on off‑beats creating a",
      "supportRefs": [
        "1",
        "2"
      ],
      "id": "1"
    },
    {
      "text": "lead synth and vocal samples interact rhythmically",
      "confidence": 0.7,
      "reasoningHints": "lead melody and vocal chops are rhythmically aligned reinforcing the",
      "supportRefs": [
        "3",
        "4"
      ],
      "id": "2"
    }
  ],
  "styleCues": [
    {
      "text": "electronic drum kit",
      "confidence": 0.8,
      "reasoningHints": "",
      "supportRefs": [
        "1"
      ],
      "id": "1"
    },
    {
      "text": "synth bass with side‑chain",
      "confidence": 0.8,
      "reasoningHints": "",
      "supportRefs": [
        "2"
      ],
      "id": "2"
    },
    {
      "text": "bright digital lead synth",
      "confidence": 0.7,
      "reasoningHints": "",
      "supportRefs": [
        "3"
      ],
      "id": "3"
    },
    {
      "text": "compressed loud mix",
      "confidence": 0.6,
      "reasoningHints": "",
      "supportRefs": [
        "4"
      ],
      "id": "4"
    }
  ],
  "uncertainties": [
    "instrumentation ambiguity",
    "genre label not fully confirmed"
  ],
  "genreHypotheses": [
    {
      "label": "electronic dance music",
      "confidence": 0.8,
      "reasoningHints": "",
      "supportRefs": [
        "1",
        "2",
        "3",
        "4"
      ],
      "id": "g1"
    },
    {
      "label": "house",
      "confidence": 0.6,
      "reasoningHints": "",
      "supportRefs": [
        "1",
        "2",
        "3",
        "4"
      ],
      "id": "g2"
    }
  ],
  "aestheticConcepts": [
    {
      "text": "energetic club‑ready",
      "confidence": 0.8,
      "reasoningHints": "",
      "supportRefs": [
        "1",
        "2",
        "3",
        "4"
      ]
    },
    {
      "text": "bright uplifting",
      "confidence": 0.6,
      "reasoningHints": "",
      "supportRefs": [
        "3",
        "4"
      ]
    }
  ],
  "impressions": [
    {
      "text": "driven forward‑moving",
      "confidence": 0.8,
      "reasoningHints": "",
      "supportRefs": [
        "1",
        "2",
        "3",
        "4"
      ]
    },
    {
      "text": "slightly tense repetitive loop",
      "confidence": 0.4,
      "reasoningHints": "",
      "supportRefs": [
        "4"
      ]
    }
  ],
  "contextHypotheses": [
    {
      "text": "modern club environment",
      "category": "scene",
      "confidence": 0.7,
      "reasoningHints": "",
      "supportRefs": [
        "1",
        "2",
        "3",
        "4"
      ]
    },
    {
      "text": "late‑2010s EDM production style",
      "category": "scene",
      "confidence": 0.5,
      "reasoningHints": "",
      "supportRefs": [
        "1",
        "2",
        "3",
        "4"
      ]
    }
  ],
  "packetDiagnostics": {
    "rawItemCount": 19,
    "acceptedConceptCount": 19,
    "duplicateOrRejectedCount": 0,
    "quarantinedCount": 0,
    "fieldCounts": {
      "audibleObservations": 5,
      "signatureRelations": 2,
      "styleCues": 4,
      "genreHypotheses": 2,
      "contextHypotheses": 2,
      "aestheticConcepts": 2,
      "impressions": 2
    }
  }
}
[Music Flamingo] END PACKET

Inference complete in 174.7s. Packet parsed: ['audibleObservations', 'signatureRelations', 'styleCues', 'uncertainties', 'genreHypotheses', 'aestheticConcepts', 'impressions', 'contextHypotheses', 'packetDiagnostics']
Running Flamingo forensic listening...
[Music Flamingo] input tokens=1001; generation budget=400
[Music Flamingo] FORENSIC RESPONSE (22.1s)
1. Yes, the track is built around a prominent sampled loop that is repeated throughout, serving as the main groove. The loop is clearly taken from a pre-existing source and is looped without variation.
2. No, there are no vocals in this track.
3. Yes, the main loop repeats identically as a loop, forming the backbone of the arrangement.
4. The production is clean and high‑fidelity, with a wide stereo image and consistent volume levels, suggesting a modern, polished mixing approach rather than heavy distortion or lo‑fi processing.
5. The source material of the sampled loop appears to be from an older recording, as indicated by its lo‑fi texture and the way it is treated in the mix, while the surrounding elements are clearly contemporary.
[Music Flamingo] FORENSIC ANSWERS [{"key": "sampled", "answer": "yes", "cue": "the track is built around a prominent sampled loop that is repeated throughout, serving as the main groove. The loop is clearly taken from a pre-existing source"}, {"key": "vocals", "answer": "no", "cue": "there are no vocals in this track."}, {"key": "loop", "answer": "yes", "cue": "the main loop repeats identically as a loop, forming the backbone of the arrangement."}, {"key": "processing", "answer": "unsure", "cue": "The production is clean and high‑fidelity, with a wide stereo image and consistent volume levels, suggesting a modern, polished mixing approach rather than"}, {"key": "sourcePeriod", "answer": "unsure", "cue": "The source material of the sampled loop appears to be from an older recording, as indicated by its lo‑fi texture and the way it is treated in the mix, while the"}]
Running Flamingo structured deep-listening inference (first impression)...
[Music Flamingo] input tokens=762; generation budget=256

[Music Flamingo] RAW MODEL RESPONSE (max 6000 chars)
{'audibleObservations': [{'id': 1, 'text': 'instrumental music', 'category': 'instrumentation', 'confidence': 0.95}, {'id': 2, 'text': 'no vocals', 'category': 'performance', 'confidence': 0.95}, {'id': 3, 'text': 'simple chord progression', 'category': 'arrangement', 'confidence': 0.95}], 'signatureRelations': [{'id': 1, 'text': 'instrumental track', 'supportRefs': [1, 2], 'confidence': 0.95}], 'uncertainties': ['no lyrics', 'no explicit genre cues'], 'genreHypotheses': [{'label': 'instrumental', 'confidence': 0.95}, {'label': 'no genre', 'confidence': 0.95}], 'aestheticConcepts': ['minimalist', 'straightforward'], 'impressions': ['neutral', 'unembellished']
[Music Flamingo] SANITIZED PACKET SENT TO MUSIC SHOWER (max 6000 chars)
{
  "audibleObservations": [
    {
      "text": "instrumental music",
      "category": "instrumentation",
      "confidence": 0.95,
      "reasoningHints": "",
      "id": "1"
    },
    {
      "text": "no vocals",
      "category": "performance",
      "confidence": 0.95,
      "reasoningHints": "",
      "id": "2"
    },
    {
      "text": "simple chord progression",
      "category": "arrangement",
      "confidence": 0.95,
      "reasoningHints": "",
      "id": "3"
    }
  ],
  "signatureRelations": [
    {
      "text": "instrumental track",
      "confidence": 0.95,
      "reasoningHints": "",
      "supportRefs": [
        "1",
        "2"
      ],
      "id": "1"
    }
  ],
  "styleCues": [],
  "uncertainties": [
    "no lyrics",
    "no explicit genre cues"
  ],
  "genreHypotheses": [
    {
      "label": "instrumental",
      "confidence": 0.48,
      "reasoningHints": "",
      "supportRefs": [],
      "id": "g1",
      "provisional": true
    },
    {
      "label": "no genre",
      "confidence": 0.48,
      "reasoningHints": "",
      "supportRefs": [],
      "id": "g2",
      "provisional": true
    }
  ],
  "aestheticConcepts": [
    {
      "text": "minimalist",
      "confidence": 0.62,
      "reasoningHints": "",
      "supportRefs": []
    },
    {
      "text": "straightforward",
      "confidence": 0.62,
      "reasoningHints": "",
      "supportRefs": []
    }
  ],
  "impressions": [
    {
      "text": "neutral",
      "confidence": 0.6,
      "reasoningHints": "",
      "supportRefs": []
    },
    {
      "text": "unembellished",
      "confidence": 0.6,
      "reasoningHints": "",
      "supportRefs": []
    }
  ],
  "contextHypotheses": [],
  "packetDiagnostics": {
    "rawItemCount": 10,
    "acceptedConceptCount": 10,
    "duplicateOrRejectedCount": 0,
    "quarantinedCount": 0,
    "fieldCounts": {
      "audibleObservations": 3,
      "signatureRelations": 1,
      "styleCues": 0,
      "genreHypotheses": 2,
      "contextHypotheses": 0,
      "aestheticConcepts": 2,
      "impressions": 2
    }
  }
}
[Music Flamingo] END PACKET

Inference complete in 47.9s. Packet parsed: ['audibleObservations', 'signatureRelations', 'styleCues', 'uncertainties', 'genreHypotheses', 'aestheticConcepts', 'impressions', 'contextHypotheses', 'packetDiagnostics']
Running Flamingo forensic listening...
[Music Flamingo] input tokens=576; generation budget=400
[Music Flamingo] FORENSIC RESPONSE (29.2s)
1. No, the track is entirely performed or programmed for this piece; no parts are taken from a pre-existing recording.
2. No, there are no vocals.
3. No, there is no phrase or bar that repeats identically as a loop.
4. The production is clean and high‑fidelity, with no audible filtering, sidechain pumping, saturation, bit reduction, or other processing on the main loop or groove.
5. The recording and production character of the source material suggest a modern, high‑resolution recording, with no obvious period‑specific stylistic cues.
[Music Flamingo] FORENSIC ANSWERS [{"key": "sampled", "answer": "no", "cue": "the track is entirely performed or programmed for this piece; no parts are taken from a pre-existing recording."}, {"key": "vocals", "answer": "no", "cue": "there are no vocals."}, {"key": "loop", "answer": "no", "cue": "there is no phrase or bar that repeats identically as a loop."}, {"key": "processing", "answer": "unsure", "cue": "The production is clean and high‑fidelity, with no audible filtering, sidechain pumping, saturation, bit reduction, or other processing on the main loop or"}, {"key": "sourcePeriod", "answer": "unsure", "cue": "The recording and production character of the source material suggest a modern, high‑resolution recording, with no obvious period‑specific stylistic cues."}]
Running Flamingo structured deep-listening inference...
[Music Flamingo] input tokens=1980; generation budget=1024
Inference cancelled: superseded during generation
Client already disconnected; 409 not delivered.
Running Flamingo structured deep-listening inference...
[Music Flamingo] input tokens=1981; generation budget=1024
[Music Flamingo] NOTE: fewer items than the model sent: audibleObservations 21->8

[Music Flamingo] RAW MODEL RESPONSE (max 6000 chars)
{'audibleObservations': [{'id': 1, 'text': 'steady 4/4 pulse', 'category': 'rhythm', 'confidence': 0.9, 'reasoning': 'clear downbeat on each beat, regular subdivision of 4 quarter notes'}, {'id': 2, 'text': 'bright brass timbre', 'category': 'instrumentation', 'confidence': 0.9, 'reasoning': 'trumpet and trombone lead melody with clear, resonant attack and sustain'}, {'id': 3, 'text': 'simple diatonic harmony', 'category': 'harmony', 'confidence': 0.9, 'reasoning': 'major chord progressions with occasional minor chords, typical of folk or marching band music'}, {'id': 4, 'text': 'steady bass line', 'category': 'bass', 'confidence': 0.9, 'reasoning': 'clear, rhythmic bass notes on each beat, supporting the melody'}, {'id': 5, 'text': 'minimal percussion', 'category': 'percussion', 'confidence': 0.8, 'reasoning': 'light drum hits on downbeats, no complex rhythmic layer'}, {'id': 6, 'text': 'clear melodic phrasing', 'category': 'melody', 'confidence': 0.9, 'reasoning': 'trumpet and trombone play a singable, stepwise melody with occasional leaps'}, {'id': 7, 'text': 'simple chordal accompaniment', 'category': 'harmony', 'confidence': 0.8, 'reasoning': 'trombone provides harmonic support with basic triads and occasional seventh chords'}, {'id': 8, 'text': 'steady tempo', 'category': 'tempo', 'confidence': 0.9, 'reasoning': 'consistent beat rate throughout the segment, no tempo changes'}, {'id': 9, 'text': 'bright, open sound', 'category': 'production', 'confidence': 0.8, 'reasoning': 'clear, unprocessed recording with natural room ambience and balanced stereo placement'}, {'id': 10, 'text': 'no vocal presence', 'category': 'vocals', 'confidence': 1.0, 'reasoning': 'no singing or spoken parts detected'}, {'id': 11, 'text': 'instrumental ensemble', 'category': 'arrangement', 'confidence': 0.9, 'reasoning': 'trumpet, trombone, bass, and light percussion play together in a single melodic line'}, {'id': 12, 'text': 'simple diatonic progression', 'category': 'harmony', 'confidence': 0.9, 'reasoning': 'major chords dominate, with occasional minor chords that add a modest sense of tension and release'}, {'id': 13, 'text': 'steady bass rhythm', 'category': 'bass', 'confidence': 0.9, 'reasoning': 'bass notes follow the root of each chord, reinforcing the harmonic foundation'}, {'id': 14, 'text': 'light drum accentuation', 'category': 'percussion', 'confidence': 0.8, 'reasoning': 'drums emphasize the downbeat and occasional backbeat, keeping the groove grounded'}, {'id': 15, 'text': 'bright brass timbre', 'category': 'instrumentation', 'confidence': 0.9, 'reasoning': 'trumpet and trombone lead melody with clear, resonant attack and sustain'}, {'id': 16, 'text': 'simple chordal accompaniment', 'category': 'harmony', 'confidence': 0.8, 'reasoning': 'trombone provides harmonic support with basic triads and occasional seventh chords'}, {'id': 17, 'text': 'steady tempo', 'category': 'tempo', 'confidence': 0.9, 'reasoning': 'consistent beat rate throughout the segment, no tempo changes'}, {'id': 18, 'text': 'bright, open sound', 'category': 'production', 'confidence': 0.8, 'reasoning': 'clear, unprocessed recording with natural room ambience and balanced stereo placement'}, {'id': 19, 'text': 'no vocal presence', 'category': 'vocals', 'confidence': 1.0, 'reasoning': 'no singing or spoken parts detected'}, {'id': 20, 'text': 'instrumental ensemble', 'category': 'arrangement', 'confidence': 0.9, 'reasoning': 'trumpet, trombone, bass, and light percussion play together in a single melodic line'}, {'id': 21, 'text': '
[Music Flamingo] SANITIZED PACKET SENT TO MUSIC SHOWER (max 6000 chars)
{
  "audibleObservations": [
    {
      "text": "steady 4/4 pulse",
      "category": "rhythm",
      "confidence": 0.9,
      "reasoningHints": "clear downbeat on each beat regular subdivision of 4 quarter notes",
      "id": "1"
    },
    {
      "text": "bright brass timbre",
      "category": "instrumentation",
      "confidence": 0.9,
      "reasoningHints": "trumpet and trombone lead melody with clear resonant attack and sustain",
      "id": "2"
    },
    {
      "text": "simple diatonic harmony",
      "category": "arrangement",
      "confidence": 0.9,
      "reasoningHints": "major chord progressions with occasional minor chords typical of folk or",
      "sourceCategory": "harmony",
      "id": "3"
    },
    {
      "text": "steady bass line",
      "category": "instrumentation",
      "confidence": 0.9,
      "reasoningHints": "clear rhythmic bass notes on each beat supporting the melody",
      "sourceCategory": "bass",
      "id": "4"
    },
    {
      "text": "minimal percussion",
      "category": "rhythm",
      "confidence": 0.8,
      "reasoningHints": "light drum hits on downbeats no complex rhythmic layer",
      "sourceCategory": "percussion",
      "id": "5"
    },
    {
      "text": "clear melodic phrasing",
      "category": "arrangement",
      "confidence": 0.9,
      "reasoningHints": "trumpet and trombone play a singable stepwise melody with occasional",
      "sourceCategory": "melody",
      "id": "6"
    },
    {
      "text": "steady tempo",
      "category": "rhythm",
      "confidence": 0.9,
      "reasoningHints": "consistent beat rate throughout the segment no tempo changes",
      "sourceCategory": "tempo",
      "id": "8"
    },
    {
      "text": "bright open sound",
      "category": "production",
      "confidence": 0.8,
      "reasoningHints": "clear unprocessed recording with natural room ambience and balanced",
      "id": "9"
    }
  ],
  "signatureRelations": [],
  "styleCues": [],
  "uncertainties": [],
  "genreHypotheses": [],
  "aestheticConcepts": [],
  "impressions": [],
  "contextHypotheses": [],
  "packetDiagnostics": {
    "rawItemCount": 21,
    "acceptedConceptCount": 8,
    "duplicateOrRejectedCount": 13,
    "quarantinedCount": 0,
    "fieldCounts": {
      "audibleObservations": 8,
      "signatureRelations": 0,
      "styleCues": 0,
      "genreHypotheses": 0,
      "contextHypotheses": 0,
      "aestheticConcepts": 0,
      "impressions": 0
    }
  }
}
[Music Flamingo] END PACKET

Inference complete in 136.5s. Packet parsed: ['audibleObservations', 'signatureRelations', 'styleCues', 'uncertainties', 'genreHypotheses', 'aestheticConcepts', 'impressions', 'contextHypotheses', 'packetDiagnostics']
Running Flamingo forensic listening...
[Music Flamingo] input tokens=1001; generation budget=400
[Music Flamingo] FORENSIC RESPONSE (12.9s)
1. No, the track is entirely performed or programmed for this piece; no parts are taken from a pre-existing recording.
2. No, there are no vocals.
3. No, there is no phrase or bar that repeats identically as a loop.
4. The production is clean and high‑fidelity, with no audible filtering, sidechain pumping, saturation, bit reduction, or other processing on the main loop or groove.
5. The recording and production character of the source material suggest a modern, high‑resolution recording style, with no obvious period‑specific influences.
[Music Flamingo] FORENSIC ANSWERS [{"key": "sampled", "answer": "no", "cue": "the track is entirely performed or programmed for this piece; no parts are taken from a pre-existing recording."}, {"key": "vocals", "answer": "no", "cue": "there are no vocals."}, {"key": "loop", "answer": "no", "cue": "there is no phrase or bar that repeats identically as a loop."}, {"key": "processing", "answer": "unsure", "cue": "The production is clean and high‑fidelity, with no audible filtering, sidechain pumping, saturation, bit reduction, or other processing on the main loop or"}, {"key": "sourcePeriod", "answer": "unsure", "cue": "The recording and production character of the source material suggest a modern, high‑resolution recording style, with no obvious period‑specific influences."}]
Running Flamingo structured deep-listening inference...
[Music Flamingo] input tokens=1981; generation budget=1024
Inference cancelled: superseded during generation
Client already disconnected; 409 not delivered.
Running Flamingo structured deep-listening inference...
[Music Flamingo] input tokens=1981; generation budget=1024
[Music Flamingo] NOTE: fewer items than the model sent: audibleObservations 20->8

[Music Flamingo] RAW MODEL RESPONSE (max 6000 chars)
{'audibleObservations': [{'id': 1, 'text': 'steady 4/4 pulse', 'category': 'rhythm', 'confidence': 0.9, 'reasoning': 'clear downbeat on each beat, regular subdivision of 4 quarter notes'}, {'id': 2, 'text': 'bright synth lead', 'category': 'instrumentation', 'confidence': 0.8, 'reasoning': 'dominant melodic voice with a clean, high‑frequency timbre'}, {'id': 3, 'text': 'driving electronic drums', 'category': 'instrumentation', 'confidence': 0.8, 'reasoning': 'punchy kick, snappy snare, and crisp hi‑hats that lock into the pulse'}, {'id': 4, 'text': 'deep synth bass', 'category': 'instrumentation', 'confidence': 0.8, 'reasoning': 'sub‑bass layer that underpins the harmony with a steady, resonant tone'}, {'id': 5, 'text': 'repetitive chord loop', 'category': 'harmony', 'confidence': 0.7, 'reasoning': 'simple, looping progression that repeats every 4–8 bars, creating a hypnotic backdrop'}, {'id': 6, 'text': 'minimal dynamic variation', 'category': 'dynamics', 'confidence': 0.6, 'reasoning': 'volume stays relatively constant throughout the segment, with no pronounced crescendos or drops'}, {'id': 7, 'text': 'clean production', 'category': 'production', 'confidence': 0.8, 'reasoning': 'clear separation of elements, modest compression, and a balanced stereo field'}, {'id': 8, 'text': 'electronic drum kit', 'category': 'instrumentation', 'confidence': 0.7, 'reasoning': 'typical drum machine sounds with a tight, digital feel'}, {'id': 9, 'text': 'synth bass with slight side‑chain', 'category': 'instrumentation', 'confidence': 0.6, 'reasoning': 'bass ducking under the kick to enhance groove'}, {'id': 10, 'text': 'bright synth lead melody', 'category': 'instrumentation', 'confidence': 0.8, 'reasoning': 'lead synth carries the main melodic hook, often playing arpeggiated or stepwise lines'}, {'id': 11, 'text': 'looped chord progression', 'category': 'harmony', 'confidence': 0.7, 'reasoning': 'repeating four‑chord loop that cycles every 8 bars'}, {'id': 12, 'text': 'steady electronic rhythm', 'category': 'rhythm', 'confidence': 0.8, 'reasoning': 'consistent quarter‑note pulse with no syncopation or swing'}, {'id': 13, 'text': 'clean, digital mix', 'category': 'production', 'confidence': 0.7, 'reasoning': 'minimal reverb, tight EQ, and balanced levels for a polished electronic sound'}, {'id': 14, 'text': 'bright synth timbre', 'category': 'instrumentation', 'confidence': 0.8, 'reasoning': 'lead synth has a clear, high‑frequency presence that cuts through the mix'}, {'id': 15, 'text': 'driving electronic drum pattern', 'category': 'instrumentation', 'confidence': 0.8, 'reasoning': 'steady kick‑snare‑hi‑hat pattern that drives the groove'}, {'id': 16, 'text': 'deep, resonant synth bass', 'category': 'instrumentation', 'confidence': 0.7, 'reasoning': 'bass provides a solid low‑end foundation with a sustained, sub‑bass tone'}, {'id': 17, 'text': 'minimal dynamic shifts', 'category': 'dynamics', 'confidence': 0.6, 'reasoning': 'no major dynamic changes, maintaining a constant energy level'}, {'id': 18, 'text': 'clean, digital production style', 'category': 'production', 'confidence': 0.8, 'reasoning': 'clear separation of elements, modest compression, and a balanced stereo field'}, {'id': 19, 'text': 'bright synth lead melody', 'category': 'instrumentation', 'confidence': 0.8, 'reasoning': 'lead synth carries the main melodic hook, often playing arpeggiated or stepwise lines'}, {'id': 20, 'text': 'looped chord progression', 'category': 'harmony', 'confidence': 0.7, 'reasoning': 'repeating four‑ch
[Music Flamingo] SANITIZED PACKET SENT TO MUSIC SHOWER (max 6000 chars)
{
  "audibleObservations": [
    {
      "text": "steady 4/4 pulse",
      "category": "rhythm",
      "confidence": 0.9,
      "reasoningHints": "clear downbeat on each beat regular subdivision of 4 quarter notes",
      "id": "1"
    },
    {
      "text": "bright synth lead",
      "category": "instrumentation",
      "confidence": 0.8,
      "reasoningHints": "dominant melodic voice with a clean high‑frequency timbre",
      "id": "2"
    },
    {
      "text": "repetitive chord loop",
      "category": "arrangement",
      "confidence": 0.7,
      "reasoningHints": "simple looping progression that repeats every 4–8 bars creating a",
      "sourceCategory": "harmony",
      "id": "5"
    },
    {
      "text": "minimal dynamic variation",
      "category": "dynamics",
      "confidence": 0.6,
      "reasoningHints": "volume stays relatively constant throughout the segment with no",
      "id": "6"
    },
    {
      "text": "clean production",
      "category": "production",
      "confidence": 0.8,
      "reasoningHints": "clear separation of elements modest compression and a balanced stereo",
      "id": "7"
    },
    {
      "text": "driving electronic drums",
      "category": "instrumentation",
      "confidence": 0.8,
      "reasoningHints": "punchy kick snappy snare and crisp hi‑hats that lock into the pulse",
      "id": "3"
    },
    {
      "text": "looped chord progression",
      "category": "arrangement",
      "confidence": 0.7,
      "reasoningHints": "repeating four‑chord loop that cycles every 8 bars",
      "sourceCategory": "harmony",
      "id": "11"
    },
    {
      "text": "steady electronic rhythm",
      "category": "rhythm",
      "confidence": 0.8,
      "reasoningHints": "consistent quarter‑note pulse with no syncopation or swing",
      "id": "12"
    }
  ],
  "signatureRelations": [],
  "styleCues": [],
  "uncertainties": [],
  "genreHypotheses": [],
  "aestheticConcepts": [],
  "impressions": [],
  "contextHypotheses": [],
  "packetDiagnostics": {
    "rawItemCount": 20,
    "acceptedConceptCount": 8,
    "duplicateOrRejectedCount": 12,
    "quarantinedCount": 0,
    "fieldCounts": {
      "audibleObservations": 8,
      "signatureRelations": 0,
      "styleCues": 0,
      "genreHypotheses": 0,
      "contextHypotheses": 0,
      "aestheticConcepts": 0,
      "impressions": 0
    }
  }
}
[Music Flamingo] END PACKET

Inference complete in 126.4s. Packet parsed: ['audibleObservations', 'signatureRelations', 'styleCues', 'uncertainties', 'genreHypotheses', 'aestheticConcepts', 'impressions', 'contextHypotheses', 'packetDiagnostics']
Running Flamingo forensic listening...
[Music Flamingo] input tokens=1001; generation budget=400
[Music Flamingo] FORENSIC RESPONSE (13.1s)
1. The main loop is built from a sampled drum break and a sampled bass line, so it is taken from a pre-existing recording rather than performed or programmed for this track.
2. No vocals are present.
3. A short melodic phrase repeats identically as a loop throughout the track.
4. The loop is processed with filtering and sidechain compression, giving it a tight, pumping feel.
5. The sampled material suggests an older source (likely from the 1970s or 1980s), while the surrounding production is modern.
[Music Flamingo] FORENSIC ANSWERS [{"key": "sampled", "answer": "unsure", "cue": "The main loop is built from a sampled drum break and a sampled bass line, so it is taken from a pre-existing recording rather than performed or programmed for"}, {"key": "vocals", "answer": "no", "cue": "vocals are present."}, {"key": "loop", "answer": "unsure", "cue": "A short melodic phrase repeats identically as a loop throughout the track."}, {"key": "processing", "answer": "unsure", "cue": "The loop is processed with filtering and sidechain compression, giving it a tight, pumping feel."}, {"key": "sourcePeriod", "answer": "unsure", "cue": "The sampled material suggests an older source (likely from the 1970s or 1980s), while the surrounding production is modern."}]
Running Flamingo structured deep-listening inference (first impression)...
[Music Flamingo] input tokens=762; generation budget=256

[Music Flamingo] RAW MODEL RESPONSE (max 6000 chars)
{'audibleObservations': [{'id': 1, 'text': 'instrumental electronic', 'category': 'instrumentation', 'confidence': 0.95}, {'id': 2, 'text': 'fast 4/4 beat', 'category': 'rhythm', 'confidence': 0.95}, {'id': 3, 'text': 'bright synth lead', 'category': 'instrumentation', 'confidence': 0.95}], 'signatureRelations': [{'id': 1, 'text': 'beat and synth lead', 'supportRefs': [1, 2], 'confidence': 0.95}], 'uncertainties': ['no clear genre label', 'no vocal presence'], 'genreHypotheses': [{'label': 'electronic dance', 'confidence': 0.5}, {'label': 'synthwave', 'confidence': 0.3}], 'aestheticConcepts': ['energetic', 'modern'], 'impressions': ['uplifting', 'driving']}
[Music Flamingo] SANITIZED PACKET SENT TO MUSIC SHOWER (max 6000 chars)
{
  "audibleObservations": [
    {
      "text": "instrumental electronic",
      "category": "instrumentation",
      "confidence": 0.95,
      "reasoningHints": "",
      "id": "1"
    },
    {
      "text": "fast 4/4 beat",
      "category": "rhythm",
      "confidence": 0.95,
      "reasoningHints": "",
      "id": "2"
    },
    {
      "text": "bright synth lead",
      "category": "instrumentation",
      "confidence": 0.95,
      "reasoningHints": "",
      "id": "3"
    }
  ],
  "signatureRelations": [
    {
      "text": "beat and synth lead",
      "confidence": 0.95,
      "reasoningHints": "",
      "supportRefs": [
        "1",
        "2"
      ],
      "id": "1"
    }
  ],
  "styleCues": [],
  "uncertainties": [
    "no clear genre label",
    "no vocal presence"
  ],
  "genreHypotheses": [
    {
      "label": "electronic dance",
      "confidence": 0.48,
      "reasoningHints": "",
      "supportRefs": [],
      "id": "g1",
      "provisional": true
    },
    {
      "label": "synthwave",
      "confidence": 0.3,
      "reasoningHints": "",
      "supportRefs": [],
      "id": "g2",
      "provisional": true
    }
  ],
  "aestheticConcepts": [
    {
      "text": "energetic",
      "confidence": 0.62,
      "reasoningHints": "",
      "supportRefs": []
    },
    {
      "text": "modern",
      "confidence": 0.62,
      "reasoningHints": "",
      "supportRefs": []
    }
  ],
  "impressions": [
    {
      "text": "uplifting",
      "confidence": 0.6,
      "reasoningHints": "",
      "supportRefs": []
    },
    {
      "text": "driving",
      "confidence": 0.6,
      "reasoningHints": "",
      "supportRefs": []
    }
  ],
  "contextHypotheses": [],
  "packetDiagnostics": {
    "rawItemCount": 10,
    "acceptedConceptCount": 10,
    "duplicateOrRejectedCount": 0,
    "quarantinedCount": 0,
    "fieldCounts": {
      "audibleObservations": 3,
      "signatureRelations": 1,
      "styleCues": 0,
      "genreHypotheses": 2,
      "contextHypotheses": 0,
      "aestheticConcepts": 2,
      "impressions": 2
    }
  }
}
[Music Flamingo] END PACKET

Inference complete in 85.6s. Packet parsed: ['audibleObservations', 'signatureRelations', 'styleCues', 'uncertainties', 'genreHypotheses', 'aestheticConcepts', 'impressions', 'contextHypotheses', 'packetDiagnostics']
Running Flamingo forensic listening...
[Music Flamingo] input tokens=576; generation budget=400
[Music Flamingo] FORENSIC RESPONSE (36.4s)
1. Yes, the track is built around a prominent sampled loop that repeats throughout, serving as the main groove. The loop is a short, rhythmic fragment that is looped and layered with additional elements.
2. No, there are no vocals in this track.
3. Yes, the main loop repeats identically as a loop, forming the backbone of the arrangement.
4. The production is heavily processed with filtering and sidechain compression, giving the loop a pumping feel and a polished, club‑ready sound.
5. The source material appears to be from an older sample, likely from the late 1990s to early 2000s, while the surrounding production is contemporary, reflecting modern EDM mixing techniques.
[Music Flamingo] FORENSIC ANSWERS [{"key": "sampled", "answer": "yes", "cue": "the track is built around a prominent sampled loop that repeats throughout, serving as the main groove. The loop is a short, rhythmic fragment that is looped"}, {"key": "vocals", "answer": "no", "cue": "there are no vocals in this track."}, {"key": "loop", "answer": "yes", "cue": "the main loop repeats identically as a loop, forming the backbone of the arrangement."}, {"key": "processing", "answer": "unsure", "cue": "The production is heavily processed with filtering and sidechain compression, giving the loop a pumping feel and a polished, club‑ready sound."}, {"key": "sourcePeriod", "answer": "unsure", "cue": "The source material appears to be from an older sample, likely from the late 1990s to early 2000s, while the surrounding production is contemporary, reflecting"}]
Running Flamingo structured deep-listening inference...
[Music Flamingo] input tokens=1980; generation budget=1024
Inference cancelled: superseded during generation
Client already disconnected; 409 not delivered.
Running Flamingo structured deep-listening inference...
[Music Flamingo] input tokens=1981; generation budget=1024
Running Flamingo structured deep-listening inference (first impression)...
[Music Flamingo] NOTE: fewer items than the model sent: contextHypotheses 2->1

[Music Flamingo] RAW MODEL RESPONSE (max 6000 chars)
{'audibleObservations': [{'id': 1, 'text': 'fast 4/4 electronic drum pattern', 'category': 'rhythm', 'confidence': 0.95, 'reasoning': 'steady pulse with a strong kick on every downbeat and a crisp snare on the backbeat.'}, {'id': 2, 'text': 'bright, high‑pitched synth lead', 'category': 'instrumentation', 'confidence': 0.95, 'reasoning': 'a single, piercing synth voice that carries the main melodic hook.'}, {'id': 3, 'text': 'simple, repetitive bassline', 'category': 'bass', 'confidence': 0.95, 'reasoning': 'a short, looping low‑frequency pattern that underpins the harmony without variation.'}, {'id': 4, 'text': 'clean, digital production', 'category': 'production', 'confidence': 0.95, 'reasoning': 'minimal processing, tight compression, and a wide stereo image that keeps each element distinct.'}, {'id': 5, 'text': 'no vocal presence', 'category': 'vocals', 'confidence': 0.95, 'reasoning': 'the track is instrumental, with no sung or spoken parts.'}], 'signatureRelations': [{'id': 1, 'text': 'drum and synth interplay', 'supportRefs': [1, 2], 'confidence': 0.95, 'reasoning': 'the drum pattern drives the rhythm while the synth lead provides the melodic focus.'}, {'id': 2, 'text': 'bassline anchors the harmony', 'supportRefs': [3], 'confidence': 0.95, 'reasoning': 'the bassline repeats a simple pattern that defines the harmonic foundation.'}], 'styleCues': [{'id': 1, 'text': 'digital synth timbre', 'confidence': 0.95, 'reasoning': 'the lead synth has a bright, clean, and slightly metallic tone typical of modern electronic production.'}, {'id': 2, 'text': 'tight, compressed mix', 'confidence': 0.95, 'reasoning': 'the mix is clean and punchy, with each element clearly defined and limited dynamic range.'}], 'uncertainties': ['instrument type', 'genre label'], 'genreHypotheses': [{'label': 'electronic dance music', 'confidence': 0.95, 'supportRefs': [1, 2, 3, 4], 'reasoning': 'the track features a fast 4/4 beat, a prominent synth lead, and a simple bassline, all hallmarks of EDM.'}, {'label': 'synth‑pop', 'confidence': 0.7, 'supportRefs': [1, 2, 3, 4], 'reasoning': 'the clean digital production and melodic synth line are characteristic of synth‑pop aesthetics.'}], 'aestheticConcepts': [{'text': 'bright, energetic', 'confidence': 0.95, 'supportRefs': [2, 4], 'reasoning': 'the high‑pitched synth and the driving drum pattern create an uplifting and forward‑moving atmosphere.'}, {'text': 'digital, modern', 'confidence': 0.95, 'supportRefs': [4], 'reasoning': 'the production style is clean and compressed, emphasizing a contemporary electronic sound.'}], 'impressions': [{'text': 'energetic, uplifting', 'confidence': 0.95, 'supportRefs': [1, 2, 3, 4], 'reasoning': 'the fast tempo, bright synth, and steady rhythm convey a sense of excitement and positivity.'}, {'text': 'clean, precise', 'confidence': 0.95, 'supportRefs': [4], 'reasoning': 'the tight mix and minimal processing give the track a crisp, precise feel.'}], 'contextHypotheses': [{'text': 'contemporary electronic scene', 'category': 'scene', 'confidence': 0.95, 'supportRefs': [1, 2, 3, 4], 'reasoning': 'the track’s style aligns with current EDM and synth‑pop trends, emphasizing danceable beats and melodic synth hooks.'}, {'text': 'modern digital production', 'category': 'production', 'confidence': 0.95, 'supportRefs': [4], 'reasoning': 'the clean, compressed mix reflects modern digital production techniques.'}]}
[Music Flamingo] SANITIZED PACKET SENT TO MUSIC SHOWER (max 6000 chars)
{
  "audibleObservations": [
    {
      "text": "fast 4/4 electronic drum pattern",
      "category": "rhythm",
      "confidence": 0.95,
      "reasoningHints": "steady pulse with a strong kick on every downbeat and a crisp snare on",
      "id": "1"
    },
    {
      "text": "bright high‑pitched synth lead",
      "category": "instrumentation",
      "confidence": 0.95,
      "reasoningHints": "a single piercing synth voice that carries the main melodic hook.",
      "id": "2"
    },
    {
      "text": "simple repetitive bassline",
      "category": "instrumentation",
      "confidence": 0.95,
      "reasoningHints": "a short looping low‑frequency pattern that underpins the harmony without",
      "sourceCategory": "bass",
      "id": "3"
    },
    {
      "text": "clean digital production",
      "category": "production",
      "confidence": 0.95,
      "reasoningHints": "minimal processing tight compression and a wide stereo image that keeps",
      "id": "4"
    },
    {
      "text": "no vocal presence",
      "category": "performance",
      "confidence": 0.95,
      "reasoningHints": "the track is instrumental with no sung or spoken parts.",
      "sourceCategory": "vocals",
      "id": "5"
    }
  ],
  "signatureRelations": [
    {
      "text": "drum and synth interplay",
      "confidence": 0.95,
      "reasoningHints": "the drum pattern drives the rhythm while the synth lead provides the",
      "supportRefs": [
        "1",
        "2"
      ],
      "id": "1"
    },
    {
      "text": "bassline anchors the harmony",
      "confidence": 0.95,
      "reasoningHints": "the bassline repeats a simple pattern that defines the harmonic",
      "supportRefs": [
        "3"
      ],
      "id": "2"
    }
  ],
  "styleCues": [
    {
      "text": "digital synth timbre",
      "confidence": 0.95,
      "reasoningHints": "the lead synth has a bright clean and slightly metallic tone typical of",
      "supportRefs": [],
      "id": "1"
    },
    {
      "text": "tight compressed mix",
      "confidence": 0.95,
      "reasoningHints": "the mix is clean and punchy with each element clearly defined and",
      "supportRefs": [],
      "id": "2"
    }
  ],
  "uncertainties": [
    "instrument type",
    "genre label",
    "unrecognized context category"
  ],
  "genreHypotheses": [
    {
      "label": "electronic dance music",
      "confidence": 0.95,
      "reasoningHints": "the track features a fast 4/4 beat a prominent synth lead and a simple",
      "supportRefs": [
        "1",
        "2",
        "3",
        "4"
      ],
      "id": "g1"
    },
    {
      "label": "synth‑pop",
      "confidence": 0.7,
      "reasoningHints": "the clean digital production and melodic synth line are characteristic",
      "supportRefs": [
        "1",
        "2",
        "3",
        "4"
      ],
      "id": "g2"
    }
  ],
  "aestheticConcepts": [
    {
      "text": "bright energetic",
      "confidence": 0.95,
      "reasoningHints": "the high‑pitched synth and the driving drum pattern create an uplifting",
      "supportRefs": [
        "2",
        "4"
      ]
    },
    {
      "text": "digital modern",
      "confidence": 0.95,
      "reasoningHints": "the production style is clean and compressed emphasizing a contemporary",
      "supportRefs": [
        "4"
      ]
    }
  ],
  "impressions": [
    {
      "text": "energetic uplifting",
      "confidence": 0.95,
      "reasoningHints": "the fast tempo bright synth and steady rhythm convey a sense of",
      "supportRefs": [
        "1",
        "2",
        "3",
        "4"
      ]
    },
    {
      "text": "clean precise",
      "confidence": 0.95,
      "reasoningHints": "the tight mix and minimal processing give the track a crisp precise",
      "supportRefs": [
        "4"
      ]
    }
  ],
  "contextHypotheses": [
    {
      "text": "contemporary electronic scene",
      "category": "scene",
      "confidence": 0.95,
      "reasoningHints": "the track’s style aligns with current EDM and synth‑pop trends",
      "supportRefs": [
        "1",
        "2",
        "3",
        "4"
      ]
    }
  ],
  "packetDiagnostics": {
    "rawItemCount": 17,
    "acceptedConceptCount": 16,
    "duplicateOrRejectedCount": 1,
    "quarantinedCount": 1,
    "fieldCounts": {
      "audibleObservations": 5,
      "signatureRelations": 2,
      "styleCues": 2,
      "genreHypotheses": 2,
      "contextHypotheses": 1,
      "aestheticConcepts": 2,
      "impressions": 2
    }
  }
}
[Music Flamingo] END PACKET

Inference complete in 143.9s. Packet parsed: ['audibleObservations', 'signatureRelations', 'styleCues', 'uncertainties', 'genreHypotheses', 'aestheticConcepts', 'impressions', 'contextHypotheses', 'packetDiagnostics']
[Music Flamingo] input tokens=738; generation budget=256
Running Flamingo forensic listening...

[Music Flamingo] RAW MODEL RESPONSE (max 6000 chars)
{'audibleObservations': [{'id': 1, 'text': 'instrumental music', 'category': 'instrumentation', 'confidence': 0.9}, {'id': 2, 'text': 'no vocals', 'category': 'performance', 'confidence': 0.9}, {'id': 3, 'text': 'simple drum pattern', 'category': 'rhythm', 'confidence': 0.8}], 'signatureRelations': [{'id': 1, 'text': 'drum pattern supports instrumental', 'supportRefs': 1, 'confidence': 0.7}, {'id': 2, 'text': 'instrumental suggests minimal arrangement', 'supportRefs': 1, 'confidence': 0.6}], 'uncertainties': ['no clear genre label', 'no clear instrumentation details'], 'genreHypotheses': [{'label': 'instrumental', 'confidence': 0.5}, {'label': 'minimal arrangement', 'confidence': 0.3}], 'aestheticConcepts': ['simple rhythmic drive'], 'impressions': ['neutral mood']}, {'id': 1, 'text': 'instrumental music', 'category': 'instrumentation', 'confidence': 
[Music Flamingo] SANITIZED PACKET SENT TO MUSIC SHOWER (max 6000 chars)
{
  "audibleObservations": [
    {
      "text": "instrumental music",
      "category": "instrumentation",
      "confidence": 0.9,
      "reasoningHints": "",
      "id": "1"
    },
    {
      "text": "no vocals",
      "category": "performance",
      "confidence": 0.9,
      "reasoningHints": "",
      "id": "2"
    },
    {
      "text": "simple drum pattern",
      "category": "rhythm",
      "confidence": 0.8,
      "reasoningHints": "",
      "id": "3"
    }
  ],
  "signatureRelations": [
    {
      "text": "drum pattern supports instrumental",
      "confidence": 0.7,
      "reasoningHints": "",
      "supportRefs": [],
      "id": "1"
    },
    {
      "text": "instrumental suggests minimal arrangement",
      "confidence": 0.6,
      "reasoningHints": "",
      "supportRefs": [],
      "id": "2"
    }
  ],
  "styleCues": [],
  "uncertainties": [
    "no clear genre label",
    "no clear instrumentation details"
  ],
  "genreHypotheses": [
    {
      "label": "instrumental",
      "confidence": 0.48,
      "reasoningHints": "",
      "supportRefs": [],
      "id": "g1",
      "provisional": true
    },
    {
      "label": "minimal arrangement",
      "confidence": 0.3,
      "reasoningHints": "",
      "supportRefs": [],
      "id": "g2",
      "provisional": true
    }
  ],
  "aestheticConcepts": [
    {
      "text": "simple rhythmic drive",
      "confidence": 0.62,
      "reasoningHints": "",
      "supportRefs": []
    }
  ],
  "impressions": [
    {
      "text": "neutral mood",
      "confidence": 0.6,
      "reasoningHints": "",
      "supportRefs": []
    }
  ],
  "contextHypotheses": [],
  "packetDiagnostics": {
    "rawItemCount": 9,
    "acceptedConceptCount": 9,
    "duplicateOrRejectedCount": 0,
    "quarantinedCount": 0,
    "fieldCounts": {
      "audibleObservations": 3,
      "signatureRelations": 2,
      "styleCues": 0,
      "genreHypotheses": 2,
      "contextHypotheses": 0,
      "aestheticConcepts": 1,
      "impressions": 1
    }
  }
}
[Music Flamingo] END PACKET

Inference complete in 106.6s. Packet parsed: ['audibleObservations', 'signatureRelations', 'styleCues', 'uncertainties', 'genreHypotheses', 'aestheticConcepts', 'impressions', 'contextHypotheses', 'packetDiagnostics']
[Music Flamingo] input tokens=1001; generation budget=400
[Music Flamingo] FORENSIC RESPONSE (46.6s)
1. Yes, the track uses a pre-existing vocal sample. The main vocal hook is a heavily processed, pitch‑shifted, time‑stretched, and chopped female vocal sample that is looped throughout the song.
2. Yes, there are vocals. The vocal sample is in Japanese, and the processing includes extreme pitch shifting, time stretching, chopping, and filtering, giving it a bright, high‑pitched, almost synthetic timbre.
3. Yes, the main vocal hook repeats identically as a loop, forming the central melodic and rhythmic motif of the track.
4. The main loop and groove are heavily processed with filtering, sidechain compression, and bit‑crushing, creating a lo‑fi, distorted texture.
5. The source material for the vocal sample appears to be from the late 1980s to early 1990s, while the surrounding production is a modern, high‑energy electronic style.
[Music Flamingo] FORENSIC ANSWERS [{"key": "sampled", "answer": "yes", "cue": "the track uses a pre-existing vocal sample. The main vocal hook is a heavily processed, pitch‑shifted, time‑stretched, and chopped female vocal sample that is"}, {"key": "vocals", "answer": "yes", "cue": "there are vocals. The vocal sample is in Japanese, and the processing includes extreme pitch shifting, time stretching, chopping, and filtering, giving it a"}, {"key": "loop", "answer": "yes", "cue": "the main vocal hook repeats identically as a loop, forming the central melodic and rhythmic motif of the track."}, {"key": "processing", "answer": "unsure", "cue": "The main loop and groove are heavily processed with filtering, sidechain compression, and bit‑crushing, creating a lo‑fi, distorted texture."}, {"key": "sourcePeriod", "answer": "unsure", "cue": "The source material for the vocal sample appears to be from the late 1980s to early 1990s, while the surrounding production is a modern, high‑energy electronic"}]
Running Flamingo structured deep-listening inference...
[Music Flamingo] input tokens=1981; generation budget=1024
Running Flamingo structured deep-listening inference (first impression)...

[Music Flamingo] RAW MODEL RESPONSE (max 6000 chars)
Inference cancelled: superseded before inference{'audibleObservations': [{'id': 1, 'text': 'fast 4/4 electronic drum pattern', 'category': 'rhythm', 'confidence': 0.95, 'reasoning': 'steady pulse with a strong emphasis on the downbeat, typical of dance‑oriented electronic music.'}, {'id': 2, 'text': 'bright, high‑pitched synth lead', 'category': 'instrumentation', 'confidence': 0.95, 'reasoning': 'a prominent, melodic synth voice that carries the main hook, often heard in EDM and synth‑pop.'}, {'id': 3, 'text': 'layered electronic bassline', 'category': 'instrumentation', 'confidence': 0.95, 'reasoning': 'a driving, side‑chain‑compressed bass that underpins the groove, common in club‑oriented electronic tracks.'}, {'id': 4, 'text': 'repetitive vocal sample', 'category': 'vocal', 'confidence': 0.95, 'reasoning': 'a short, looped vocal snippet used as a rhythmic and melodic element, typical of electronic dance music.'}, {'id': 5, 'text': 'wide stereo imaging', 'category': 'production', 'confidence': 0.95, 'reasoning': 'the mix spreads elements across the stereo field, creating an immersive, club‑ready soundstage.'}], 'signatureRelations': [{'id': 1, 'text': 'drum pattern and synth lead interact', 'category': 'rhythm', 'confidence': 0.95, 'reasoning': 'the drum pattern drives the tempo while the synth lead provides the melodic hook, a classic EDM arrangement.'}, {'id': 2, 'text': 'bassline and synth lead lock in', 'category': 'instrumentation', 'confidence': 0.95, 'reasoning': 'the bassline and synth lead are rhythmically and harmonically synchronized, reinforcing the track’s forward momentum.'}, {'id': 3, 'text': 'vocal sample punctuates the groove', 'category': 'vocal', 'confidence': 0.95, 'reasoning': 'the vocal sample appears on the downbeat of several bars, acting as a rhythmic accent.'}], 'styleCues': [{'id': 1, 'text': 'electronic drum machine', 'category': 'production', 'confidence': 0.95, 'reasoning': 'the drum sounds are synthetic, with a crisp, quantized feel typical of modern electronic dance music.'}, {'id': 2, 'text': 'synth lead with bright timbre', 'category': 'instrumentation', 'confidence': 0.95, 'reasoning': 'the lead synth has a sharp, digital timbre, often heard in EDM and synth‑pop.'}, {'id': 3, 'text': 'layered bass with side‑chain compression', 'category': 'production', 'confidence': 0.95, 'reasoning': 'the bassline is heavily side‑chained to the kick, creating the characteristic pumping effect of club music.'}, {'id': 4, 'text': 'repetitive vocal sample as a hook', 'category': 'vocal', 'confidence': 0.95, 'reasoning': 'the short vocal snippet is looped and placed on the beat, serving as a memorable melodic hook.'}], 'uncertainties': ['instrumentation ambiguity', 'vocal sample source'], 'genreHypotheses': [{'label': 'electronic dance music', 'confidence': 0.95, 'supportRefs': [1, 2, 3, 4, 5], 'reasoning': 'the combination of a fast 4/4 drum pattern, bright synth lead, driving bass, and a repetitive vocal sample is characteristic of EDM.'}, {'label': 'synth‑pop', 'confidence': 0.8, 'supportRefs': [2, 3, 4], 'reasoning': 'the bright synth lead and vocal sample are typical of synth‑pop aesthetics.'}], 'aestheticConcepts': [{'text': 'energetic, club‑ready', 'confidence': 0.95, 'supportRefs': [1, 3, 5], 'reasoning': 'the track’s high tempo, driving bass, and wide stereo imaging create a lively, dance‑floor atmosphere.'}, {'text': 'modern electronic production', 'confidence': 0.95, 'supportRefs': [1, 3, 5], 'reasoning': 'the synthetic drum sounds, side‑chained bass, and polished mix reflect contemporary electronic production techniques.'}], 'impressions': [{'text': 'uplifting, forward‑moving', 'confidence': 0

[Music Flamingo] SANITIZED PACKET SENT TO MUSIC SHOWER (max 6000 chars)
{
  "audibleObservations": [
    {
      "text": "fast 4/4 electronic drum pattern",
      "category": "rhythm",
      "confidence": 0.95,
      "reasoningHints": "steady pulse with a strong emphasis on the downbeat typical of",
      "id": "1"
    },
    {
      "text": "bright high‑pitched synth lead",
      "category": "instrumentation",
      "confidence": 0.95,
      "reasoningHints": "a prominent melodic synth voice that carries the main hook often heard",
      "id": "2"
    },
    {
      "text": "repetitive vocal sample",
      "category": "performance",
      "confidence": 0.95,
      "reasoningHints": "a short looped vocal snippet used as a rhythmic and melodic element",
      "sourceCategory": "vocal",
      "id": "4"
    },
    {
      "text": "wide stereo imaging",
      "category": "production",
      "confidence": 0.95,
      "reasoningHints": "the mix spreads elements across the stereo field creating an immersive",
      "id": "5"
    },
    {
      "text": "layered electronic bassline",
      "category": "instrumentation",
      "confidence": 0.95,
      "reasoningHints": "a driving side‑chain‑compressed bass that underpins the groove common in",
      "id": "3"
    }
  ],
  "signatureRelations": [
    {
      "text": "drum pattern and synth lead interact",
      "confidence": 0.95,
      "reasoningHints": "the drum pattern drives the tempo while the synth lead provides the",
      "supportRefs": [],
      "id": "1"
    },
    {
      "text": "bassline and synth lead lock in",
      "confidence": 0.95,
      "reasoningHints": "the bassline and synth lead are rhythmically and harmonically",
      "supportRefs": [],
      "id": "2"
    },
    {
      "text": "vocal sample punctuates the groove",
      "confidence": 0.95,
      "reasoningHints": "the vocal sample appears on the downbeat of several bars acting as a",
      "supportRefs": [],
      "id": "3"
    }
  ],
  "styleCues": [
    {
      "text": "electronic drum machine",
      "confidence": 0.95,
      "reasoningHints": "the drum sounds are synthetic with a crisp quantized feel typical of",
      "supportRefs": [],
      "id": "1"
    },
    {
      "text": "synth lead with bright timbre",
      "confidence": 0.95,
      "reasoningHints": "the lead synth has a sharp digital timbre often heard in EDM and",
      "supportRefs": [],
      "id": "2"
    },
    {
      "text": "layered bass with side‑chain compression",
      "confidence": 0.95,
      "reasoningHints": "the bassline is heavily side‑chained to the kick creating the",
      "supportRefs": [],
      "id": "3"
    },
    {
      "text": "repetitive vocal sample as a hook",
      "confidence": 0.95,
      "reasoningHints": "the short vocal snippet is looped and placed on the beat serving as a",
      "supportRefs": [],
      "id": "4"
    }
  ],
  "uncertainties": [
    "instrumentation ambiguity",
    "vocal sample source"
  ],
  "genreHypotheses": [
    {
      "label": "electronic dance music",
      "confidence": 0.95,
      "reasoningHints": "the combination of a fast 4/4 drum pattern bright synth lead driving",
      "supportRefs": [
        "1",
        "2",
        "3",
        "4",
        "5"
      ],
      "id": "g1"
    },
    {
      "label": "synth‑pop",
      "confidence": 0.8,
      "reasoningHints": "the bright synth lead and vocal sample are typical of synth‑pop",
      "supportRefs": [
        "2",
        "3",
        "4"
      ],
      "id": "g2"
    }
  ],
  "aestheticConcepts": [
    {
      "text": "energetic club‑ready",
      "confidence": 0.95,
      "reasoningHints": "the track’s high tempo driving bass and wide stereo imaging create a",
      "supportRefs": [
        "1",
        "3",
        "5"
      ]
    },
    {
      "text": "modern electronic production",
      "confidence": 0.95,
      "reasoningHints": "the synthetic drum sounds side‑chained bass and polished mix reflect",
      "supportRefs": [
        "1",
        "3",
        "5"
      ]
    }
  ],
  "impressions": [
    {
      "text": "uplifting forward‑moving",
      "confidence": 0.6,
      "reasoningHints": "",
      "supportRefs": []
    }
  ],
  "contextHypotheses": [],
  "packetDiagnostics": {
    "rawItemCount": 17,
    "acceptedConceptCount": 17,
    "duplicateOrRejectedCount": 0,
    "quarantinedCount": 0,
    "fieldCounts": {
      "audibleObservations": 5,
      "signatureRelations": 3,
      "styleCues": 4,
      "genreHypotheses": 2,
      "contextHypotheses": 0,
      "aestheticConcepts": 2,
      "impressions": 1
    }
  }
}
Client already disconnected; 409 not delivered.[Music Flamingo] END PACKET


Inference complete in 162.0s. Packet parsed: ['audibleObservations', 'signatureRelations', 'styleCues', 'uncertainties', 'genreHypotheses', 'aestheticConcepts', 'impressions', 'contextHypotheses', 'packetDiagnostics']
Running Flamingo forensic listening...
[Music Flamingo] input tokens=1001; generation budget=400
[Music Flamingo] FORENSIC RESPONSE (26.4s)
1. Yes, the track is built around a prominent, repetitive vocal sample that is clearly taken from a pre-existing recording. The sample is looped throughout the piece and forms the main melodic hook.
2. Yes, there are vocals. They are in Japanese and are heavily processed: pitch‑shifted, time‑stretched, and chopped, giving them a robotic, almost synthetic timbre.
3. Yes, the main vocal sample repeats identically as a loop, forming the core of the track’s structure.
4. The main loop is heavily compressed and side‑chained to the kick drum, creating a pumping effect typical of modern electronic dance music. The overall mix is bright and polished, with a wide stereo image and crisp high‑frequency sheen.
5. The vocal sample sounds like it is from a 1980s or 1990s source, while the surrounding production is contemporary, suggesting a blend of retro sampling with modern EDM production techniques.
[Music Flamingo] FORENSIC ANSWERS [{"key": "sampled", "answer": "yes", "cue": "the track is built around a prominent, repetitive vocal sample that is clearly taken from a pre-existing recording. The sample is looped throughout the piece"}, {"key": "vocals", "answer": "yes", "cue": "there are vocals. They are in Japanese and are heavily processed: pitch‑shifted, time‑stretched, and chopped, giving them a robotic, almost synthetic timbre."}, {"key": "loop", "answer": "yes", "cue": "the main vocal sample repeats identically as a loop, forming the core of the track’s structure."}, {"key": "processing", "answer": "unsure", "cue": "The main loop is heavily compressed and side‑chained to the kick drum, creating a pumping effect typical of modern electronic dance music. The overall mix is"}, {"key": "sourcePeriod", "answer": "unsure", "cue": "The vocal sample sounds like it is from a 1980s or 1990s source, while the surrounding production is contemporary, suggesting a blend of retro sampling with"}]
Running Flamingo structured deep-listening inference (first impression)...
[Music Flamingo] input tokens=738; generation budget=256

[Music Flamingo] RAW MODEL RESPONSE (max 6000 chars)
{'audibleObservations': [{'id': 1, 'text': 'instrumental music', 'category': 'instrumentation', 'confidence': 0.7}, {'id': 2, 'text': 'no vocals', 'category': 'performance', 'confidence': 0.9}, {'id': 3, 'text': 'simple drum pattern', 'category': 'rhythm', 'confidence': 0.6}], 'signatureRelations': [{'id': 1, 'text': 'drum pattern supports instrumental', 'supportRefs': 1, 'confidence': 0.8}, {'id': 2, 'text': 'instrumental suggests minimal arrangement', 'supportRefs': 1, 'confidence': 0.5}], 'uncertainties': ['no clear genre label', 'no clear tempo or time signature'], 'genreHypotheses': [{'label': 'instrumental', 'confidence': 0.8}, {'label': 'minimal arrangement', 'confidence': 0.5}], 'aestheticConcepts': ['simple rhythmic drive', 'minimalist texture'], 'impressions': ['neutral mood', 'steady energy']}
[Music Flamingo] SANITIZED PACKET SENT TO MUSIC SHOWER (max 6000 chars)
{
  "audibleObservations": [
    {
      "text": "instrumental music",
      "category": "instrumentation",
      "confidence": 0.7,
      "reasoningHints": "",
      "id": "1"
    },
    {
      "text": "no vocals",
      "category": "performance",
      "confidence": 0.9,
      "reasoningHints": "",
      "id": "2"
    },
    {
      "text": "simple drum pattern",
      "category": "rhythm",
      "confidence": 0.6,
      "reasoningHints": "",
      "id": "3"
    }
  ],
  "signatureRelations": [
    {
      "text": "drum pattern supports instrumental",
      "confidence": 0.8,
      "reasoningHints": "",
      "supportRefs": [],
      "id": "1"
    },
    {
      "text": "instrumental suggests minimal arrangement",
      "confidence": 0.5,
      "reasoningHints": "",
      "supportRefs": [],
      "id": "2"
    }
  ],
  "styleCues": [],
  "uncertainties": [
    "no clear genre label",
    "no clear tempo or time signature"
  ],
  "genreHypotheses": [
    {
      "label": "instrumental",
      "confidence": 0.48,
      "reasoningHints": "",
      "supportRefs": [],
      "id": "g1",
      "provisional": true
    },
    {
      "label": "minimal arrangement",
      "confidence": 0.48,
      "reasoningHints": "",
      "supportRefs": [],
      "id": "g2",
      "provisional": true
    }
  ],
  "aestheticConcepts": [
    {
      "text": "simple rhythmic drive",
      "confidence": 0.62,
      "reasoningHints": "",
      "supportRefs": []
    },
    {
      "text": "minimalist texture",
      "confidence": 0.62,
      "reasoningHints": "",
      "supportRefs": []
    }
  ],
  "impressions": [
    {
      "text": "neutral mood",
      "confidence": 0.6,
      "reasoningHints": "",
      "supportRefs": []
    },
    {
      "text": "steady energy",
      "confidence": 0.6,
      "reasoningHints": "",
      "supportRefs": []
    }
  ],
  "contextHypotheses": [],
  "packetDiagnostics": {
    "rawItemCount": 11,
    "acceptedConceptCount": 11,
    "duplicateOrRejectedCount": 0,
    "quarantinedCount": 0,
    "fieldCounts": {
      "audibleObservations": 3,
      "signatureRelations": 2,
      "styleCues": 0,
      "genreHypotheses": 2,
      "contextHypotheses": 0,
      "aestheticConcepts": 2,
      "impressions": 2
    }
  }
}
[Music Flamingo] END PACKET

Inference complete in 32.7s. Packet parsed: ['audibleObservations', 'signatureRelations', 'styleCues', 'uncertainties', 'genreHypotheses', 'aestheticConcepts', 'impressions', 'contextHypotheses', 'packetDiagnostics']
Running Flamingo forensic listening...
[Music Flamingo] input tokens=1001; generation budget=400
[Music Flamingo] FORENSIC RESPONSE (38.4s)
1. Yes, the main loop is taken from a pre-existing recording. The loop is a short, repetitive melodic phrase that sounds like a sampled synth or guitar line, and it is used as the core of the track.
2. Yes, there are vocals. They are in Japanese, delivered in a melodic, slightly processed style. The vocal track is pitch‑shifted and time‑stretched, giving it a slightly robotic or ethereal quality, and it is filtered to sit within the mix.
3. Yes, the main loop repeats identically as a loop throughout the track, forming the backbone of the arrangement.
4. The main loop is filtered and has a lo‑fi character, suggesting it was sampled from an older source and then processed with filtering and subtle saturation to fit the track’s aesthetic.
5. The source material of the loop sounds like it is from an older recording, likely from the late 1990s to early 2000s, while the surrounding production is more modern, using contemporary mixing techniques and effects.
[Music Flamingo] FORENSIC ANSWERS [{"key": "sampled", "answer": "yes", "cue": "the main loop is taken from a pre-existing recording. The loop is a short, repetitive melodic phrase that sounds like a sampled synth or guitar line, and it is"}, {"key": "vocals", "answer": "yes", "cue": "there are vocals. They are in Japanese, delivered in a melodic, slightly processed style. The vocal track is pitch‑shifted and time‑stretched, giving it a"}, {"key": "loop", "answer": "yes", "cue": "the main loop repeats identically as a loop throughout the track, forming the backbone of the arrangement."}, {"key": "processing", "answer": "unsure", "cue": "The main loop is filtered and has a lo‑fi character, suggesting it was sampled from an older source and then processed with filtering and subtle saturation to"}, {"key": "sourcePeriod", "answer": "unsure", "cue": "The source material of the loop sounds like it is from an older recording, likely from the late 1990s to early 2000s, while the surrounding production is more"}]
Running Flamingo structured deep-listening inference...
[Music Flamingo] input tokens=1980; generation budget=1024
Running Flamingo structured deep-listening inference (first impression)...

[Music Flamingo] RAW MODEL RESPONSE (max 6000 chars)
{"audibleObservations": [{"id": 1, "text": "steady 4/4 pulse", "category": "rhythm", "confidence": 0.9, "reasoning": "clear downbeat on each beat, regular subdivision of 16th notes"}, {"id": 2, "text": "acoustic drum kit", "category": "instrumentation", "confidence": 0.8, "reasoning": "snare, kick, hi-hat and cymbals with natural room ambience"}, {"id": 3, "text": "electric bass guitar", "category": "instrumentation", "confidence": 0.9, "reasoning": "warm, round low end, playing root notes and simple patterns"}, {"id": 4, "text": "clean electric guitar", "category": "instrumentation", "confidence": 0.8, "reasoning": "chordal strumming with slight overdrive, mostly on the backbeat"}, {"id": 5, "text": "male lead vocals", "category": "vocal performance", "confidence": 0.9, "reasoning": "clear, mid-range timbre, melodic singing with minimal processing"}, {"id": 6, "text": "simple major chord progression", "category": "harmony", "confidence": 0.7, "reasoning": "repeating I–IV–V pattern with occasional passing chords"}, {"id": 7, "text": "verse-chorus form", "category": "arrangement", "confidence": 0.8, "reasoning": "clear distinction between verses with sparser instrumentation and choruses with fuller texture"}], "signatureRelations": [{"id": 1, "text": "drums and bass lock in tight groove", "supportRefs": [1, 2, 3], "confidence": 0.7, "reasoning": "steady kick and snare pattern with bass reinforcing root notes"}, {"id": 2, "text": "guitar and vocals interact in call-and-response", "supportRefs": [3, 4, 5], "confidence": 0.6, "reasoning": "guitar chords accentuate vocal phrases, especially on downbeats"}], "styleCues": [{"id": 1, "text": "acoustic drum kit sound", "confidence": 0.8, "supportRefs": [2]}, {"id": 2, "text": "clean electric guitar tone", "confidence": 0.7, "supportRefs": [4]}, {"id": 3, "text": "male lead vocal with natural timbre", "confidence": 0.6, "supportRefs": [5]}, {"id": 4, "text": "simple major harmony", "confidence": 0.5, "supportRefs": [6]}], "uncertainties": ["instrumentation details unclear", "genre not fully confirmed"], "genreHypotheses": [{"label": "pop rock", "confidence": 0.4, "supportRefs": [1, 2, 3, 4, 5, 6, 7]}, {"label": "indie pop", "confidence": 0.3, "supportRefs": [1, 2, 3, 4, 5, 6, 7]}], "aestheticConcepts": [{"text": "bright and uplifting", "confidence": 0.6, "supportRefs": [6]}, {"text": "energetic and accessible", "confidence": 0.5, "supportRefs": [1, 2, 3, 4, 5, 6, 7]}], "impressions": [{"text": "confident and optimistic", "confidence": 0.7, "supportRefs": [5, 6]}, {"text": "simple and catchy", "confidence": 0.6, "supportRefs": [1, 2, 3, 4, 6, 7]}], "contextHypotheses": [{"text": "contemporary pop rock", "category": "scene", "confidence": 0.4, "supportRefs": [1, 2, 3, 4, 5, 6, 7]}, {"text": "late 2010s indie pop", "category": "era", "confidence": 0.3, "supportRefs": [1, 2, 3, 4, 5, 6, 7]}]}
[Music Flamingo] SANITIZED PACKET SENT TO MUSIC SHOWER (max 6000 chars)
{
  "audibleObservations": [
    {
      "text": "steady 4/4 pulse",
      "category": "rhythm",
      "confidence": 0.9,
      "reasoningHints": "clear downbeat on each beat regular subdivision of 16th notes",
      "id": "1"
    },
    {
      "text": "acoustic drum kit",
      "category": "instrumentation",
      "confidence": 0.8,
      "reasoningHints": "snare kick hi-hat and cymbals with natural room ambience",
      "id": "2"
    },
    {
      "text": "male lead vocals",
      "category": "performance",
      "confidence": 0.9,
      "reasoningHints": "clear mid-range timbre melodic singing with minimal processing",
      "sourceCategory": "vocal performance",
      "id": "5"
    },
    {
      "text": "simple major chord progression",
      "category": "arrangement",
      "confidence": 0.7,
      "reasoningHints": "repeating I–IV–V pattern with occasional passing chords",
      "sourceCategory": "harmony",
      "id": "6"
    },
    {
      "text": "verse-chorus form",
      "category": "arrangement",
      "confidence": 0.8,
      "reasoningHints": "clear distinction between verses with sparser instrumentation and",
      "id": "7"
    },
    {
      "text": "electric bass guitar",
      "category": "instrumentation",
      "confidence": 0.9,
      "reasoningHints": "warm round low end playing root notes and simple patterns",
      "id": "3"
    },
    {
      "text": "clean electric guitar",
      "category": "instrumentation",
      "confidence": 0.8,
      "reasoningHints": "chordal strumming with slight overdrive mostly on the backbeat",
      "id": "4"
    }
  ],
  "signatureRelations": [
    {
      "text": "drums and bass lock in tight groove",
      "confidence": 0.7,
      "reasoningHints": "steady kick and snare pattern with bass reinforcing root notes",
      "supportRefs": [
        "1",
        "2",
        "3"
      ],
      "id": "1"
    },
    {
      "text": "guitar and vocals interact in call-and-response",
      "confidence": 0.6,
      "reasoningHints": "guitar chords accentuate vocal phrases especially on downbeats",
      "supportRefs": [
        "3",
        "4",
        "5"
      ],
      "id": "2"
    }
  ],
  "styleCues": [
    {
      "text": "acoustic drum kit sound",
      "confidence": 0.8,
      "reasoningHints": "",
      "supportRefs": [
        "2"
      ],
      "id": "1"
    },
    {
      "text": "clean electric guitar tone",
      "confidence": 0.7,
      "reasoningHints": "",
      "supportRefs": [
        "4"
      ],
      "id": "2"
    },
    {
      "text": "male lead vocal with natural timbre",
      "confidence": 0.6,
      "reasoningHints": "",
      "supportRefs": [
        "5"
      ],
      "id": "3"
    },
    {
      "text": "simple major harmony",
      "confidence": 0.5,
      "reasoningHints": "",
      "supportRefs": [
        "6"
      ],
      "id": "4"
    }
  ],
  "uncertainties": [
    "instrumentation details unclear",
    "genre not fully confirmed"
  ],
  "genreHypotheses": [
    {
      "label": "pop rock",
      "confidence": 0.4,
      "reasoningHints": "",
      "supportRefs": [
        "1",
        "2",
        "3",
        "4",
        "5",
        "6",
        "7"
      ],
      "id": "g1"
    },
    {
      "label": "indie pop",
      "confidence": 0.3,
      "reasoningHints": "",
      "supportRefs": [
        "1",
        "2",
        "3",
        "4",
        "5",
        "6",
        "7"
      ],
      "id": "g2"
    }
  ],
  "aestheticConcepts": [
    {
      "text": "bright and uplifting",
      "confidence": 0.6,
      "reasoningHints": "",
      "supportRefs": [
        "6"
      ]
    },
    {
      "text": "energetic and accessible",
      "confidence": 0.5,
      "reasoningHints": "",
      "supportRefs": [
        "1",
        "2",
        "3",
        "4",
        "5",
        "6",
        "7"
      ]
    }
  ],
  "impressions": [
    {
      "text": "confident and optimistic",
      "confidence": 0.7,
      "reasoningHints": "",
      "supportRefs": [
        "5",
        "6"
      ]
    },
    {
      "text": "simple and catchy",
      "confidence": 0.6,
      "reasoningHints": "",
      "supportRefs": [
        "1",
        "2",
        "3",
        "4",
        "6",
        "7"
      ]
    }
  ],
  "contextHypotheses": [
    {
      "text": "contemporary pop rock",
      "category": "scene",
      "confidence": 0.4,
      "reasoningHints": "",
      "supportRefs": [
        "1",
        "2",
        "3",
        "4",
        "5",
        "6",
        "7"
      ]
    },
    {
      "text": "late 2010s indie pop",
      "category": "era",
      "confidence": 0.3,
      "reasoningHints": "",
      "supportRefs": [
        "1",
        "2",
        "3",
        "4",
        "5",
        "6",
        "7"
      ]
    }
  ],
  "packetDiagnostics": {
    "rawItemCount": 21,
    "acceptedConceptCount": 21,
    "duplicateOrRejectedCount": 0,
    "quarantinedCount": 0,
    "fieldCounts": {
      "audibleObservations": 7,
      "signatureRelations": 2,
      "styleCues": 4,
      "genreHypotheses": 2,
      "contextHypotheses": 2,
      "aestheticConcepts": 2,
      "impressions": 2
    }
  }
}
[Music Flamingo] END PACKET

Inference complete in 150.1s. Packet parsed: ['audibleObservations', 'signatureRelations', 'styleCues', 'uncertainties', 'genreHypotheses', 'aestheticConcepts', 'impressions', 'contextHypotheses', 'packetDiagnostics']
Client disconnected before the Flamingo response was delivered.
[Music Flamingo] input tokens=738; generation budget=256

[Music Flamingo] RAW MODEL RESPONSE (max 6000 chars)
{'audibleObservations': [{'id': 1, 'text': 'instrumental music', 'category': 'instrumentation', 'confidence': 0.95}, {'id': 2, 'text': 'no vocals', 'category': 'performance', 'confidence': 0.95}, {'id': 3, 'text': 'steady 4/4 beat', 'category': 'rhythm', 'confidence': 0.95}], 'signatureRelations': [{'id': 1, 'text': 'instrumental track', 'supportRefs': [1, 2], 'confidence': 0.95}], 'uncertainties': ['no lyrics', 'no explicit genre cues'], 'genreHypotheses': [{'label': 'instrumental pop', 'confidence': 0.3}, {'label': 'instrumental rock', 'confidence': 0.3}], 'aestheticConcepts': ['clean production', 'simple arrangement'], 'impressions': ['neutral mood', 'steady energy']}
[Music Flamingo] SANITIZED PACKET SENT TO MUSIC SHOWER (max 6000 chars)
{
  "audibleObservations": [
    {
      "text": "instrumental music",
      "category": "instrumentation",
      "confidence": 0.95,
      "reasoningHints": "",
      "id": "1"
    },
    {
      "text": "no vocals",
      "category": "performance",
      "confidence": 0.95,
      "reasoningHints": "",
      "id": "2"
    },
    {
      "text": "steady 4/4 beat",
      "category": "rhythm",
      "confidence": 0.95,
      "reasoningHints": "",
      "id": "3"
    }
  ],
  "signatureRelations": [
    {
      "text": "instrumental track",
      "confidence": 0.95,
      "reasoningHints": "",
      "supportRefs": [
        "1",
        "2"
      ],
      "id": "1"
    }
  ],
  "styleCues": [],
  "uncertainties": [
    "no lyrics",
    "no explicit genre cues"
  ],
  "genreHypotheses": [
    {
      "label": "instrumental pop",
      "confidence": 0.3,
      "reasoningHints": "",
      "supportRefs": [],
      "id": "g1",
      "provisional": true
    },
    {
      "label": "instrumental rock",
      "confidence": 0.3,
      "reasoningHints": "",
      "supportRefs": [],
      "id": "g2",
      "provisional": true
    }
  ],
  "aestheticConcepts": [
    {
      "text": "clean production",
      "confidence": 0.62,
      "reasoningHints": "",
      "supportRefs": []
    },
    {
      "text": "simple arrangement",
      "confidence": 0.62,
      "reasoningHints": "",
      "supportRefs": []
    }
  ],
  "impressions": [
    {
      "text": "neutral mood",
      "confidence": 0.6,
      "reasoningHints": "",
      "supportRefs": []
    },
    {
      "text": "steady energy",
      "confidence": 0.6,
      "reasoningHints": "",
      "supportRefs": []
    }
  ],
  "contextHypotheses": [],
  "packetDiagnostics": {
    "rawItemCount": 10,
    "acceptedConceptCount": 10,
    "duplicateOrRejectedCount": 0,
    "quarantinedCount": 0,
    "fieldCounts": {
      "audibleObservations": 3,
      "signatureRelations": 1,
      "styleCues": 0,
      "genreHypotheses": 2,
      "contextHypotheses": 0,
      "aestheticConcepts": 2,
      "impressions": 2
    }
  }
}
[Music Flamingo] END PACKET

Inference complete in 108.0s. Packet parsed: ['audibleObservations', 'signatureRelations', 'styleCues', 'uncertainties', 'genreHypotheses', 'aestheticConcepts', 'impressions', 'contextHypotheses', 'packetDiagnostics']
Running Flamingo forensic listening...
[Music Flamingo] input tokens=1001; generation budget=400
[Music Flamingo] FORENSIC RESPONSE (24.1s)
1. Yes, the main loop is taken from a pre-existing recording. The loop is a short, repetitive melodic phrase that sounds like a sampled synth or vocal fragment, repeated throughout the track.
2. Yes, there are vocals. They are in Korean, delivered in a spoken‑word style that sounds like a casual conversation. The vocal track is pitch‑shifted and time‑stretched, giving it a slightly robotic, processed timbre.
3. Yes, the main loop repeats identically as a loop, forming the core groove of the track.
4. The main loop is filtered and side‑chained to the kick drum, creating a pumping effect typical of modern electronic production.
5. The source material of the loop sounds like it is from a mid‑2000s or early‑2010s electronic track, with a lo‑fi, slightly degraded sound quality, while the surrounding production is more polished and contemporary.
[Music Flamingo] FORENSIC ANSWERS [{"key": "sampled", "answer": "yes", "cue": "the main loop is taken from a pre-existing recording. The loop is a short, repetitive melodic phrase that sounds like a sampled synth or vocal fragment"}, {"key": "vocals", "answer": "yes", "cue": "there are vocals. They are in Korean, delivered in a spoken‑word style that sounds like a casual conversation. The vocal track is pitch‑shifted and"}, {"key": "loop", "answer": "yes", "cue": "the main loop repeats identically as a loop, forming the core groove of the track."}, {"key": "processing", "answer": "unsure", "cue": "The main loop is filtered and side‑chained to the kick drum, creating a pumping effect typical of modern electronic production."}, {"key": "sourcePeriod", "answer": "unsure", "cue": "The source material of the loop sounds like it is from a mid‑2000s or early‑2010s electronic track, with a lo‑fi, slightly degraded sound quality, while the"}]
Running Flamingo structured deep-listening inference...
[Music Flamingo] input tokens=1981; generation budget=1024
Inference cancelled: superseded during generation
Client already disconnected; 409 not delivered.
Running Flamingo structured deep-listening inference (first impression)...
[Music Flamingo] input tokens=738; generation budget=256

[Music Flamingo] RAW MODEL RESPONSE (max 6000 chars)
{'audibleObservations': [{'id': 1, 'text': 'instrumental music', 'category': 'instrumentation', 'confidence': 0.95}, {'id': 2, 'text': 'no vocals', 'category': 'performance', 'confidence': 0.95}, {'id': 3, 'text': 'simple chord progression', 'category': 'arrangement', 'confidence': 0.95}], 'signatureRelations': [{'id': 1, 'text': 'instrumental track', 'supportRefs': [1, 2, 3], 'confidence': 0.95}], 'uncertainties': ['no lyrics', 'no explicit genre cues'], 'genreHypotheses': [{'label': 'instrumental pop', 'confidence': 0.3}, {'label': 'instrumental rock', 'confidence': 0.3}], 'aestheticConcepts': ['bright and clear', 'steady and relaxed'], 'impressions': ['calm and pleasant', 'light and approachable']}
[Music Flamingo] SANITIZED PACKET SENT TO MUSIC SHOWER (max 6000 chars)
{
  "audibleObservations": [
    {
      "text": "instrumental music",
      "category": "instrumentation",
      "confidence": 0.95,
      "reasoningHints": "",
      "id": "1"
    },
    {
      "text": "no vocals",
      "category": "performance",
      "confidence": 0.95,
      "reasoningHints": "",
      "id": "2"
    },
    {
      "text": "simple chord progression",
      "category": "arrangement",
      "confidence": 0.95,
      "reasoningHints": "",
      "id": "3"
    }
  ],
  "signatureRelations": [
    {
      "text": "instrumental track",
      "confidence": 0.95,
      "reasoningHints": "",
      "supportRefs": [
        "1",
        "2",
        "3"
      ],
      "id": "1"
    }
  ],
  "styleCues": [],
  "uncertainties": [
    "no lyrics",
    "no explicit genre cues"
  ],
  "genreHypotheses": [
    {
      "label": "instrumental pop",
      "confidence": 0.3,
      "reasoningHints": "",
      "supportRefs": [],
      "id": "g1",
      "provisional": true
    },
    {
      "label": "instrumental rock",
      "confidence": 0.3,
      "reasoningHints": "",
      "supportRefs": [],
      "id": "g2",
      "provisional": true
    }
  ],
  "aestheticConcepts": [
    {
      "text": "bright and clear",
      "confidence": 0.62,
      "reasoningHints": "",
      "supportRefs": []
    },
    {
      "text": "steady and relaxed",
      "confidence": 0.62,
      "reasoningHints": "",
      "supportRefs": []
    }
  ],
  "impressions": [
    {
      "text": "calm and pleasant",
      "confidence": 0.6,
      "reasoningHints": "",
      "supportRefs": []
    },
    {
      "text": "light and approachable",
      "confidence": 0.6,
      "reasoningHints": "",
      "supportRefs": []
    }
  ],
  "contextHypotheses": [],
  "packetDiagnostics": {
    "rawItemCount": 10,
    "acceptedConceptCount": 10,
    "duplicateOrRejectedCount": 0,
    "quarantinedCount": 0,
    "fieldCounts": {
      "audibleObservations": 3,
      "signatureRelations": 1,
      "styleCues": 0,
      "genreHypotheses": 2,
      "contextHypotheses": 0,
      "aestheticConcepts": 2,
      "impressions": 2
    }
  }
}
[Music Flamingo] END PACKET

Inference complete in 29.9s. Packet parsed: ['audibleObservations', 'signatureRelations', 'styleCues', 'uncertainties', 'genreHypotheses', 'aestheticConcepts', 'impressions', 'contextHypotheses', 'packetDiagnostics']
Running Flamingo forensic listening...
[Music Flamingo] input tokens=1001; generation budget=400
[Music Flamingo] FORENSIC RESPONSE (15.3s)
1. The main loop is a sampled, looped phrase, likely from a pre-existing recording, used as the core groove.
2. There are no vocals; the track is purely instrumental.
3. The main loop repeats identically as a loop throughout the piece.
4. The loop is processed with filtering and subtle sidechain compression, giving it a clean, polished sound.
5. The source material appears to be from a mid‑2000s or earlier recording, as indicated by the lo‑fi, slightly degraded texture of the sample.
[Music Flamingo] FORENSIC ANSWERS [{"key": "sampled", "answer": "unsure", "cue": "The main loop is a sampled, looped phrase, likely from a pre-existing recording, used as the core groove."}, {"key": "vocals", "answer": "unsure", "cue": "There are no vocals; the track is purely instrumental."}, {"key": "loop", "answer": "unsure", "cue": "The main loop repeats identically as a loop throughout the piece."}, {"key": "processing", "answer": "unsure", "cue": "The loop is processed with filtering and subtle sidechain compression, giving it a clean, polished sound."}, {"key": "sourcePeriod", "answer": "unsure", "cue": "The source material appears to be from a mid‑2000s or earlier recording, as indicated by the lo‑fi, slightly degraded texture of the sample."}]
Running Flamingo structured deep-listening inference...
[Music Flamingo] input tokens=1980; generation budget=1024
Inference cancelled: superseded during generation
Client already disconnected; 409 not delivered.
Running Flamingo structured deep-listening inference (first impression)...
[Music Flamingo] input tokens=762; generation budget=256

[Music Flamingo] RAW MODEL RESPONSE (max 6000 chars)
{'audibleObservations': [{'id': 1, 'text': 'instrumental music', 'category': 'instrumentation', 'confidence': 0.95}, {'id': 2, 'text': 'steady 4/4 rhythm', 'category': 'rhythm', 'confidence': 0.95}, {'id': 3, 'text': 'simple drum pattern', 'category': 'rhythm', 'confidence': 0.95}], 'signatureRelations': [{'id': 1, 'text': 'drum pattern supports steady rhythm', 'supportRefs': [2], 'confidence': 0.95}], 'uncertainties': ['no clear genre', 'no clear instrumentation beyond drums'], 'genreHypotheses': [{'label': 'instrumental', 'confidence': 0.95}, {'label': 'percussion-focused', 'confidence': 0.95}], 'aestheticConcepts': ['steady pulse', 'minimalist texture'], 'impressions': ['neutral mood', 'consistent energy']}
[Music Flamingo] SANITIZED PACKET SENT TO MUSIC SHOWER (max 6000 chars)
{
  "audibleObservations": [
    {
      "text": "instrumental music",
      "category": "instrumentation",
      "confidence": 0.95,
      "reasoningHints": "",
      "id": "1"
    },
    {
      "text": "steady 4/4 rhythm",
      "category": "rhythm",
      "confidence": 0.95,
      "reasoningHints": "",
      "id": "2"
    },
    {
      "text": "simple drum pattern",
      "category": "rhythm",
      "confidence": 0.95,
      "reasoningHints": "",
      "id": "3"
    }
  ],
  "signatureRelations": [
    {
      "text": "drum pattern supports steady rhythm",
      "confidence": 0.95,
      "reasoningHints": "",
      "supportRefs": [
        "2"
      ],
      "id": "1"
    }
  ],
  "styleCues": [],
  "uncertainties": [
    "no clear genre",
    "no clear instrumentation beyond drums"
  ],
  "genreHypotheses": [
    {
      "label": "instrumental",
      "confidence": 0.48,
      "reasoningHints": "",
      "supportRefs": [],
      "id": "g1",
      "provisional": true
    },
    {
      "label": "percussion-focused",
      "confidence": 0.48,
      "reasoningHints": "",
      "supportRefs": [],
      "id": "g2",
      "provisional": true
    }
  ],
  "aestheticConcepts": [
    {
      "text": "steady pulse",
      "confidence": 0.62,
      "reasoningHints": "",
      "supportRefs": []
    },
    {
      "text": "minimalist texture",
      "confidence": 0.62,
      "reasoningHints": "",
      "supportRefs": []
    }
  ],
  "impressions": [
    {
      "text": "neutral mood",
      "confidence": 0.6,
      "reasoningHints": "",
      "supportRefs": []
    },
    {
      "text": "consistent energy",
      "confidence": 0.6,
      "reasoningHints": "",
      "supportRefs": []
    }
  ],
  "contextHypotheses": [],
  "packetDiagnostics": {
    "rawItemCount": 10,
    "acceptedConceptCount": 10,
    "duplicateOrRejectedCount": 0,
    "quarantinedCount": 0,
    "fieldCounts": {
      "audibleObservations": 3,
      "signatureRelations": 1,
      "styleCues": 0,
      "genreHypotheses": 2,
      "contextHypotheses": 0,
      "aestheticConcepts": 2,
      "impressions": 2
    }
  }
}
[Music Flamingo] END PACKET

Inference complete in 34.5s. Packet parsed: ['audibleObservations', 'signatureRelations', 'styleCues', 'uncertainties', 'genreHypotheses', 'aestheticConcepts', 'impressions', 'contextHypotheses', 'packetDiagnostics']
Running Flamingo structured deep-listening inference (first impression)...
[Music Flamingo] input tokens=738; generation budget=256

[Music Flamingo] RAW MODEL RESPONSE (max 6000 chars)
{'audibleObservations': [{'id': 1, 'text': 'spoken Korean', 'category': 'performance', 'confidence': 0.95}, {'id': 2, 'text': 'no musical accompaniment', 'category': 'instrumentation', 'confidence': 0.95}, {'id': 3, 'text': 'dynamic speech', 'category': 'performance', 'confidence': 0.95}], 'signatureRelations': [{'id': 1, 'text': 'speech vs music', 'supportRefs': 1, 'confidence': 0.95}, {'id': 2, 'text': 'no instrumental backing', 'supportRefs': 1, 'confidence': 0.95}], 'uncertainties': ['no musical context', 'no genre cues'], 'genreHypotheses': [{'label': 'spoken word', 'confidence': 0.95, 'supportRefs': 1}, {'label': 'ambient speech', 'confidence': 0.95, 'supportRefs': 1}], 'aestheticConcepts': ['informative', 'conversational'], 'impressions': ['neutral', 'informative']}
[Music Flamingo] SANITIZED PACKET SENT TO MUSIC SHOWER (max 6000 chars)
{
  "audibleObservations": [
    {
      "text": "spoken Korean",
      "category": "performance",
      "confidence": 0.95,
      "reasoningHints": "",
      "id": "1"
    },
    {
      "text": "no musical accompaniment",
      "category": "instrumentation",
      "confidence": 0.95,
      "reasoningHints": "",
      "id": "2"
    },
    {
      "text": "dynamic speech",
      "category": "performance",
      "confidence": 0.95,
      "reasoningHints": "",
      "id": "3"
    }
  ],
  "signatureRelations": [
    {
      "text": "speech vs music",
      "confidence": 0.95,
      "reasoningHints": "",
      "supportRefs": [],
      "id": "1"
    },
    {
      "text": "no instrumental backing",
      "confidence": 0.95,
      "reasoningHints": "",
      "supportRefs": [],
      "id": "2"
    }
  ],
  "styleCues": [],
  "uncertainties": [
    "no musical context",
    "no genre cues"
  ],
  "genreHypotheses": [
    {
      "label": "spoken word",
      "confidence": 0.48,
      "reasoningHints": "",
      "supportRefs": [],
      "id": "g1",
      "provisional": true
    },
    {
      "label": "ambient speech",
      "confidence": 0.48,
      "reasoningHints": "",
      "supportRefs": [],
      "id": "g2",
      "provisional": true
    }
  ],
  "aestheticConcepts": [
    {
      "text": "informative",
      "confidence": 0.62,
      "reasoningHints": "",
      "supportRefs": []
    },
    {
      "text": "conversational",
      "confidence": 0.62,
      "reasoningHints": "",
      "supportRefs": []
    }
  ],
  "impressions": [
    {
      "text": "neutral",
      "confidence": 0.6,
      "reasoningHints": "",
      "supportRefs": []
    },
    {
      "text": "informative",
      "confidence": 0.6,
      "reasoningHints": "",
      "supportRefs": []
    }
  ],
  "contextHypotheses": [],
  "packetDiagnostics": {
    "rawItemCount": 11,
    "acceptedConceptCount": 11,
    "duplicateOrRejectedCount": 0,
    "quarantinedCount": 0,
    "fieldCounts": {
      "audibleObservations": 3,
      "signatureRelations": 2,
      "styleCues": 0,
      "genreHypotheses": 2,
      "contextHypotheses": 0,
      "aestheticConcepts": 2,
      "impressions": 2
    }
  }
}
[Music Flamingo] END PACKET

Inference complete in 56.3s. Packet parsed: ['audibleObservations', 'signatureRelations', 'styleCues', 'uncertainties', 'genreHypotheses', 'aestheticConcepts', 'impressions', 'contextHypotheses', 'packetDiagnostics']
Running Flamingo structured deep-listening inference...
[Music Flamingo] input tokens=1980; generation budget=1024
Inference cancelled: superseded during generation
Client already disconnected; 409 not delivered.
Running Flamingo structured deep-listening inference (first impression)...
[Music Flamingo] input tokens=738; generation budget=256

[Music Flamingo] RAW MODEL RESPONSE (max 6000 chars)
{'audibleObservations': [{'id': 1, 'text': 'spoken Korean', 'category': 'performance', 'confidence': 0.95}, {'id': 2, 'text': 'no musical accompaniment', 'category': 'instrumentation', 'confidence': 0.95}, {'id': 3, 'text': 'clear speech', 'category': 'production', 'confidence': 0.95}], 'signatureRelations': [{'id': 1, 'text': 'speech vs music', 'supportRefs': 1, 'confidence': 0.95}, {'id': 2, 'text': 'minimalistic production', 'supportRefs': 1, 'confidence': 0.95}], 'uncertainties': ['no musical context', 'no genre cues'], 'genreHypotheses': [{'label': 'spoken word', 'confidence': 0.95, 'supportRefs': 1}, {'label': 'informal conversation', 'confidence': 0.95, 'supportRefs': 1}], 'aestheticConcepts': ['informal', 'conversational'], 'impressions': ['informal', 'conversational']}
[Music Flamingo] SANITIZED PACKET SENT TO MUSIC SHOWER (max 6000 chars)
{
  "audibleObservations": [
    {
      "text": "spoken Korean",
      "category": "performance",
      "confidence": 0.95,
      "reasoningHints": "",
      "id": "1"
    },
    {
      "text": "no musical accompaniment",
      "category": "instrumentation",
      "confidence": 0.95,
      "reasoningHints": "",
      "id": "2"
    },
    {
      "text": "clear speech",
      "category": "production",
      "confidence": 0.95,
      "reasoningHints": "",
      "id": "3"
    }
  ],
  "signatureRelations": [
    {
      "text": "speech vs music",
      "confidence": 0.95,
      "reasoningHints": "",
      "supportRefs": [],
      "id": "1"
    },
    {
      "text": "minimalistic production",
      "confidence": 0.95,
      "reasoningHints": "",
      "supportRefs": [],
      "id": "2"
    }
  ],
  "styleCues": [],
  "uncertainties": [
    "no musical context",
    "no genre cues"
  ],
  "genreHypotheses": [
    {
      "label": "spoken word",
      "confidence": 0.48,
      "reasoningHints": "",
      "supportRefs": [],
      "id": "g1",
      "provisional": true
    },
    {
      "label": "informal conversation",
      "confidence": 0.48,
      "reasoningHints": "",
      "supportRefs": [],
      "id": "g2",
      "provisional": true
    }
  ],
  "aestheticConcepts": [
    {
      "text": "informal",
      "confidence": 0.62,
      "reasoningHints": "",
      "supportRefs": []
    },
    {
      "text": "conversational",
      "confidence": 0.62,
      "reasoningHints": "",
      "supportRefs": []
    }
  ],
  "impressions": [
    {
      "text": "informal",
      "confidence": 0.6,
      "reasoningHints": "",
      "supportRefs": []
    },
    {
      "text": "conversational",
      "confidence": 0.6,
      "reasoningHints": "",
      "supportRefs": []
    }
  ],
  "contextHypotheses": [],
  "packetDiagnostics": {
    "rawItemCount": 11,
    "acceptedConceptCount": 11,
    "duplicateOrRejectedCount": 0,
    "quarantinedCount": 0,
    "fieldCounts": {
      "audibleObservations": 3,
      "signatureRelations": 2,
      "styleCues": 0,
      "genreHypotheses": 2,
      "contextHypotheses": 0,
      "aestheticConcepts": 2,
      "impressions": 2
    }
  }
}
[Music Flamingo] END PACKET

Inference complete in 38.9s. Packet parsed: ['audibleObservations', 'signatureRelations', 'styleCues', 'uncertainties', 'genreHypotheses', 'aestheticConcepts', 'impressions', 'contextHypotheses', 'packetDiagnostics']
Running Flamingo structured deep-listening inference...
[Music Flamingo] input tokens=1980; generation budget=1024
[Music Flamingo] NOTE: fewer items than the model sent: audibleObservations 3->2

[Music Flamingo] RAW MODEL RESPONSE (max 6000 chars)
{'audibleObservations': [{'id': 1, 'text': 'steady 4/4 pulse', 'category': 'rhythm', 'confidence': 0.9, 'reasoning': 'clear downbeat on each beat, regular subdivision of 4', 'uncertainties': []},
 {'id': 2, 'text': 'synth bass with sidechain', 'category': 'instrumentation', 'confidence': 0.8, 'reasoning': 'low‑end electronic bass that ducks under the kick drum', 'uncertainties': []},
{'signatureRelations': [{'id': 1, 'text': 'bass and kick lock in sync', 'supportRefs': [1, 2], 'confidence': 0.7, 'reasoning': 'the bass note and kick drum hit together on each downbeat, creating a tight rhythmic lock', 'uncertainties': []},
{'styleCues': [{'id': 1, 'text': 'electronic drum kit', 'confidence': 0.6, 'supportRefs': [2], 'reasoning': 'the kick drum has a synthetic, punchy character typical of electronic production', 'uncertainties': []},
{'genreHypotheses': [{'label': 'electronic dance music', 'confidence': 0.5, 'supportRefs': [1, 2], 'reasoning': 'the combination of a steady 4/4 beat, synth bass, and electronic drum kit is characteristic of EDM subgenres such as house or techno', 'uncertainties': []},
{'aestheticConcepts': [{'text': 'energetic club atmosphere', 'confidence': 0.7, 'supportRefs': [1, 2], 'reasoning': 'the driving pulse and side‑chained bass create a forward‑moving, dance‑floor‑ready vibe', 'uncertainties': []},
{'impressions': [{'text': 'confident, upbeat', 'confidence': 0.6, 'supportRefs': [1, 2], 'reasoning': 'the consistent rhythm and strong bass give a sense of self‑assured momentum', 'uncertainties': []},
{'contextHypotheses': [{'text': 'modern electronic production', 'category': 'scene', 'confidence': 0.8, 'supportRefs': [1, 2], 'reasoning': 'the use of a synth bass and electronic drum kit is typical of contemporary club and festival music', 'uncertainties': []}]}
[Music Flamingo] SANITIZED PACKET SENT TO MUSIC SHOWER (max 6000 chars)
{
  "audibleObservations": [
    {
      "text": "steady 4/4 pulse",
      "category": "rhythm",
      "confidence": 0.9,
      "reasoningHints": "clear downbeat on each beat regular subdivision of 4",
      "id": "1"
    },
    {
      "text": "synth bass with sidechain",
      "category": "instrumentation",
      "confidence": 0.8,
      "reasoningHints": "low‑end electronic bass that ducks under the kick drum",
      "id": "2"
    }
  ],
  "signatureRelations": [],
  "styleCues": [],
  "uncertainties": [],
  "genreHypotheses": [],
  "aestheticConcepts": [],
  "impressions": [],
  "contextHypotheses": [],
  "packetDiagnostics": {
    "rawItemCount": 3,
    "acceptedConceptCount": 2,
    "duplicateOrRejectedCount": 1,
    "quarantinedCount": 0,
    "fieldCounts": {
      "audibleObservations": 2,
      "signatureRelations": 0,
      "styleCues": 0,
      "genreHypotheses": 0,
      "contextHypotheses": 0,
      "aestheticConcepts": 0,
      "impressions": 0
    }
  }
}
[Music Flamingo] END PACKET

Inference complete in 80.2s. Packet parsed: ['audibleObservations', 'signatureRelations', 'styleCues', 'uncertainties', 'genreHypotheses', 'aestheticConcepts', 'impressions', 'contextHypotheses', 'packetDiagnostics']
Client disconnected before the Flamingo response was delivered.
Running Flamingo structured deep-listening inference (first impression)...
[Music Flamingo] input tokens=738; generation budget=256

[Music Flamingo] RAW MODEL RESPONSE (max 6000 chars)
{'audibleObservations': [{'id': 1, 'text': 'instrumental music', 'category': 'instrumentation', 'confidence': 0.9}, {'id': 2, 'text': 'no vocals', 'category': 'performance', 'confidence': 0.9}, {'id': 3, 'text': 'steady rhythm', 'category': 'rhythm', 'confidence': 0.9}], 'signatureRelations': [{'id': 1, 'text': 'instrumental track', 'supportRefs': [1, 2], 'confidence': 0.8}, {'id': 2, 'text': 'no vocal track', 'supportRefs': [2], 'confidence': 0.8}], 'uncertainties': ['no lyrics', 'no explicit genre cues'], 'genreHypotheses': [{'label': 'instrumental pop', 'confidence': 0.3}, {'label': 'instrumental rock', 'confidence': 0.3}], 'aestheticConcepts': ['clean production', 'simple arrangement'], 'impressions': ['neutral mood', 'steady energy']}
[Music Flamingo] SANITIZED PACKET SENT TO MUSIC SHOWER (max 6000 chars)
{
  "audibleObservations": [
    {
      "text": "instrumental music",
      "category": "instrumentation",
      "confidence": 0.9,
      "reasoningHints": "",
      "id": "1"
    },
    {
      "text": "no vocals",
      "category": "performance",
      "confidence": 0.9,
      "reasoningHints": "",
      "id": "2"
    },
    {
      "text": "steady rhythm",
      "category": "rhythm",
      "confidence": 0.9,
      "reasoningHints": "",
      "id": "3"
    }
  ],
  "signatureRelations": [
    {
      "text": "instrumental track",
      "confidence": 0.8,
      "reasoningHints": "",
      "supportRefs": [
        "1",
        "2"
      ],
      "id": "1"
    },
    {
      "text": "no vocal track",
      "confidence": 0.8,
      "reasoningHints": "",
      "supportRefs": [
        "2"
      ],
      "id": "2"
    }
  ],
  "styleCues": [],
  "uncertainties": [
    "no lyrics",
    "no explicit genre cues"
  ],
  "genreHypotheses": [
    {
      "label": "instrumental pop",
      "confidence": 0.3,
      "reasoningHints": "",
      "supportRefs": [],
      "id": "g1",
      "provisional": true
    },
    {
      "label": "instrumental rock",
      "confidence": 0.3,
      "reasoningHints": "",
      "supportRefs": [],
      "id": "g2",
      "provisional": true
    }
  ],
  "aestheticConcepts": [
    {
      "text": "clean production",
      "confidence": 0.62,
      "reasoningHints": "",
      "supportRefs": []
    },
    {
      "text": "simple arrangement",
      "confidence": 0.62,
      "reasoningHints": "",
      "supportRefs": []
    }
  ],
  "impressions": [
    {
      "text": "neutral mood",
      "confidence": 0.6,
      "reasoningHints": "",
      "supportRefs": []
    },
    {
      "text": "steady energy",
      "confidence": 0.6,
      "reasoningHints": "",
      "supportRefs": []
    }
  ],
  "contextHypotheses": [],
  "packetDiagnostics": {
    "rawItemCount": 11,
    "acceptedConceptCount": 11,
    "duplicateOrRejectedCount": 0,
    "quarantinedCount": 0,
    "fieldCounts": {
      "audibleObservations": 3,
      "signatureRelations": 2,
      "styleCues": 0,
      "genreHypotheses": 2,
      "contextHypotheses": 0,
      "aestheticConcepts": 2,
      "impressions": 2
    }
  }
}
[Music Flamingo] END PACKET

Inference complete in 30.1s. Packet parsed: ['audibleObservations', 'signatureRelations', 'styleCues', 'uncertainties', 'genreHypotheses', 'aestheticConcepts', 'impressions', 'contextHypotheses', 'packetDiagnostics']
Running Flamingo structured deep-listening inference...
[Music Flamingo] input tokens=1980; generation budget=1024

[Music Flamingo] RAW MODEL RESPONSE (max 6000 chars)
{'audibleObservations': [{'id': 1, 'text': 'fast 4/4 electronic drum pattern', 'category': 'rhythm', 'confidence': 0.9, 'reasoning': 'steady pulse with a strong kick on every downbeat and a crisp snare on the backbeat.'}, {'id': 2, 'text': 'bright synth lead melody', 'category': 'instrumentation', 'confidence': 0.8, 'reasoning': 'a high‑frequency, saw‑tooth‑like synth line that carries the main melodic hook.'}, {'id': 3, 'text': 'deep sub‑bass synth', 'category': 'instrumentation', 'confidence': 0.7, 'reasoning': 'a low‑frequency sine‑wave bass that underpins the harmony and drives the groove.'}, {'id': 4, 'text': 'clean, polished production', 'category': 'production', 'confidence': 0.6, 'reasoning': 'clear separation of elements, moderate compression, and a wide stereo image.'}, {'id': 5, 'text': 'repetitive chord progression', 'category': 'harmony', 'confidence': 0.5, 'reasoning': 'a simple loop of major chords that repeats every eight bars, creating a stable tonal center.'}], 'signatureRelations': [{'id': 1, 'text': 'drum and bass elements', 'supportRefs': [1, 2], 'confidence': 0.8, 'reasoning': 'the drum pattern and bass synth are typical of drum‑and‑bass, though the tempo is slower than typical.'}, {'id': 2, 'text': 'synth‑lead melody', 'supportRefs': [2], 'confidence': 0.7, 'reasoning': 'the bright synth line is the primary melodic element, a hallmark of many electronic dance styles.'}], 'styleCues': [{'id': 1, 'text': 'electronic drum programming', 'confidence': 0.6, 'supportRefs': [1]}, {'id': 2, 'text': 'synth bass with side‑chain compression', 'confidence': 0.5, 'supportRefs': [3]}, {'id': 3, 'text': 'clean digital production', 'confidence': 0.4, 'supportRefs': [4]}], 'uncertainties': ['instrumentation ambiguity', 'genre label not fully confirmed'], 'genreHypotheses': [{'label': 'electronic dance music', 'confidence': 0.7, 'supportRefs': [1, 2, 3, 4]}, {'label': 'drum‑and‑bass', 'confidence': 0.3, 'supportRefs': [1, 3, 4]}], 'aestheticConcepts': [{'text': 'energetic and uplifting', 'confidence': 0.8, 'supportRefs': [1, 2, 3, 4]}, {'text': 'modern club sound', 'confidence': 0.6, 'supportRefs': [1, 3, 4]}], 'impressions': [{'text': 'bright and forward‑moving', 'confidence': 0.7, 'supportRefs': [2, 3, 4]}, {'text': 'slightly melancholic undertone', 'confidence': 0.4, 'supportRefs': [3, 4]}], 'contextHypotheses': [{'text': 'contemporary electronic scene', 'confidence': 0.6, 'supportRefs': [1, 2, 3, 4]}, {'text': 'late‑2010s to early‑2020s club culture', 'confidence': 0.4, 'supportRefs': [1, 3, 4]}]}
[Music Flamingo] SANITIZED PACKET SENT TO MUSIC SHOWER (max 6000 chars)
{
  "audibleObservations": [
    {
      "text": "fast 4/4 electronic drum pattern",
      "category": "rhythm",
      "confidence": 0.9,
      "reasoningHints": "steady pulse with a strong kick on every downbeat and a crisp snare on",
      "id": "1"
    },
    {
      "text": "bright synth lead melody",
      "category": "instrumentation",
      "confidence": 0.8,
      "reasoningHints": "a high‑frequency saw‑tooth‑like synth line that carries the main melodic",
      "id": "2"
    },
    {
      "text": "clean polished production",
      "category": "production",
      "confidence": 0.6,
      "reasoningHints": "clear separation of elements moderate compression and a wide stereo",
      "id": "4"
    },
    {
      "text": "repetitive chord progression",
      "category": "arrangement",
      "confidence": 0.5,
      "reasoningHints": "a simple loop of major chords that repeats every eight bars creating a",
      "sourceCategory": "harmony",
      "id": "5"
    },
    {
      "text": "deep sub‑bass synth",
      "category": "instrumentation",
      "confidence": 0.7,
      "reasoningHints": "a low‑frequency sine‑wave bass that underpins the harmony and drives the",
      "id": "3"
    }
  ],
  "signatureRelations": [
    {
      "text": "drum and bass elements",
      "confidence": 0.8,
      "reasoningHints": "the drum pattern and bass synth are typical of drum‑and‑bass though the",
      "supportRefs": [
        "1",
        "2"
      ],
      "id": "1"
    },
    {
      "text": "synth‑lead melody",
      "confidence": 0.7,
      "reasoningHints": "the bright synth line is the primary melodic element a hallmark of many",
      "supportRefs": [
        "2"
      ],
      "id": "2"
    }
  ],
  "styleCues": [
    {
      "text": "electronic drum programming",
      "confidence": 0.6,
      "reasoningHints": "",
      "supportRefs": [
        "1"
      ],
      "id": "1"
    },
    {
      "text": "synth bass with side‑chain compression",
      "confidence": 0.5,
      "reasoningHints": "",
      "supportRefs": [
        "3"
      ],
      "id": "2"
    },
    {
      "text": "clean digital production",
      "confidence": 0.4,
      "reasoningHints": "",
      "supportRefs": [
        "4"
      ],
      "id": "3"
    }
  ],
  "uncertainties": [
    "instrumentation ambiguity",
    "genre label not fully confirmed"
  ],
  "genreHypotheses": [
    {
      "label": "electronic dance music",
      "confidence": 0.7,
      "reasoningHints": "",
      "supportRefs": [
        "1",
        "2",
        "3",
        "4"
      ],
      "id": "g1"
    },
    {
      "label": "drum‑and‑bass",
      "confidence": 0.3,
      "reasoningHints": "",
      "supportRefs": [
        "1",
        "3",
        "4"
      ],
      "id": "g2"
    }
  ],
  "aestheticConcepts": [
    {
      "text": "energetic and uplifting",
      "confidence": 0.8,
      "reasoningHints": "",
      "supportRefs": [
        "1",
        "2",
        "3",
        "4"
      ]
    },
    {
      "text": "modern club sound",
      "confidence": 0.6,
      "reasoningHints": "",
      "supportRefs": [
        "1",
        "3",
        "4"
      ]
    }
  ],
  "impressions": [
    {
      "text": "bright and forward‑moving",
      "confidence": 0.7,
      "reasoningHints": "",
      "supportRefs": [
        "2",
        "3",
        "4"
      ]
    },
    {
      "text": "slightly melancholic undertone",
      "confidence": 0.4,
      "reasoningHints": "",
      "supportRefs": [
        "3",
        "4"
      ]
    }
  ],
  "contextHypotheses": [
    {
      "text": "contemporary electronic scene",
      "category": "scene",
      "confidence": 0.6,
      "reasoningHints": "",
      "supportRefs": [
        "1",
        "2",
        "3",
        "4"
      ]
    },
    {
      "text": "late‑2010s to early‑2020s club culture",
      "category": "scene",
      "confidence": 0.4,
      "reasoningHints": "",
      "supportRefs": [
        "1",
        "3",
        "4"
      ]
    }
  ],
  "packetDiagnostics": {
    "rawItemCount": 18,
    "acceptedConceptCount": 18,
    "duplicateOrRejectedCount": 0,
    "quarantinedCount": 0,
    "fieldCounts": {
      "audibleObservations": 5,
      "signatureRelations": 2,
      "styleCues": 3,
      "genreHypotheses": 2,
      "contextHypotheses": 2,
      "aestheticConcepts": 2,
      "impressions": 2
    }
  }
}
[Music Flamingo] END PACKET

Inference complete in 117.6s. Packet parsed: ['audibleObservations', 'signatureRelations', 'styleCues', 'uncertainties', 'genreHypotheses', 'aestheticConcepts', 'impressions', 'contextHypotheses', 'packetDiagnostics']
Running Flamingo structured deep-listening inference...
[Music Flamingo] input tokens=1981; generation budget=1024
Inference cancelled: superseded during generation
Client already disconnected; 409 not delivered.
Running Flamingo structured deep-listening inference (first impression)...
[Music Flamingo] input tokens=762; generation budget=256

[Music Flamingo] RAW MODEL RESPONSE (max 6000 chars)
{'audibleObservations': [{'id': 1, 'text': 'instrumental rock', 'category': 'instrumentation', 'confidence': 0.7}, {'id': 2, 'text': 'driving rhythm', 'category': 'rhythm', 'confidence': 0.8}, {'id': 3, 'text': 'clean electric guitar', 'category': 'instrumentation', 'confidence': 0.7}], 'signatureRelations': [{'id': 1, 'text': 'guitar-driven rock', 'supportRefs': [1, 3], 'confidence': 0.6}, {'id': 2, 'text': 'steady drum groove', 'supportRefs': [2], 'confidence': 0.5}], 'uncertainties': ['no vocals', 'no explicit genre label'], 'genreHypotheses': [{'label': 'rock', 'confidence': 0.3}, {'label': 'instrumental rock', 'confidence': 0.6}], 'aestheticConcepts': ['energetic', 'forward-moving'], 'impressions': ['confident', 'steady momentum']}
[Music Flamingo] SANITIZED PACKET SENT TO MUSIC SHOWER (max 6000 chars)
{
  "audibleObservations": [
    {
      "text": "instrumental rock",
      "category": "instrumentation",
      "confidence": 0.7,
      "reasoningHints": "",
      "id": "1"
    },
    {
      "text": "driving rhythm",
      "category": "rhythm",
      "confidence": 0.8,
      "reasoningHints": "",
      "id": "2"
    },
    {
      "text": "clean electric guitar",
      "category": "instrumentation",
      "confidence": 0.7,
      "reasoningHints": "",
      "id": "3"
    }
  ],
  "signatureRelations": [
    {
      "text": "guitar-driven rock",
      "confidence": 0.6,
      "reasoningHints": "",
      "supportRefs": [
        "1",
        "3"
      ],
      "id": "1"
    },
    {
      "text": "steady drum groove",
      "confidence": 0.5,
      "reasoningHints": "",
      "supportRefs": [
        "2"
      ],
      "id": "2"
    }
  ],
  "styleCues": [],
  "uncertainties": [
    "no vocals",
    "no explicit genre label"
  ],
  "genreHypotheses": [
    {
      "label": "rock",
      "confidence": 0.3,
      "reasoningHints": "",
      "supportRefs": [],
      "id": "g1",
      "provisional": true
    },
    {
      "label": "instrumental rock",
      "confidence": 0.48,
      "reasoningHints": "",
      "supportRefs": [],
      "id": "g2",
      "provisional": true
    }
  ],
  "aestheticConcepts": [
    {
      "text": "energetic",
      "confidence": 0.62,
      "reasoningHints": "",
      "supportRefs": []
    },
    {
      "text": "forward-moving",
      "confidence": 0.62,
      "reasoningHints": "",
      "supportRefs": []
    }
  ],
  "impressions": [
    {
      "text": "confident",
      "confidence": 0.6,
      "reasoningHints": "",
      "supportRefs": []
    },
    {
      "text": "steady momentum",
      "confidence": 0.6,
      "reasoningHints": "",
      "supportRefs": []
    }
  ],
  "contextHypotheses": [],
  "packetDiagnostics": {
    "rawItemCount": 11,
    "acceptedConceptCount": 11,
    "duplicateOrRejectedCount": 0,
    "quarantinedCount": 0,
    "fieldCounts": {
      "audibleObservations": 3,
      "signatureRelations": 2,
      "styleCues": 0,
      "genreHypotheses": 2,
      "contextHypotheses": 0,
      "aestheticConcepts": 2,
      "impressions": 2
    }
  }
}
[Music Flamingo] END PACKET

Inference complete in 33.1s. Packet parsed: ['audibleObservations', 'signatureRelations', 'styleCues', 'uncertainties', 'genreHypotheses', 'aestheticConcepts', 'impressions', 'contextHypotheses', 'packetDiagnostics']
Running Flamingo forensic listening...
[Music Flamingo] input tokens=1001; generation budget=400
[Music Flamingo] FORENSIC RESPONSE (26.9s)
1. The track is built around a prominent, repetitive synth loop that sounds like a sampled or looped element, serving as the main melodic and rhythmic foundation. The production style is modern, with a clean, high‑fidelity mix and wide stereo imaging, but the loop itself retains a slightly lo‑fi, vintage texture that suggests it may be a sample from an older source.
2. No vocals are present.
3. The main synth loop repeats identically throughout the track, forming a continuous groove that drives the piece.
4. The loop is processed with sidechain compression to the kick drum, giving it a pumping feel, and subtle saturation adds warmth. The overall mix is polished, with careful EQ shaping and stereo widening.
5. The source material for the loop appears to be from an older recording, likely from the late 1990s to early 2000s, as indicated by its lo‑fi character, while the surrounding production is contemporary.
[Music Flamingo] FORENSIC ANSWERS [{"key": "sampled", "answer": "unsure", "cue": "The track is built around a prominent, repetitive synth loop that sounds like a sampled or looped element, serving as the main melodic and rhythmic foundation."}, {"key": "vocals", "answer": "no", "cue": "vocals are present."}, {"key": "loop", "answer": "unsure", "cue": "The main synth loop repeats identically throughout the track, forming a continuous groove that drives the piece."}, {"key": "processing", "answer": "unsure", "cue": "The loop is processed with sidechain compression to the kick drum, giving it a pumping feel, and subtle saturation adds warmth. The overall mix is polished"}, {"key": "sourcePeriod", "answer": "unsure", "cue": "The source material for the loop appears to be from an older recording, likely from the late 1990s to early 2000s, as indicated by its lo‑fi character, while"}]
Running Flamingo structured deep-listening inference...
[Music Flamingo] input tokens=1980; generation budget=1024
Running Flamingo structured deep-listening inference (first impression)...

[Music Flamingo] RAW MODEL RESPONSE (max 6000 chars)
{'audibleObservations': [{'id': 1, 'text': 'electronic drum kit', 'category': 'rhythm', 'confidence': 0.9, 'reasoning': 'steady 4/4 pulse with a crisp, quantized kick and snare pattern.'}, {'id': 2, 'text': 'synth bass', 'category': 'instrumentation', 'confidence': 0.9, 'reasoning': 'deep, sustained sub‑bass that follows the root of the chord progression.'}, {'id': 3, 'text': 'synth lead', 'category': 'instrumentation', 'confidence': 0.9, 'reasoning': 'bright, arpeggiated melodic line that repeats a short motif throughout the loop.'}, {'id': 4, 'text': 'minimal harmonic movement', 'category': 'harmony', 'confidence': 0.8, 'reasoning': 'the chord changes are simple and repetitive, staying mostly on the tonic and its relative minor.'}, {'id': 5, 'text': 'steady 4/4 pulse', 'category': 'rhythm', 'confidence': 0.9, 'reasoning': 'the drum pattern emphasizes the downbeat with a consistent kick on every quarter note and a snare on the backbeat.'}], 'signatureRelations': [{'id': 1, 'text': 'drum and bass elements', 'supportRefs': [1, 2], 'confidence': 0.7, 'reasoning': 'the drum kit sound and the driving bass line are characteristic of drum and bass, though the tempo is slower than typical.'}, {'id': 2, 'text': 'synth lead and bass interplay', 'supportRefs': [3, 2], 'confidence': 0.6, 'reasoning': 'the synth lead and bass work together in a call‑and‑response fashion, with the bass providing a steady foundation and the lead adding melodic interest.'}], 'styleCues': [{'id': 1, 'text': 'electronic production', 'confidence': 0.8, 'supportRefs': [1, 2, 3]}, {'id': 2, 'text': 'minimalist arrangement', 'confidence': 0.7, 'supportRefs': [4, 5]}], 'uncertainties': ['instrumentation ambiguity'], 'genreHypotheses': [{'label': 'drum and bass', 'confidence': 0.5, 'supportRefs': [1, 2, 3, 4, 5]}, {'label': 'ambient electronic', 'confidence': 0.3, 'supportRefs': [1, 2, 3, 4, 5]}], 'aestheticConcepts': [{'text': 'hypnotic', 'confidence': 0.6, 'supportRefs': [1, 2, 3, 4, 5]}, {'text': 'minimalist', 'confidence': 0.5, 'supportRefs': [4, 5]}], 'impressions': [{'text': 'calm yet driving', 'confidence': 0.7, 'supportRefs': [1, 2, 3, 4, 5]}, {'text': 'steady, meditative', 'confidence': 0.6, 'supportRefs': [1, 2, 3, 4, 5]}], 'contextHypotheses': [{'text': 'contemporary electronic', 'category': 'scene', 'confidence': 0.8, 'supportRefs': [1, 2, 3, 4, 5]}, {'text': 'late‑2010s ambient‑drum‑and‑bass crossover', 'category': 'era', 'confidence': 0.4, 'supportRefs': [1, 2, 3, 4, 5]}]}
[Music Flamingo] SANITIZED PACKET SENT TO MUSIC SHOWER (max 6000 chars)
{
  "audibleObservations": [
    {
      "text": "electronic drum kit",
      "category": "rhythm",
      "confidence": 0.9,
      "reasoningHints": "steady 4/4 pulse with a crisp quantized kick and snare pattern.",
      "id": "1"
    },
    {
      "text": "synth bass",
      "category": "instrumentation",
      "confidence": 0.9,
      "reasoningHints": "deep sustained sub‑bass that follows the root of the chord progression.",
      "id": "2"
    },
    {
      "text": "minimal harmonic movement",
      "category": "arrangement",
      "confidence": 0.8,
      "reasoningHints": "the chord changes are simple and repetitive staying mostly on the tonic",
      "sourceCategory": "harmony",
      "id": "4"
    },
    {
      "text": "synth lead",
      "category": "instrumentation",
      "confidence": 0.9,
      "reasoningHints": "bright arpeggiated melodic line that repeats a short motif throughout",
      "id": "3"
    },
    {
      "text": "steady 4/4 pulse",
      "category": "rhythm",
      "confidence": 0.9,
      "reasoningHints": "the drum pattern emphasizes the downbeat with a consistent kick on every",
      "id": "5"
    }
  ],
  "signatureRelations": [
    {
      "text": "drum and bass elements",
      "confidence": 0.7,
      "reasoningHints": "the drum kit sound and the driving bass line are characteristic of drum",
      "supportRefs": [
        "1",
        "2"
      ],
      "id": "1"
    },
    {
      "text": "synth lead and bass interplay",
      "confidence": 0.6,
      "reasoningHints": "the synth lead and bass work together in a call‑and‑response fashion",
      "supportRefs": [
        "3",
        "2"
      ],
      "id": "2"
    }
  ],
  "styleCues": [
    {
      "text": "electronic production",
      "confidence": 0.8,
      "reasoningHints": "",
      "supportRefs": [
        "1",
        "2",
        "3"
      ],
      "id": "1"
    },
    {
      "text": "minimalist arrangement",
      "confidence": 0.7,
      "reasoningHints": "",
      "supportRefs": [
        "4",
        "5"
      ],
      "id": "2"
    }
  ],
  "uncertainties": [
    "instrumentation ambiguity"
  ],
  "genreHypotheses": [
    {
      "label": "drum and bass",
      "confidence": 0.5,
      "reasoningHints": "",
      "supportRefs": [
        "1",
        "2",
        "3",
        "4",
        "5"
      ],
      "id": "g1"
    },
    {
      "label": "ambient electronic",
      "confidence": 0.3,
      "reasoningHints": "",
      "supportRefs": [
        "1",
        "2",
        "3",
        "4",
        "5"
      ],
      "id": "g2"
    }
  ],
  "aestheticConcepts": [
    {
      "text": "hypnotic",
      "confidence": 0.6,
      "reasoningHints": "",
      "supportRefs": [
        "1",
        "2",
        "3",
        "4",
        "5"
      ]
    },
    {
      "text": "minimalist",
      "confidence": 0.5,
      "reasoningHints": "",
      "supportRefs": [
        "4",
        "5"
      ]
    }
  ],
  "impressions": [
    {
      "text": "calm yet driving",
      "confidence": 0.7,
      "reasoningHints": "",
      "supportRefs": [
        "1",
        "2",
        "3",
        "4",
        "5"
      ]
    },
    {
      "text": "steady meditative",
      "confidence": 0.6,
      "reasoningHints": "",
      "supportRefs": [
        "1",
        "2",
        "3",
        "4",
        "5"
      ]
    }
  ],
  "contextHypotheses": [
    {
      "text": "contemporary electronic",
      "category": "scene",
      "confidence": 0.8,
      "reasoningHints": "",
      "supportRefs": [
        "1",
        "2",
        "3",
        "4",
        "5"
      ]
    },
    {
      "text": "late‑2010s ambient‑drum‑and‑bass crossover",
      "category": "era",
      "confidence": 0.4,
      "reasoningHints": "",
      "supportRefs": [
        "1",
        "2",
        "3",
        "4",
        "5"
      ]
    }
  ],
  "packetDiagnostics": {
    "rawItemCount": 17,
    "acceptedConceptCount": 17,
    "duplicateOrRejectedCount": 0,
    "quarantinedCount": 0,
    "fieldCounts": {
      "audibleObservations": 5,
      "signatureRelations": 2,
      "styleCues": 2,
      "genreHypotheses": 2,
      "contextHypotheses": 2,
      "aestheticConcepts": 2,
      "impressions": 2
    }
  }
}
[Music Flamingo] END PACKET

Inference complete in 121.8s. Packet parsed: ['audibleObservations', 'signatureRelations', 'styleCues', 'uncertainties', 'genreHypotheses', 'aestheticConcepts', 'impressions', 'contextHypotheses', 'packetDiagnostics']
[Music Flamingo] input tokens=738; generation budget=256
Running Flamingo forensic listening...

[Music Flamingo] RAW MODEL RESPONSE (max 6000 chars)
{'audibleObservations': [{'id': 1, 'text': 'instrumental music', 'category': 'instrumentation', 'confidence': 0.7}, {'id': 2, 'text': 'no vocals', 'category': 'performance', 'confidence': 0.9}, {'id': 3, 'text': 'simple drum pattern', 'category': 'rhythm', 'confidence': 0.6}], 'signatureRelations': [{'id': 1, 'text': 'drum pattern supports instrumental', 'supportRefs': 1, 'confidence': 0.8}, {'id': 2, 'text': 'instrumental suggests minimal arrangement', 'supportRefs': 1, 'confidence': 0.5}], 'uncertainties': ['no clear genre label', 'no clear tempo or time signature'], 'genreHypotheses': [{'label': 'instrumental', 'confidence': 0.6}, {'label': 'minimal arrangement', 'confidence': 0.4}], 'aestheticConcepts': ['steady pulse', 'clean production'], 'impressions': ['neutral mood', 'simple structure']}
[Music Flamingo] SANITIZED PACKET SENT TO MUSIC SHOWER (max 6000 chars)
{
  "audibleObservations": [
    {
      "text": "instrumental music",
      "category": "instrumentation",
      "confidence": 0.7,
      "reasoningHints": "",
      "id": "1"
    },
    {
      "text": "no vocals",
      "category": "performance",
      "confidence": 0.9,
      "reasoningHints": "",
      "id": "2"
    },
    {
      "text": "simple drum pattern",
      "category": "rhythm",
      "confidence": 0.6,
      "reasoningHints": "",
      "id": "3"
    }
  ],
  "signatureRelations": [
    {
      "text": "drum pattern supports instrumental",
      "confidence": 0.8,
      "reasoningHints": "",
      "supportRefs": [],
      "id": "1"
    },
    {
      "text": "instrumental suggests minimal arrangement",
      "confidence": 0.5,
      "reasoningHints": "",
      "supportRefs": [],
      "id": "2"
    }
  ],
  "styleCues": [],
  "uncertainties": [
    "no clear genre label",
    "no clear tempo or time signature"
  ],
  "genreHypotheses": [
    {
      "label": "instrumental",
      "confidence": 0.48,
      "reasoningHints": "",
      "supportRefs": [],
      "id": "g1",
      "provisional": true
    },
    {
      "label": "minimal arrangement",
      "confidence": 0.4,
      "reasoningHints": "",
      "supportRefs": [],
      "id": "g2",
      "provisional": true
    }
  ],
  "aestheticConcepts": [
    {
      "text": "steady pulse",
      "confidence": 0.62,
      "reasoningHints": "",
      "supportRefs": []
    },
    {
      "text": "clean production",
      "confidence": 0.62,
      "reasoningHints": "",
      "supportRefs": []
    }
  ],
  "impressions": [
    {
      "text": "neutral mood",
      "confidence": 0.6,
      "reasoningHints": "",
      "supportRefs": []
    },
    {
      "text": "simple structure",
      "confidence": 0.6,
      "reasoningHints": "",
      "supportRefs": []
    }
  ],
  "contextHypotheses": [],
  "packetDiagnostics": {
    "rawItemCount": 11,
    "acceptedConceptCount": 11,
    "duplicateOrRejectedCount": 0,
    "quarantinedCount": 0,
    "fieldCounts": {
      "audibleObservations": 3,
      "signatureRelations": 2,
      "styleCues": 0,
      "genreHypotheses": 2,
      "contextHypotheses": 0,
      "aestheticConcepts": 2,
      "impressions": 2
    }
  }
}
[Music Flamingo] END PACKET

Inference complete in 149.7s. Packet parsed: ['audibleObservations', 'signatureRelations', 'styleCues', 'uncertainties', 'genreHypotheses', 'aestheticConcepts', 'impressions', 'contextHypotheses', 'packetDiagnostics']
[Music Flamingo] input tokens=1001; generation budget=400
Running Flamingo structured deep-listening inference...
[Music Flamingo] FORENSIC RESPONSE (52.2s)
1. The track is built around a prominent, repetitive synth loop that sounds like a sampled or looped element, serving as the main groove. The production style is modern, with clean, high‑fidelity processing, so it is not a direct sample of an older recording, but the loop itself is clearly derived from a pre‑existing source.
2. There are no vocals in the track. The only vocal‑like element is a brief spoken‑word sample that appears at the very start (0:00–0:02) and is not a sung or spoken performance, so it does not count as a vocal line.
3. The main synth loop repeats identically throughout the piece, forming the backbone of the arrangement and providing a continuous rhythmic and harmonic foundation.
4. The main loop is processed with sidechain compression to the kick drum, giving it a pumping feel, and the overall mix is bright and wide, with subtle saturation on the synths to add warmth.
5. The source material for the loop sounds like it is from a mid‑2000s electronic production, characterized by a slightly lo‑fi texture and a simple, repetitive chord pattern, while the surrounding production is a clean, modern electronic style from the late 2010s/early 2020s.
[Music Flamingo] FORENSIC ANSWERS [{"key": "sampled", "answer": "unsure", "cue": "The track is built around a prominent, repetitive synth loop that sounds like a sampled or looped element, serving as the main groove. The production style is"}, {"key": "vocals", "answer": "unsure", "cue": "There are no vocals in the track. The only vocal‑like element is a brief spoken‑word sample that appears at the very start (0:00–0:02) and is not a sung or"}, {"key": "loop", "answer": "unsure", "cue": "The main synth loop repeats identically throughout the piece, forming the backbone of the arrangement and providing a continuous rhythmic and harmonic"}, {"key": "processing", "answer": "unsure", "cue": "The main loop is processed with sidechain compression to the kick drum, giving it a pumping feel, and the overall mix is bright and wide, with subtle saturation"}, {"key": "sourcePeriod", "answer": "unsure", "cue": "The source material for the loop sounds like it is from a mid‑2000s electronic production, characterized by a slightly lo‑fi texture and a simple, repetitive"}]
[Music Flamingo] input tokens=1981; generation budget=1024
Running Flamingo structured deep-listening inference...
[Music Flamingo] NOTE: fewer items than the model sent: audibleObservations 21->8

[Music Flamingo] RAW MODEL RESPONSE (max 6000 chars)
{'audibleObservations': [{'id': 1, 'text': 'fast 4/4 electronic drum pattern', 'category': 'rhythm', 'confidence': 0.9, 'reasoning': 'steady pulse with a strong backbeat, typical of dance‑oriented electronic music'}, {'id': 2, 'text': 'synth bass with a simple, repetitive pattern', 'category': 'instrumentation', 'confidence': 0.8, 'reasoning': 'low‑end electronic bass that locks with the kick drum, providing a solid foundation'}, {'id': 3, 'text': 'bright synth lead playing a short melodic hook', 'category': 'instrumentation', 'confidence': 0.7, 'reasoning': 'a single synth voice with a clear, high‑frequency timbre that repeats a concise motif'}, {'id': 4, 'text': 'minimal harmonic content, mostly static', 'category': 'harmony', 'confidence': 0.6, 'reasoning': 'no chord changes are audible; the synth line stays on a single pitch or very simple intervals'}, {'id': 5, 'text': 'clean, digital production with little reverb', 'category': 'production', 'confidence': 0.8, 'reasoning': 'the mix is tight and direct, emphasizing the drum‑bass‑lead trio without heavy spatial effects'}, {'id': 6, 'text': 'steady, driving energy', 'category': 'dynamics', 'confidence': 0.7, 'reasoning': 'the volume stays relatively constant, with no major drops or builds'}, {'id': 7, 'text': 'no vocal presence', 'category': 'vocals', 'confidence': 1.0, 'reasoning': 'no human voice is heard'}, {'id': 8, 'text': 'no lyrical content', 'category': 'lyrics', 'confidence': 1.0, 'reasoning': 'no words or sung phrases are present'}, {'id': 9, 'text': 'repetitive loop structure', 'category': 'arrangement', 'confidence': 0.9, 'reasoning': 'the segment consists of a continuous cycle of the same drum‑bass‑lead pattern without clear sectional changes'}, {'id': 10, 'text': 'no dynamic variation', 'category': 'dynamics', 'confidence': 0.9, 'reasoning': 'the level remains steady throughout the loop'}, {'id': 11, 'text': 'no harmonic progression', 'category': 'harmony', 'confidence': 0.9, 'reasoning': 'the synth line does not move through chords, staying on a single pitch or simple interval'}, {'id': 12, 'text': 'no vocal timbre or style', 'category': 'vocals', 'confidence': 1.0, 'reasoning': 'no human voice is present'}, {'id': 13, 'text': 'no lyrical theme', 'category': 'lyrics', 'confidence': 1.0, 'reasoning': 'no words or sung phrases are present'}, {'id': 14, 'text': 'no dynamic contrast', 'category': 'dynamics', 'confidence': 0.9, 'reasoning': 'the level remains steady throughout the loop'}, {'id': 15, 'text': 'no harmonic movement', 'category': 'harmony', 'confidence': 0.9, 'reasoning': 'the synth line does not move through chords, staying on a single pitch or simple interval'}, {'id': 16, 'text': 'no vocal presence', 'category': 'vocals', 'confidence': 1.0, 'reasoning': 'no human voice is heard'}, {'id': 17, 'text': 'no lyrical content', 'category': 'lyrics', 'confidence': 1.0, 'reasoning': 'no words or sung phrases are present'}, {'id': 18, 'text': 'no dynamic variation', 'category': 'dynamics', 'confidence': 0.9, 'reasoning': 'the level remains steady throughout the loop'}, {'id': 19, 'text': 'no harmonic progression', 'category': 'harmony', 'confidence': 0.9, 'reasoning': 'the synth line does not move through chords, staying on a single pitch or simple interval'}, {'id': 20, 'text': 'no vocal timbre or style', 'category': 'vocals', 'confidence': 1.0, 'reasoning': 'no human voice is present'}, {'id': 21, 'text': 'no lyrical theme', 'category': 'lyrics', 'confidence': 1.0, 'reasoning
[Music Flamingo] SANITIZED PACKET SENT TO MUSIC SHOWER (max 6000 chars)
{
  "audibleObservations": [
    {
      "text": "fast 4/4 electronic drum pattern",
      "category": "rhythm",
      "confidence": 0.9,
      "reasoningHints": "steady pulse with a strong backbeat typical of dance‑oriented electronic",
      "id": "1"
    },
    {
      "text": "synth bass with a simple repetitive pattern",
      "category": "instrumentation",
      "confidence": 0.8,
      "reasoningHints": "low‑end electronic bass that locks with the kick drum providing a solid",
      "id": "2"
    },
    {
      "text": "minimal harmonic content mostly static",
      "category": "arrangement",
      "confidence": 0.6,
      "reasoningHints": "no chord changes are audible the synth line stays on a single pitch or",
      "sourceCategory": "harmony",
      "id": "4"
    },
    {
      "text": "clean digital production with little reverb",
      "category": "production",
      "confidence": 0.8,
      "reasoningHints": "the mix is tight and direct emphasizing the drum‑bass‑lead trio without",
      "id": "5"
    },
    {
      "text": "steady driving energy",
      "category": "dynamics",
      "confidence": 0.7,
      "reasoningHints": "the volume stays relatively constant with no major drops or builds",
      "id": "6"
    },
    {
      "text": "no vocal presence",
      "category": "performance",
      "confidence": 1.0,
      "reasoningHints": "no human voice is heard",
      "sourceCategory": "vocals",
      "id": "7"
    },
    {
      "text": "repetitive loop structure",
      "category": "arrangement",
      "confidence": 0.9,
      "reasoningHints": "the segment consists of a continuous cycle of the same drum‑bass‑lead",
      "id": "9"
    },
    {
      "text": "bright synth lead playing a short melodic hook",
      "category": "instrumentation",
      "confidence": 0.7,
      "reasoningHints": "a single synth voice with a clear high‑frequency timbre that repeats a",
      "id": "3"
    }
  ],
  "signatureRelations": [],
  "styleCues": [],
  "uncertainties": [
    "unrecognized audible category"
  ],
  "genreHypotheses": [],
  "aestheticConcepts": [],
  "impressions": [],
  "contextHypotheses": [],
  "packetDiagnostics": {
    "rawItemCount": 21,
    "acceptedConceptCount": 8,
    "duplicateOrRejectedCount": 13,
    "quarantinedCount": 4,
    "fieldCounts": {
      "audibleObservations": 8,
      "signatureRelations": 0,
      "styleCues": 0,
      "genreHypotheses": 0,
      "contextHypotheses": 0,
      "aestheticConcepts": 0,
      "impressions": 0
    }
  }
}
[Music Flamingo] END PACKET

Inference complete in 185.4s. Packet parsed: ['audibleObservations', 'signatureRelations', 'styleCues', 'uncertainties', 'genreHypotheses', 'aestheticConcepts', 'impressions', 'contextHypotheses', 'packetDiagnostics']
[Music Flamingo] input tokens=1981; generation budget=1024
Running Flamingo structured deep-listening inference...
Inference cancelled: superseded during generation
Client already disconnected; 409 not delivered.
[Music Flamingo] input tokens=1981; generation budget=1024
Running Flamingo structured deep-listening inference (first impression)...
Inference cancelled: superseded during generation
Client already disconnected; 409 not delivered.
[Music Flamingo] input tokens=762; generation budget=256

[Music Flamingo] RAW MODEL RESPONSE (max 6000 chars)
{'audibleObservations': [{'id': 1, 'text': 'fast electronic rhythm', 'category': 'rhythm', 'confidence': 0.95}, {'id': 2, 'text': 'bright synth lead', 'category': 'instrumentation', 'confidence': 0.95}, {'id': 3, 'text': 'compressed loud mix', 'category': 'production', 'confidence': 0.95}], 'signatureRelations': [{'id': 1, 'text': 'synth lead drives the groove', 'supportRefs': [1, 2], 'confidence': 0.85}, {'id': 2, 'text': 'compressed mix emphasizes the beat', 'supportRefs': [1, 3], 'confidence': 0.85}], 'uncertainties': ['no clear genre label', 'no vocal presence'], 'genreHypotheses': [{'label': 'electronic dance', 'confidence': 0.3}, {'label': 'synthwave', 'confidence': 0.2}], 'aestheticConcepts': ['energetic', 'bright'], 'impressions': ['driving', 'compressed']}
[Music Flamingo] SANITIZED PACKET SENT TO MUSIC SHOWER (max 6000 chars)
{
  "audibleObservations": [
    {
      "text": "fast electronic rhythm",
      "category": "rhythm",
      "confidence": 0.95,
      "reasoningHints": "",
      "id": "1"
    },
    {
      "text": "bright synth lead",
      "category": "instrumentation",
      "confidence": 0.95,
      "reasoningHints": "",
      "id": "2"
    },
    {
      "text": "compressed loud mix",
      "category": "production",
      "confidence": 0.95,
      "reasoningHints": "",
      "id": "3"
    }
  ],
  "signatureRelations": [
    {
      "text": "synth lead drives the groove",
      "confidence": 0.85,
      "reasoningHints": "",
      "supportRefs": [
        "1",
        "2"
      ],
      "id": "1"
    },
    {
      "text": "compressed mix emphasizes the beat",
      "confidence": 0.85,
      "reasoningHints": "",
      "supportRefs": [
        "1",
        "3"
      ],
      "id": "2"
    }
  ],
  "styleCues": [],
  "uncertainties": [
    "no clear genre label",
    "no vocal presence"
  ],
  "genreHypotheses": [
    {
      "label": "electronic dance",
      "confidence": 0.3,
      "reasoningHints": "",
      "supportRefs": [],
      "id": "g1",
      "provisional": true
    },
    {
      "label": "synthwave",
      "confidence": 0.2,
      "reasoningHints": "",
      "supportRefs": [],
      "id": "g2",
      "provisional": true
    }
  ],
  "aestheticConcepts": [
    {
      "text": "energetic",
      "confidence": 0.62,
      "reasoningHints": "",
      "supportRefs": []
    },
    {
      "text": "bright",
      "confidence": 0.62,
      "reasoningHints": "",
      "supportRefs": []
    }
  ],
  "impressions": [
    {
      "text": "driving",
      "confidence": 0.6,
      "reasoningHints": "",
      "supportRefs": []
    },
    {
      "text": "compressed",
      "confidence": 0.6,
      "reasoningHints": "",
      "supportRefs": []
    }
  ],
  "contextHypotheses": [],
  "packetDiagnostics": {
    "rawItemCount": 11,
    "acceptedConceptCount": 11,
    "duplicateOrRejectedCount": 0,
    "quarantinedCount": 0,
    "fieldCounts": {
      "audibleObservations": 3,
      "signatureRelations": 2,
      "styleCues": 0,
      "genreHypotheses": 2,
      "contextHypotheses": 0,
      "aestheticConcepts": 2,
      "impressions": 2
    }
  }
}
[Music Flamingo] END PACKET

Inference complete in 101.8s. Packet parsed: ['audibleObservations', 'signatureRelations', 'styleCues', 'uncertainties', 'genreHypotheses', 'aestheticConcepts', 'impressions', 'contextHypotheses', 'packetDiagnostics']
Running Flamingo forensic listening...
[Music Flamingo] input tokens=576; generation budget=400
Running Flamingo structured deep-listening inference (first impression)...
[Music Flamingo] FORENSIC RESPONSE (25.3s)
1. Yes, the track is built around a prominent, repetitive vocal sample that is clearly taken from a pre-existing recording. The sample is looped throughout the piece, forming the core melodic and rhythmic hook.
2. No, there are no original vocals. The only vocal element is the sampled phrase, which is not pitch-shifted, time-stretched, chopped, or filtered beyond the natural processing of the sample itself.
3. The main loop repeats identically, with the vocal sample and underlying groove cycling continuously without variation.
4. The production emphasizes a lo‑fi aesthetic: the sample is filtered to reduce high‑frequency content, and the overall mix is compressed to create a tight, punchy feel, giving the track a gritty, underground vibe.
5. The source material of the vocal sample appears to be from an older recording, likely from the late 1990s to early 2000s, while the surrounding production is contemporary, reflecting modern lo‑fi and sample‑based electronic styles.
[Music Flamingo] FORENSIC ANSWERS [{"key": "sampled", "answer": "yes", "cue": "the track is built around a prominent, repetitive vocal sample that is clearly taken from a pre-existing recording. The sample is looped throughout the piece"}, {"key": "vocals", "answer": "no", "cue": "there are no original vocals. The only vocal element is the sampled phrase, which is not pitch-shifted, time-stretched, chopped, or filtered beyond the natural"}, {"key": "loop", "answer": "unsure", "cue": "The main loop repeats identically, with the vocal sample and underlying groove cycling continuously without variation."}, {"key": "processing", "answer": "unsure", "cue": "The production emphasizes a lo‑fi aesthetic: the sample is filtered to reduce high‑frequency content, and the overall mix is compressed to create a tight"}, {"key": "sourcePeriod", "answer": "unsure", "cue": "The source material of the vocal sample appears to be from an older recording, likely from the late 1990s to early 2000s, while the surrounding production is"}]
[Music Flamingo] input tokens=738; generation budget=256
Running Flamingo structured deep-listening inference...
[Music Flamingo] NOTE: fewer items than the model sent: audibleObservations 3->2

[Music Flamingo] RAW MODEL RESPONSE (max 6000 chars)
{'audibleObservations': [{'id': 1, 'text': 'instrumental music', 'category': 'instrumentation', 'confidence': 0.95}, {'id': 2, 'text': 'no discernible rhythm', 'category': 'rhythm', 'confidence': 0.95}, {'id': 3, 'text': 'no clear genre', 'category': 'genre', 'confidence': 0.95}], 'signatureRelations': [{'id': 1, 'text': 'instrumental track', 'supportRefs': [1], 'confidence': 0.95}, {'id': 2, 'text': 'no genre cues', 'supportRefs': [3], 'confidence': 0.95}], 'uncertainties': ['no clear genre', 'no discernible rhythm'], 'genreHypotheses': [{'label': 'instrumental', 'confidence': 0.95, 'supportRefs': [1]}, {'label': 'no genre', 'confidence': 0.95, 'supportRefs': [3]}], 'aestheticConcepts': ['no clear genre', 'no discernible rhythm'], 'impressions': ['no clear genre', '
[Music Flamingo] SANITIZED PACKET SENT TO MUSIC SHOWER (max 6000 chars)
{
  "audibleObservations": [
    {
      "text": "instrumental music",
      "category": "instrumentation",
      "confidence": 0.95,
      "reasoningHints": "",
      "id": "1"
    },
    {
      "text": "no discernible rhythm",
      "category": "rhythm",
      "confidence": 0.95,
      "reasoningHints": "",
      "id": "2"
    }
  ],
  "signatureRelations": [
    {
      "text": "instrumental track",
      "confidence": 0.95,
      "reasoningHints": "",
      "supportRefs": [
        "1"
      ],
      "id": "1"
    },
    {
      "text": "no genre cues",
      "confidence": 0.95,
      "reasoningHints": "",
      "supportRefs": [
        "3"
      ],
      "id": "2"
    }
  ],
  "styleCues": [],
  "uncertainties": [
    "no clear genre",
    "no discernible rhythm",
    "unrecognized audible category"
  ],
  "genreHypotheses": [
    {
      "label": "instrumental",
      "confidence": 0.48,
      "reasoningHints": "",
      "supportRefs": [
        "1"
      ],
      "id": "g1",
      "provisional": true
    },
    {
      "label": "no genre",
      "confidence": 0.48,
      "reasoningHints": "",
      "supportRefs": [
        "3"
      ],
      "id": "g2",
      "provisional": true
    }
  ],
  "aestheticConcepts": [
    {
      "text": "no clear genre",
      "confidence": 0.62,
      "reasoningHints": "",
      "supportRefs": []
    },
    {
      "text": "no discernible rhythm",
      "confidence": 0.62,
      "reasoningHints": "",
      "supportRefs": []
    }
  ],
  "impressions": [
    {
      "text": "no clear genre",
      "confidence": 0.6,
      "reasoningHints": "",
      "supportRefs": []
    }
  ],
  "contextHypotheses": [],
  "packetDiagnostics": {
    "rawItemCount": 10,
    "acceptedConceptCount": 9,
    "duplicateOrRejectedCount": 1,
    "quarantinedCount": 1,
    "fieldCounts": {
      "audibleObservations": 2,
      "signatureRelations": 2,
      "styleCues": 0,
      "genreHypotheses": 2,
      "contextHypotheses": 0,
      "aestheticConcepts": 2,
      "impressions": 1
    }
  }
}
[Music Flamingo] END PACKET

Inference complete in 46.0s. Packet parsed: ['audibleObservations', 'signatureRelations', 'styleCues', 'uncertainties', 'genreHypotheses', 'aestheticConcepts', 'impressions', 'contextHypotheses', 'packetDiagnostics']
[Music Flamingo] input tokens=1980; generation budget=1024
Running Flamingo structured deep-listening inference...

[Music Flamingo] RAW MODEL RESPONSE (max 6000 chars)
Inference cancelled: superseded before inference{'audibleObservations': [{'id': 1, 'text': 'steady 4/4 pulse', 'category': 'rhythm', 'confidence': 0.95, 'reasoning': 'clear four-beat pattern with consistent subdivision.'}, {'id': 2, 'text': 'synth bass with sidechain', 'category': 'instrumentation', 'confidence': 0.85, 'reasoning': 'low‑end synth bass that ducks under the kick drum.'}, {'id': 3, 'text': 'bright synth lead', 'category': 'instrumentation', 'confidence': 0.9, 'reasoning': 'melodic synth line with a sharp, digital timbre.'}, {'id': 4, 'text': 'drum machine pattern', 'category': 'instrumentation', 'confidence': 0.9, 'reasoning': 'programmed kick, snare, and hi‑hat with tight envelope.'}, {'id': 5, 'text': 'reverb‑treated vocals', 'category': 'vocal performance', 'confidence': 0.8, 'reasoning': 'female voice with noticeable reverb and delay, giving a spacious feel.'}], 'signatureRelations': [{'id': 1, 'text': 'bass and kick lock in sync', 'supportRefs': [1, 2], 'confidence': 0.8, 'reasoning': 'the bass and kick drum are tightly side‑chained, creating a pulsing groove.'}, {'id': 2, 'text': 'lead synth follows vocal melody', 'supportRefs': [3, 5], 'confidence': 0.7, 'reasoning': 'the synth lead mirrors the vocal phrasing, reinforcing the melodic hook.'}], 'styleCues': [{'id': 1, 'text': 'digital drum machine', 'confidence': 0.8, 'supportRefs': [4]}, {'id': 2, 'text': 'synth bass with sidechain', 'confidence': 0.7, 'supportRefs': [2]}, {'id': 3, 'text': 'bright digital synth timbre', 'confidence': 0.6, 'supportRefs': [3]}, {'id': 4, 'text': 'reverb‑heavy vocal', 'confidence': 0.5, 'supportRefs': [5]}], 'uncertainties': ['instrumentation ambiguity'], 'genreHypotheses': [{'label': 'electronic dance music', 'confidence': 0.7, 'supportRefs': [1, 2, 3, 4, 5]}, {'label': 'synth‑pop', 'confidence': 0.5, 'supportRefs': [1, 3, 5]}], 'aestheticConcepts': [{'text': 'energetic and uplifting', 'confidence': 0.8, 'supportRefs': [1, 3, 5]}, {'text': 'modern digital production', 'confidence': 0.6, 'supportRefs': [2, 4, 5]}], 'impressions': [{'text': 'bright and forward‑moving', 'confidence': 0.7, 'supportRefs': [3, 5]}, {'text': 'slightly melancholic undertone', 'confidence': 0.4, 'supportRefs': [5]}], 'contextHypotheses': [{'text': 'contemporary club setting', 'confidence': 0.6, 'supportRefs': [1, 2, 3, 4, 5]}, {'text': 'late‑2010s electronic pop', 'confidence': 0.5, 'supportRefs': [1, 3, 5]}]}

[Music Flamingo] SANITIZED PACKET SENT TO MUSIC SHOWER (max 6000 chars)
{
  "audibleObservations": [
    {
      "text": "steady 4/4 pulse",
      "category": "rhythm",
      "confidence": 0.95,
      "reasoningHints": "clear four-beat pattern with consistent subdivision.",
      "id": "1"
    },
    {
      "text": "synth bass with sidechain",
      "category": "instrumentation",
      "confidence": 0.85,
      "reasoningHints": "low‑end synth bass that ducks under the kick drum.",
      "id": "2"
    },
    {
      "text": "reverb‑treated vocals",
      "category": "performance",
      "confidence": 0.8,
      "reasoningHints": "female voice with noticeable reverb and delay giving a spacious feel.",
      "sourceCategory": "vocal performance",
      "id": "5"
    },
    {
      "text": "bright synth lead",
      "category": "instrumentation",
      "confidence": 0.9,
      "reasoningHints": "melodic synth line with a sharp digital timbre.",
      "id": "3"
    },
    {
      "text": "drum machine pattern",
      "category": "instrumentation",
      "confidence": 0.9,
      "reasoningHints": "programmed kick snare and hi‑hat with tight envelope.",
      "id": "4"
    }
  ],
  "signatureRelations": [
    {
      "text": "bass and kick lock in sync",
      "confidence": 0.8,
      "reasoningHints": "the bass and kick drum are tightly side‑chained creating a pulsing",
      "supportRefs": [
        "1",
        "2"
      ],
      "id": "1"
    },
    {
      "text": "lead synth follows vocal melody",
      "confidence": 0.7,
      "reasoningHints": "the synth lead mirrors the vocal phrasing reinforcing the melodic hook.",
      "supportRefs": [
        "3",
        "5"
      ],
      "id": "2"
    }
  ],
  "styleCues": [
    {
      "text": "digital drum machine",
      "confidence": 0.8,
      "reasoningHints": "",
      "supportRefs": [
        "4"
      ],
      "id": "1"
    },
    {
      "text": "synth bass with sidechain",
      "confidence": 0.7,
      "reasoningHints": "",
      "supportRefs": [
        "2"
      ],
      "id": "2"
    },
    {
      "text": "bright digital synth timbre",
      "confidence": 0.6,
      "reasoningHints": "",
      "supportRefs": [
        "3"
      ],
      "id": "3"
    },
    {
      "text": "reverb‑heavy vocal",
      "confidence": 0.5,
      "reasoningHints": "",
      "supportRefs": [
        "5"
      ],
      "id": "4"
    }
  ],
  "uncertainties": [
    "instrumentation ambiguity"
  ],
  "genreHypotheses": [
    {
      "label": "electronic dance music",
      "confidence": 0.7,
      "reasoningHints": "",
      "supportRefs": [
        "1",
        "2",
        "3",
        "4",
        "5"
      ],
      "id": "g1"
    },
    {
      "label": "synth‑pop",
      "confidence": 0.5,
      "reasoningHints": "",
      "supportRefs": [
        "1",
        "3",
        "5"
      ],
      "id": "g2"
    }
  ],
  "aestheticConcepts": [
    {
      "text": "energetic and uplifting",
      "confidence": 0.8,
      "reasoningHints": "",
      "supportRefs": [
        "1",
        "3",
        "5"
      ]
    },
    {
      "text": "modern digital production",
      "confidence": 0.6,
      "reasoningHints": "",
      "supportRefs": [
        "2",
        "4",
        "5"
      ]
    }
  ],
  "impressions": [
    {
      "text": "bright and forward‑moving",
      "confidence": 0.7,
      "reasoningHints": "",
      "supportRefs": [
        "3",
        "5"
      ]
    },
    {
      "text": "slightly melancholic undertone",
      "confidence": 0.4,
      "reasoningHints": "",
      "supportRefs": [
        "5"
      ]
    }
  ],
  "contextHypotheses": [
    {
      "text": "contemporary club setting",
      "category": "scene",
      "confidence": 0.6,
      "reasoningHints": "",
      "supportRefs": [
        "1",
        "2",
        "3",
        "4",
        "5"
      ]
    },
    {
      "text": "late‑2010s electronic pop",
      "category": "scene",
      "confidence": 0.5,
      "reasoningHints": "",
      "supportRefs": [
        "1",
        "3",
        "5"
      ]
    }
  ],
  "packetDiagnostics": {
    "rawItemCount": 19,
    "acceptedConceptCount": 19,
    "duplicateOrRejectedCount": 0,
    "quarantinedCount": 0,
    "fieldCounts": {
      "audibleObservations": 5,
      "signatureRelations": 2,
      "styleCues": 4,
      "genreHypotheses": 2,
      "contextHypotheses": 2,
      "aestheticConcepts": 2,
      "impressions": 2
    }
  }
}Client already disconnected; 409 not delivered.

[Music Flamingo] END PACKET

Inference complete in 141.0s. Packet parsed: ['audibleObservations', 'signatureRelations', 'styleCues', 'uncertainties', 'genreHypotheses', 'aestheticConcepts', 'impressions', 'contextHypotheses', 'packetDiagnostics']
Running Flamingo forensic listening...
[Music Flamingo] input tokens=1001; generation budget=400
[Music Flamingo] FORENSIC RESPONSE (20.2s)
1. Yes, the main loop is taken from a pre-existing recording. The track is built around a sampled drum break and a melodic loop that sounds like it was lifted from an older source, giving it a slightly lo‑fi, vintage texture.
2. No, there are no vocals in this track.
3. The main loop repeats identically throughout the piece, forming the core groove.
4. The loop is processed with subtle filtering and mild saturation, giving it a warm, slightly degraded character.
5. The source material appears to be from the late‑1990s/early‑2000s, as indicated by the lo‑fi sampling style and the overall production aesthetic.
[Music Flamingo] FORENSIC ANSWERS [{"key": "sampled", "answer": "yes", "cue": "the main loop is taken from a pre-existing recording. The track is built around a sampled drum break and a melodic loop that sounds like it was lifted from an"}, {"key": "vocals", "answer": "no", "cue": "there are no vocals in this track."}, {"key": "loop", "answer": "unsure", "cue": "The main loop repeats identically throughout the piece, forming the core groove."}, {"key": "processing", "answer": "unsure", "cue": "The loop is processed with subtle filtering and mild saturation, giving it a warm, slightly degraded character."}, {"key": "sourcePeriod", "answer": "unsure", "cue": "The source material appears to be from the late‑1990s/early‑2000s, as indicated by the lo‑fi sampling style and the overall production aesthetic."}]
Running Flamingo structured deep-listening inference...
[Music Flamingo] input tokens=1981; generation budget=1024

[Music Flamingo] RAW MODEL RESPONSE (max 6000 chars)
{"audibleObservations": [{"id": 1, "text": "steady 4/4 pulse", "category": "rhythm", "confidence": 0.95, "reasoning": "clear downbeat on each beat, consistent subdivision of eighth notes"}, {"id": 2, "text": "synthetic drum kit", "category": "instrumentation", "confidence": 0.95, "reasoning": "electronic kick, snare, hi-hat sounds with tight attack and short decay"}, {"id": 3, "text": "bright synth lead", "category": "instrumentation", "confidence": 0.95, "reasoning": "melodic line with a clean, digital timbre, often playing arpeggiated or stepwise motifs"}, {"id": 4, "text": "punchy synth bass", "category": "instrumentation", "confidence": 0.95, "reasoning": "low‑end synth with a rounded envelope, providing a solid foundation"}, {"id": 5, "text": "layered synth pads", "category": "instrumentation", "confidence": 0.95, "reasoning": "warm, sustained chords that fill the stereo field"}, {"id": 6, "text": "tight side‑chain compression", "category": "production", "confidence": 0.95, "reasoning": "pumping effect where the bass ducks under the kick, creating a breathing mix"}, {"id": 7, "text": "wide stereo imaging", "category": "production", "confidence": 0.95, "reasoning": "elements are panned to create depth and separation"}, {"id": 8, "text": "clean digital processing", "category": "production", "confidence": 0.95, "reasoning": "minimal analog coloration, crisp EQ, and precise limiting"}], "signatureRelations": [{"id": 1, "text": "drum‑bass lock", "supportRefs": [1, 2, 4], "confidence": 0.95, "reasoning": "kick and bass are tightly synchronized, reinforcing the pulse"}, {"id": 2, "text": "lead‑pad interplay", "supportRefs": [3, 5], "confidence": 0.95, "reasoning": "lead synth often plays over pad chords, creating melodic contrast"}], "styleCues": [{"id": 1, "text": "electronic drum kit", "confidence": 0.95, "supportRefs": [2]}, {"id": 2, "text": "synth bass with side‑chain", "confidence": 0.95, "supportRefs": [4, 6]}, {"id": 3, "text": "bright digital lead", "confidence": 0.95, "supportRefs": [3]}, {"id": 4, "text": "wide stereo mix", "confidence": 0.95, "supportRefs": [5, 7]}], "uncertainties": ["instrumentation ambiguity"], "genreHypotheses": [{"label": "electronic dance music", "confidence": 0.95, "supportRefs": [1, 2, 3, 4, 5, 6, 7]}, {"label": "synth‑pop", "confidence": 0.8, "supportRefs": [1, 3, 5, 7]}], "aestheticConcepts": [{"text": "bright, energetic", "confidence": 0.95, "supportRefs": [3, 5, 7]}, {"text": "modern digital", "confidence": 0.95, "supportRefs": [2, 4, 6, 7]}], "impressions": [{"text": "upbeat, forward‑moving", "confidence": 0.95, "supportRefs": [1, 2, 3, 4, 5, 6, 7]}, {"text": "clean, polished", "confidence": 0.95, "supportRefs": [6, 7]}], "contextHypotheses": [{"text": "contemporary club", "confidence": 0.95, "supportRefs": [1, 2, 3, 4, 5, 6, 7]}, {"text": "digital production era", "confidence": 0.95, "supportRefs": [6, 7]}]}
[Music Flamingo] SANITIZED PACKET SENT TO MUSIC SHOWER (max 6000 chars)
{
  "audibleObservations": [
    {
      "text": "steady 4/4 pulse",
      "category": "rhythm",
      "confidence": 0.95,
      "reasoningHints": "clear downbeat on each beat consistent subdivision of eighth notes",
      "id": "1"
    },
    {
      "text": "synthetic drum kit",
      "category": "instrumentation",
      "confidence": 0.95,
      "reasoningHints": "electronic kick snare hi-hat sounds with tight attack and short decay",
      "id": "2"
    },
    {
      "text": "tight side‑chain compression",
      "category": "production",
      "confidence": 0.95,
      "reasoningHints": "pumping effect where the bass ducks under the kick creating a breathing",
      "id": "6"
    },
    {
      "text": "bright synth lead",
      "category": "instrumentation",
      "confidence": 0.95,
      "reasoningHints": "melodic line with a clean digital timbre often playing arpeggiated or",
      "id": "3"
    },
    {
      "text": "wide stereo imaging",
      "category": "production",
      "confidence": 0.95,
      "reasoningHints": "elements are panned to create depth and separation",
      "id": "7"
    },
    {
      "text": "punchy synth bass",
      "category": "instrumentation",
      "confidence": 0.95,
      "reasoningHints": "low‑end synth with a rounded envelope providing a solid foundation",
      "id": "4"
    },
    {
      "text": "clean digital processing",
      "category": "production",
      "confidence": 0.95,
      "reasoningHints": "minimal analog coloration crisp EQ and precise limiting",
      "id": "8"
    },
    {
      "text": "layered synth pads",
      "category": "instrumentation",
      "confidence": 0.95,
      "reasoningHints": "warm sustained chords that fill the stereo field",
      "id": "5"
    }
  ],
  "signatureRelations": [
    {
      "text": "drum‑bass lock",
      "confidence": 0.95,
      "reasoningHints": "kick and bass are tightly synchronized reinforcing the pulse",
      "supportRefs": [
        "1",
        "2",
        "4"
      ],
      "id": "1"
    },
    {
      "text": "lead‑pad interplay",
      "confidence": 0.95,
      "reasoningHints": "lead synth often plays over pad chords creating melodic contrast",
      "supportRefs": [
        "3",
        "5"
      ],
      "id": "2"
    }
  ],
  "styleCues": [
    {
      "text": "electronic drum kit",
      "confidence": 0.95,
      "reasoningHints": "",
      "supportRefs": [
        "2"
      ],
      "id": "1"
    },
    {
      "text": "synth bass with side‑chain",
      "confidence": 0.95,
      "reasoningHints": "",
      "supportRefs": [
        "4",
        "6"
      ],
      "id": "2"
    },
    {
      "text": "bright digital lead",
      "confidence": 0.95,
      "reasoningHints": "",
      "supportRefs": [
        "3"
      ],
      "id": "3"
    },
    {
      "text": "wide stereo mix",
      "confidence": 0.95,
      "reasoningHints": "",
      "supportRefs": [
        "5",
        "7"
      ],
      "id": "4"
    }
  ],
  "uncertainties": [
    "instrumentation ambiguity"
  ],
  "genreHypotheses": [
    {
      "label": "electronic dance music",
      "confidence": 0.95,
      "reasoningHints": "",
      "supportRefs": [
        "1",
        "2",
        "3",
        "4",
        "5",
        "6",
        "7"
      ],
      "id": "g1"
    },
    {
      "label": "synth‑pop",
      "confidence": 0.8,
      "reasoningHints": "",
      "supportRefs": [
        "1",
        "3",
        "5",
        "7"
      ],
      "id": "g2"
    }
  ],
  "aestheticConcepts": [
    {
      "text": "bright energetic",
      "confidence": 0.95,
      "reasoningHints": "",
      "supportRefs": [
        "3",
        "5",
        "7"
      ]
    },
    {
      "text": "modern digital",
      "confidence": 0.95,
      "reasoningHints": "",
      "supportRefs": [
        "2",
        "4",
        "6",
        "7"
      ]
    }
  ],
  "impressions": [
    {
      "text": "upbeat forward‑moving",
      "confidence": 0.95,
      "reasoningHints": "",
      "supportRefs": [
        "1",
        "2",
        "3",
        "4",
        "5",
        "6",
        "7"
      ]
    },
    {
      "text": "clean polished",
      "confidence": 0.95,
      "reasoningHints": "",
      "supportRefs": [
        "6",
        "7"
      ]
    }
  ],
  "contextHypotheses": [
    {
      "text": "contemporary club",
      "category": "scene",
      "confidence": 0.95,
      "reasoningHints": "",
      "supportRefs": [
        "1",
        "2",
        "3",
        "4",
        "5",
        "6",
        "7"
      ]
    },
    {
      "text": "digital production era",
      "category": "scene",
      "confidence": 0.95,
      "reasoningHints": "",
      "supportRefs": [
        "6",
        "7"
      ]
    }
  ],
  "packetDiagnostics": {
    "rawItemCount": 22,
    "acceptedConceptCount": 22,
    "duplicateOrRejectedCount": 0,
    "quarantinedCount": 0,
    "fieldCounts": {
      "audibleObservations": 8,
      "signatureRelations": 2,
      "styleCues": 4,
      "genreHypotheses": 2,
      "contextHypotheses": 2,
      "aestheticConcepts": 2,
      "impressions": 2
    }
  }
}
[Music Flamingo] END PACKET

Inference complete in 145.7s. Packet parsed: ['audibleObservations', 'signatureRelations', 'styleCues', 'uncertainties', 'genreHypotheses', 'aestheticConcepts', 'impressions', 'contextHypotheses', 'packetDiagnostics']
Running Flamingo forensic listening...
[Music Flamingo] input tokens=1001; generation budget=400
[Music Flamingo] FORENSIC RESPONSE (29.7s)
1. The track is built around a prominent, repetitive synth loop that sounds like a sampled or looped element, giving it a slightly lo‑fi, nostalgic texture. The main groove is constructed from this loop, which is layered with additional synth parts and drums, creating a cohesive but loop‑based foundation.
2. There are no vocals in the track. The focus is entirely on instrumental elements, with the synth loop and rhythmic elements driving the arrangement.
3. The main synth loop repeats identically throughout the piece, forming the core of the track’s structure and providing a consistent rhythmic and melodic anchor.
4. The production emphasizes a lo‑fi aesthetic, with subtle tape‑style saturation and a warm, slightly degraded sound that suggests an older recording source. The mix is relatively dry, with minimal reverb or delay, allowing the loop to sit prominently in the center of the stereo field.
5. The overall recording and production style points to a retro or vintage influence, reminiscent of early 2000s electronic or lo‑fi dance tracks, while the surrounding arrangement and modern drum programming give it a contemporary edge.
[Music Flamingo] FORENSIC ANSWERS [{"key": "sampled", "answer": "unsure", "cue": "The track is built around a prominent, repetitive synth loop that sounds like a sampled or looped element, giving it a slightly lo‑fi, nostalgic texture. The"}, {"key": "vocals", "answer": "unsure", "cue": "There are no vocals in the track. The focus is entirely on instrumental elements, with the synth loop and rhythmic elements driving the arrangement."}, {"key": "loop", "answer": "unsure", "cue": "The main synth loop repeats identically throughout the piece, forming the core of the track’s structure and providing a consistent rhythmic and melodic anchor."}, {"key": "processing", "answer": "unsure", "cue": "The production emphasizes a lo‑fi aesthetic, with subtle tape‑style saturation and a warm, slightly degraded sound that suggests an older recording source. The"}, {"key": "sourcePeriod", "answer": "unsure", "cue": "The overall recording and production style points to a retro or vintage influence, reminiscent of early 2000s electronic or lo‑fi dance tracks, while the"}]
Running Flamingo structured deep-listening inference...
[Music Flamingo] input tokens=1981; generation budget=1024
Running Flamingo structured deep-listening inference (first impression)...

[Music Flamingo] RAW MODEL RESPONSE (max 6000 chars)
{'audibleObservations': [{'id': 1, 'text': 'steady 4/4 pulse', 'category': 'rhythm', 'confidence': 0.95, 'reasoning': 'clear kick on every downbeat, snare on 2 and 4, hi-hats in 16th‑note subdivisions.'}, {'id': 2, 'text': 'synth bass with side‑chain compression', 'category': 'instrumentation', 'confidence': 0.9, 'reasoning': 'bass synth follows kick, ducking volume to create pumping effect.'}, {'id': 3, 'text': 'bright lead synth melody', 'category': 'instrumentation', 'confidence': 0.9, 'reasoning': 'high‑frequency synth line carries the main hook, layered with reverb and delay.'}, {'id': 4, 'text': 'drum machine with electronic timbres', 'category': 'instrumentation', 'confidence': 0.9, 'reasoning': 'kick, snare, and hi‑hat sounds are synthesized rather than acoustic.'}, {'id': 5, 'text': 'compressed, loud mix', 'category': 'production', 'confidence': 0.9, 'reasoning': 'overall level is high, with heavy limiting and multiband compression to keep energy constant.'}], 'signatureRelations': [{'id': 1, 'text': 'bass and kick lock in side‑chain pattern', 'supportRefs': [1, 2], 'confidence': 0.8, 'reasoning': 'bass ducking under kick creates rhythmic breathing.'}, {'id': 2, 'text': 'lead synth and vocal melody sync in phrasing', 'supportRefs': [3, 5], 'confidence': 0.7, 'reasoning': 'lead synth and vocal lines often start and end on the same beat, reinforcing the hook.'}], 'styleCues': [{'id': 1, 'text': 'electronic drum machine', 'confidence': 0.8, 'supportRefs': [4]}, {'id': 2, 'text': 'synth bass with side‑chain', 'confidence': 0.8, 'supportRefs': [2]}, {'id': 3, 'text': 'bright lead synth timbre', 'confidence': 0.8, 'supportRefs': [3]}, {'id': 4, 'text': 'compressed, loud mix', 'confidence': 0.8, 'supportRefs': [5]}], 'uncertainties': ['instrumentation ambiguity', 'vocal style not clearly audible'], 'genreHypotheses': [{'label': 'electronic dance music', 'confidence': 0.6, 'supportRefs': [1, 2, 3, 4, 5]}, {'label': 'EDM subgenre', 'confidence': 0.4, 'supportRefs': [1, 2, 3, 4, 5]}], 'aestheticConcepts': [{'text': 'energetic, club‑ready', 'confidence': 0.8, 'supportRefs': [1, 2, 3, 4, 5]}, {'text': 'bright, uplifting', 'confidence': 0.6, 'supportRefs': [3, 5]}], 'impressions': [{'text': 'driven, forward‑moving', 'confidence': 0.7, 'supportRefs': [1, 2, 3, 4, 5]}, {'text': 'modern, polished production', 'confidence': 0.8, 'supportRefs': [5]}], 'contextHypotheses': [{'text': 'contemporary club scene', 'category': 'scene', 'confidence': 0.6, 'supportRefs': [1, 2, 3, 4, 5]}, {'text': 'late‑2010s to early‑2020s EDM', 'category': 'era', 'confidence': 0.4, 'supportRefs': [1, 2, 3, 4, 5]}], 'genreHypotheses': [{'label': 'EDM', 'confidence': 0.6, 'supportRefs': [1, 2, 3, 4, 5]}, {'label': 'electronic dance music', 'confidence': 0.4, 'supportRefs': [1, 2, 3, 4, 5]}], 'aestheticConcepts': [{'text': 'energetic, club‑ready', 'confidence': 0.8, 'supportRefs': [1, 2, 3, 4, 5]}, {'text': 'bright, uplifting', 'confidence': 0.6, 'supportRefs': [3, 5
[Music Flamingo] SANITIZED PACKET SENT TO MUSIC SHOWER (max 6000 chars)
{
  "audibleObservations": [
    {
      "text": "steady 4/4 pulse",
      "category": "rhythm",
      "confidence": 0.95,
      "reasoningHints": "clear kick on every downbeat snare on 2 and 4 hi-hats in 16th‑note",
      "id": "1"
    },
    {
      "text": "synth bass with side‑chain compression",
      "category": "instrumentation",
      "confidence": 0.9,
      "reasoningHints": "bass synth follows kick ducking volume to create pumping effect.",
      "id": "2"
    },
    {
      "text": "compressed loud mix",
      "category": "production",
      "confidence": 0.9,
      "reasoningHints": "overall level is high with heavy limiting and multiband compression to",
      "id": "5"
    },
    {
      "text": "bright lead synth melody",
      "category": "instrumentation",
      "confidence": 0.9,
      "reasoningHints": "high‑frequency synth line carries the main hook layered with reverb and",
      "id": "3"
    },
    {
      "text": "drum machine with electronic timbres",
      "category": "instrumentation",
      "confidence": 0.9,
      "reasoningHints": "kick snare and hi‑hat sounds are synthesized rather than acoustic.",
      "id": "4"
    }
  ],
  "signatureRelations": [
    {
      "text": "bass and kick lock in side‑chain pattern",
      "confidence": 0.8,
      "reasoningHints": "bass ducking under kick creates rhythmic breathing.",
      "supportRefs": [
        "1",
        "2"
      ],
      "id": "1"
    },
    {
      "text": "lead synth and vocal melody sync in phrasing",
      "confidence": 0.7,
      "reasoningHints": "lead synth and vocal lines often start and end on the same beat",
      "supportRefs": [
        "3",
        "5"
      ],
      "id": "2"
    }
  ],
  "styleCues": [
    {
      "text": "electronic drum machine",
      "confidence": 0.8,
      "reasoningHints": "",
      "supportRefs": [
        "4"
      ],
      "id": "1"
    },
    {
      "text": "synth bass with side‑chain",
      "confidence": 0.8,
      "reasoningHints": "",
      "supportRefs": [
        "2"
      ],
      "id": "2"
    },
    {
      "text": "bright lead synth timbre",
      "confidence": 0.8,
      "reasoningHints": "",
      "supportRefs": [
        "3"
      ],
      "id": "3"
    },
    {
      "text": "compressed loud mix",
      "confidence": 0.8,
      "reasoningHints": "",
      "supportRefs": [
        "5"
      ],
      "id": "4"
    }
  ],
  "uncertainties": [
    "instrumentation ambiguity",
    "vocal style not clearly audible"
  ],
  "genreHypotheses": [
    {
      "label": "EDM",
      "confidence": 0.6,
      "reasoningHints": "",
      "supportRefs": [
        "1",
        "2",
        "3",
        "4",
        "5"
      ],
      "id": "g1"
    },
    {
      "label": "electronic dance music",
      "confidence": 0.4,
      "reasoningHints": "",
      "supportRefs": [
        "1",
        "2",
        "3",
        "4",
        "5"
      ],
      "id": "g2"
    }
  ],
  "aestheticConcepts": [
    {
      "text": "energetic club‑ready",
      "confidence": 0.8,
      "reasoningHints": "",
      "supportRefs": [
        "1",
        "2",
        "3",
        "4",
        "5"
      ]
    },
    {
      "text": "bright uplifting",
      "confidence": 0.62,
      "reasoningHints": "",
      "supportRefs": []
    }
  ],
  "impressions": [
    {
      "text": "driven forward‑moving",
      "confidence": 0.7,
      "reasoningHints": "",
      "supportRefs": [
        "1",
        "2",
        "3",
        "4",
        "5"
      ]
    },
    {
      "text": "modern polished production",
      "confidence": 0.8,
      "reasoningHints": "",
      "supportRefs": [
        "5"
      ]
    }
  ],
  "contextHypotheses": [
    {
      "text": "contemporary club scene",
      "category": "scene",
      "confidence": 0.6,
      "reasoningHints": "",
      "supportRefs": [
        "1",
        "2",
        "3",
        "4",
        "5"
      ]
    },
    {
      "text": "late‑2010s to early‑2020s EDM",
      "category": "era",
      "confidence": 0.4,
      "reasoningHints": "",
      "supportRefs": [
        "1",
        "2",
        "3",
        "4",
        "5"
      ]
    }
  ],
  "packetDiagnostics": {
    "rawItemCount": 19,
    "acceptedConceptCount": 19,
    "duplicateOrRejectedCount": 0,
    "quarantinedCount": 0,
    "fieldCounts": {
      "audibleObservations": 5,
      "signatureRelations": 2,
      "styleCues": 4,
      "genreHypotheses": 2,
      "contextHypotheses": 2,
      "aestheticConcepts": 2,
      "impressions": 2
    }
  }
}
[Music Flamingo] END PACKET

Inference complete in 151.5s. Packet parsed: ['audibleObservations', 'signatureRelations', 'styleCues', 'uncertainties', 'genreHypotheses', 'aestheticConcepts', 'impressions', 'contextHypotheses', 'packetDiagnostics']
[Music Flamingo] input tokens=738; generation budget=256
Running Flamingo forensic listening...

[Music Flamingo] RAW MODEL RESPONSE (max 6000 chars)
{'audibleObservations': [{'id': 1, 'text': 'female vocal', 'category': 'vocal', 'confidence': 0.95}, {'id': 2, 'text': 'clean, melodic singing', 'category': 'vocal', 'confidence': 0.95}, {'id': 3, 'text': 'minimal accompaniment', 'category': 'instrumentation', 'confidence': 0.95}], 'signatureRelations': [{'id': 1, 'text': 'vocal-centric arrangement', 'supportRefs': [1, 2], 'confidence': 0.95}], 'uncertainties': ['no clear genre label', 'no explicit production style'], 'genreHypotheses': [{'label': 'pop', 'confidence': 0.3}, {'label': 'R&B', 'confidence': 0.2}], 'aestheticConcepts': ['intimate', 'confident'], 'impressions': ['assertive', 'self-assured']}
[Music Flamingo] SANITIZED PACKET SENT TO MUSIC SHOWER (max 6000 chars)
{
  "audibleObservations": [
    {
      "text": "female vocal",
      "category": "performance",
      "confidence": 0.95,
      "reasoningHints": "",
      "sourceCategory": "vocal",
      "id": "1"
    },
    {
      "text": "minimal accompaniment",
      "category": "instrumentation",
      "confidence": 0.95,
      "reasoningHints": "",
      "id": "3"
    },
    {
      "text": "clean melodic singing",
      "category": "performance",
      "confidence": 0.95,
      "reasoningHints": "",
      "sourceCategory": "vocal",
      "id": "2"
    }
  ],
  "signatureRelations": [
    {
      "text": "vocal-centric arrangement",
      "confidence": 0.95,
      "reasoningHints": "",
      "supportRefs": [
        "1",
        "2"
      ],
      "id": "1"
    }
  ],
  "styleCues": [],
  "uncertainties": [
    "no clear genre label",
    "no explicit production style"
  ],
  "genreHypotheses": [
    {
      "label": "pop",
      "confidence": 0.3,
      "reasoningHints": "",
      "supportRefs": [],
      "id": "g1",
      "provisional": true
    },
    {
      "label": "R&B",
      "confidence": 0.2,
      "reasoningHints": "",
      "supportRefs": [],
      "id": "g2",
      "provisional": true
    }
  ],
  "aestheticConcepts": [
    {
      "text": "intimate",
      "confidence": 0.62,
      "reasoningHints": "",
      "supportRefs": []
    },
    {
      "text": "confident",
      "confidence": 0.62,
      "reasoningHints": "",
      "supportRefs": []
    }
  ],
  "impressions": [
    {
      "text": "assertive",
      "confidence": 0.6,
      "reasoningHints": "",
      "supportRefs": []
    },
    {
      "text": "self-assured",
      "confidence": 0.6,
      "reasoningHints": "",
      "supportRefs": []
    }
  ],
  "contextHypotheses": [],
  "packetDiagnostics": {
    "rawItemCount": 10,
    "acceptedConceptCount": 10,
    "duplicateOrRejectedCount": 0,
    "quarantinedCount": 0,
    "fieldCounts": {
      "audibleObservations": 3,
      "signatureRelations": 1,
      "styleCues": 0,
      "genreHypotheses": 2,
      "contextHypotheses": 0,
      "aestheticConcepts": 2,
      "impressions": 2
    }
  }
}
[Music Flamingo] END PACKET

Inference complete in 160.2s. Packet parsed: ['audibleObservations', 'signatureRelations', 'styleCues', 'uncertainties', 'genreHypotheses', 'aestheticConcepts', 'impressions', 'contextHypotheses', 'packetDiagnostics']
[Music Flamingo] input tokens=1001; generation budget=400
Running Flamingo structured deep-listening inference...
[Music Flamingo] FORENSIC RESPONSE (44.0s)
1. The track is built around a prominent, repetitive synth loop that sounds like a sampled or looped element, giving it a slightly lo‑fi, nostalgic texture. The main groove is constructed from this loop, which is layered with additional synth parts and drums, creating a cohesive but sample‑based foundation.
2. There are no vocals in the track. The focus is entirely on instrumental elements, with the synth loop and rhythmic elements driving the arrangement.
3. The main synth loop repeats identically throughout the piece, forming the core of the track’s structure and providing a continuous, looping foundation.
4. The production emphasizes a lo‑fi aesthetic, with subtle tape‑saturation and mild distortion on the synths, giving the track a warm, slightly gritty character. The drums are tightly compressed, and the overall mix is balanced to keep the loop front‑and‑center while maintaining a spacious stereo image.
5. The recording and production style of the loop suggest a 1990s‑era electronic aesthetic, reminiscent of early house and techno tracks that favored simple, repetitive synth patterns and a raw, analog feel. This period influence is evident in the lo‑fi texture and the straightforward, loop‑based arrangement.
[Music Flamingo] FORENSIC ANSWERS [{"key": "sampled", "answer": "unsure", "cue": "The track is built around a prominent, repetitive synth loop that sounds like a sampled or looped element, giving it a slightly lo‑fi, nostalgic texture. The"}, {"key": "vocals", "answer": "unsure", "cue": "There are no vocals in the track. The focus is entirely on instrumental elements, with the synth loop and rhythmic elements driving the arrangement."}, {"key": "loop", "answer": "unsure", "cue": "The main synth loop repeats identically throughout the piece, forming the core of the track’s structure and providing a continuous, looping foundation."}, {"key": "processing", "answer": "unsure", "cue": "The production emphasizes a lo‑fi aesthetic, with subtle tape‑saturation and mild distortion on the synths, giving the track a warm, slightly gritty character."}, {"key": "sourcePeriod", "answer": "unsure", "cue": "The recording and production style of the loop suggest a 1990s‑era electronic aesthetic, reminiscent of early house and techno tracks that favored simple"}]
[Music Flamingo] input tokens=1981; generation budget=1024
Running Flamingo structured deep-listening inference...
Inference cancelled: superseded during generation
Client already disconnected; 409 not delivered.
[Music Flamingo] input tokens=1981; generation budget=1024
Running Flamingo structured deep-listening inference (first impression)...
Running Flamingo structured deep-listening inference (first impression)...
[Music Flamingo] NOTE: fewer items than the model sent: audibleObservations 21->8
Inference cancelled: superseded before inference
[Music Flamingo] RAW MODEL RESPONSE (max 6000 chars)

{'audibleObservations': [{'id': 1, 'text': 'steady 4/4 pulse', 'category': 'rhythm', 'confidence': 0.9, 'reasoning': 'clear downbeat on each beat, regular subdivision of 16th notes'}, {'id': 2, 'text': 'synth bass with sidechain compression', 'category': 'instrumentation', 'confidence': 0.8, 'reasoning': 'bass synth follows kick drum, ducking volume on each kick'}, {'id': 3, 'text': 'bright synth lead melody', 'category': 'instrumentation', 'confidence': 0.8, 'reasoning': 'melodic synth line with high-frequency content and slight portamento'}, {'id': 4, 'text': 'drum machine with crisp hi-hats', 'category': 'instrumentation', 'confidence': 0.7, 'reasoning': 'digital drum sounds with tight transient response'}, {'id': 5, 'text': 'repetitive chord progression', 'category': 'harmony', 'confidence': 0.6, 'reasoning': 'simple loop of major and minor triads with occasional seventh chords'}, {'id': 6, 'text': 'sidechain ducking on synth pads', 'category': 'production', 'confidence': 0.7, 'reasoning': 'pads swell and recede in sync with the kick drum'}, {'id': 7, 'text': 'wide stereo imaging on synths', 'category': 'production', 'confidence': 0.6, 'reasoning': 'panned synth layers create a spacious field'}, {'id': 8, 'text': 'consistent loudness with subtle dynamic shifts', 'category': 'dynamics', 'confidence': 0.8, 'reasoning': 'overall level stays high, with occasional slight volume changes in the lead line'}, {'id': 9, 'text': 'looped structure with gradual build', 'category': 'arrangement', 'confidence': 0.7, 'reasoning': 'intro elements are added one by one, leading to a fuller texture'}, {'id': 10, 'text': 'filter sweep on synth lead', 'category': 'production', 'confidence': 0.5, 'reasoning': 'low-pass filter opens up over time, increasing brightness'}, {'id': 11, 'text': 'reverb on synth pads', 'category': 'production', 'confidence': 0.6, 'reasoning': 'long decay reverb adds depth to the pad layer'}, {'id': 12, 'text': 'delay on lead synth', 'category': 'production', 'confidence': 0.5, 'reasoning': 'short delay creates a subtle echo effect on the melody'}, {'id': 13, 'text': 'sidechain compression on bass synth', 'category': 'production', 'confidence': 0.7, 'reasoning': 'bass ducking under kick for a pumping feel'}, {'id': 14, 'text': 'steady 4/4 pulse', 'category': 'rhythm', 'confidence': 0.9, 'reasoning': 'clear downbeat on each beat, regular subdivision of 16th notes'}, {'id': 15, 'text': 'synth bass with sidechain compression', 'category': 'instrumentation', 'confidence': 0.8, 'reasoning': 'bass synth follows kick drum, ducking volume on each kick'}, {'id': 16, 'text': 'bright synth lead melody', 'category': 'instrumentation', 'confidence': 0.8, 'reasoning': 'melodic synth line with high-frequency content and slight portamento'}, {'id': 17, 'text': 'drum machine with crisp hi-hats', 'category': 'instrumentation', 'confidence': 0.7, 'reasoning': 'digital drum sounds with tight transient response'}, {'id': 18, 'text': 'repetitive chord progression', 'category': 'harmony', 'confidence': 0.6, 'reasoning': 'simple loop of major and minor triads with occasional seventh chords'}, {'id': 19, 'text': 'sidechain ducking on synth pads', 'category': 'production', 'confidence': 0.7, 'reasoning': 'pads swell and recede in sync with the kick drum'}, {'id': 20, 'text': 'wide stereo imaging on synths', 'category': 'production', 'confidence': 0.6, 'reasoning': 'panned synth layers create a spacious field'}, {'id': 21, 'text': 'consistent loudness with subtle dynamic shifts', 'category': 'dynamics', 'confidence': 0
[Music Flamingo] SANITIZED PACKET SENT TO MUSIC SHOWER (max 6000 chars)Client already disconnected; 409 not delivered.

{
  "audibleObservations": [
    {
      "text": "steady 4/4 pulse",
      "category": "rhythm",
      "confidence": 0.9,
      "reasoningHints": "clear downbeat on each beat regular subdivision of 16th notes",
      "id": "1"
    },
    {
      "text": "synth bass with sidechain compression",
      "category": "instrumentation",
      "confidence": 0.8,
      "reasoningHints": "bass synth follows kick drum ducking volume on each kick",
      "id": "2"
    },
    {
      "text": "repetitive chord progression",
      "category": "arrangement",
      "confidence": 0.6,
      "reasoningHints": "simple loop of major and minor triads with occasional seventh chords",
      "sourceCategory": "harmony",
      "id": "5"
    },
    {
      "text": "sidechain ducking on synth pads",
      "category": "production",
      "confidence": 0.7,
      "reasoningHints": "pads swell and recede in sync with the kick drum",
      "id": "6"
    },
    {
      "text": "consistent loudness with subtle dynamic shifts",
      "category": "dynamics",
      "confidence": 0.8,
      "reasoningHints": "overall level stays high with occasional slight volume changes in the",
      "id": "8"
    },
    {
      "text": "looped structure with gradual build",
      "category": "arrangement",
      "confidence": 0.7,
      "reasoningHints": "intro elements are added one by one leading to a fuller texture",
      "id": "9"
    },
    {
      "text": "bright synth lead melody",
      "category": "instrumentation",
      "confidence": 0.8,
      "reasoningHints": "melodic synth line with high-frequency content and slight portamento",
      "id": "3"
    },
    {
      "text": "wide stereo imaging on synths",
      "category": "production",
      "confidence": 0.6,
      "reasoningHints": "panned synth layers create a spacious field",
      "id": "7"
    }
  ],
  "signatureRelations": [],
  "styleCues": [],
  "uncertainties": [],
  "genreHypotheses": [],
  "aestheticConcepts": [],
  "impressions": [],
  "contextHypotheses": [],
  "packetDiagnostics": {
    "rawItemCount": 21,
    "acceptedConceptCount": 8,
    "duplicateOrRejectedCount": 13,
    "quarantinedCount": 0,
    "fieldCounts": {
      "audibleObservations": 8,
      "signatureRelations": 0,
      "styleCues": 0,
      "genreHypotheses": 0,
      "contextHypotheses": 0,
      "aestheticConcepts": 0,
      "impressions": 0
    }
  }
}
[Music Flamingo] END PACKET

Inference complete in 248.3s. Packet parsed: ['audibleObservations', 'signatureRelations', 'styleCues', 'uncertainties', 'genreHypotheses', 'aestheticConcepts', 'impressions', 'contextHypotheses', 'packetDiagnostics']
[Music Flamingo] input tokens=738; generation budget=256
Running Flamingo forensic listening...

[Music Flamingo] RAW MODEL RESPONSE (max 6000 chars)
{'audibleObservations': [{'id': 1, 'text': 'instrumental electronic', 'category': 'instrumentation', 'confidence': 0.7}, {'id': 2, 'text': 'steady 4/4 beat', 'category': 'rhythm', 'confidence': 0.8}, {'id': 3, 'text': 'synth bassline', 'category': 'instrumentation', 'confidence': 0.7}], 'signatureRelations': [{'id': 1, 'text': 'beat and bassline interplay', 'supportRefs': [1, 2], 'confidence': 0.6}], 'uncertainties': ['no clear melodic lead', 'no vocal presence'], 'genreHypotheses': [{'label': 'electronic', 'confidence': 0.5}, {'label': 'instrumental', 'confidence': 0.5}], 'aestheticConcepts': ['minimalist texture', 'steady groove'], 'impressions': ['neutral mood', 'consistent energy']}
[Music Flamingo] SANITIZED PACKET SENT TO MUSIC SHOWER (max 6000 chars)
{
  "audibleObservations": [
    {
      "text": "instrumental electronic",
      "category": "instrumentation",
      "confidence": 0.7,
      "reasoningHints": "",
      "id": "1"
    },
    {
      "text": "steady 4/4 beat",
      "category": "rhythm",
      "confidence": 0.8,
      "reasoningHints": "",
      "id": "2"
    },
    {
      "text": "synth bassline",
      "category": "instrumentation",
      "confidence": 0.7,
      "reasoningHints": "",
      "id": "3"
    }
  ],
  "signatureRelations": [
    {
      "text": "beat and bassline interplay",
      "confidence": 0.6,
      "reasoningHints": "",
      "supportRefs": [
        "1",
        "2"
      ],
      "id": "1"
    }
  ],
  "styleCues": [],
  "uncertainties": [
    "no clear melodic lead",
    "no vocal presence"
  ],
  "genreHypotheses": [
    {
      "label": "electronic",
      "confidence": 0.48,
      "reasoningHints": "",
      "supportRefs": [],
      "id": "g1",
      "provisional": true
    },
    {
      "label": "instrumental",
      "confidence": 0.48,
      "reasoningHints": "",
      "supportRefs": [],
      "id": "g2",
      "provisional": true
    }
  ],
  "aestheticConcepts": [
    {
      "text": "minimalist texture",
      "confidence": 0.62,
      "reasoningHints": "",
      "supportRefs": []
    },
    {
      "text": "steady groove",
      "confidence": 0.62,
      "reasoningHints": "",
      "supportRefs": []
    }
  ],
  "impressions": [
    {
      "text": "neutral mood",
      "confidence": 0.6,
      "reasoningHints": "",
      "supportRefs": []
    },
    {
      "text": "consistent energy",
      "confidence": 0.6,
      "reasoningHints": "",
      "supportRefs": []
    }
  ],
  "contextHypotheses": [],
  "packetDiagnostics": {
    "rawItemCount": 10,
    "acceptedConceptCount": 10,
    "duplicateOrRejectedCount": 0,
    "quarantinedCount": 0,
    "fieldCounts": {
      "audibleObservations": 3,
      "signatureRelations": 1,
      "styleCues": 0,
      "genreHypotheses": 2,
      "contextHypotheses": 0,
      "aestheticConcepts": 2,
      "impressions": 2
    }
  }
}
[Music Flamingo] END PACKET

Inference complete in 134.7s. Packet parsed: ['audibleObservations', 'signatureRelations', 'styleCues', 'uncertainties', 'genreHypotheses', 'aestheticConcepts', 'impressions', 'contextHypotheses', 'packetDiagnostics']
[Music Flamingo] input tokens=1001; generation budget=400
Running Flamingo structured deep-listening inference...
[Music Flamingo] FORENSIC RESPONSE (42.6s)
1. Yes, the main loop is taken from a pre-existing recording. The track is built around a sampled loop that repeats throughout, with the same drum pattern and synth elements heard from the very start.
2. No, there are no vocals. The track is purely instrumental.
3. Yes, the main loop repeats identically as a loop, with the same drum pattern and synth elements heard from the very start.
4. The production is clean and high‑fidelity, with a wide stereo image and consistent volume levels. No obvious filtering, sidechain pumping, saturation, or bit‑reduction is audible on the main loop or groove.
5. The recording and production character of the source material suggests a vintage or retro aesthetic, likely from the 1980s or early 1990s, while the surrounding production is modern and high‑fidelity.
[Music Flamingo] FORENSIC ANSWERS [{"key": "sampled", "answer": "yes", "cue": "the main loop is taken from a pre-existing recording. The track is built around a sampled loop that repeats throughout, with the same drum pattern and synth"}, {"key": "vocals", "answer": "no", "cue": "there are no vocals. The track is purely instrumental."}, {"key": "loop", "answer": "yes", "cue": "the main loop repeats identically as a loop, with the same drum pattern and synth elements heard from the very start."}, {"key": "processing", "answer": "unsure", "cue": "The production is clean and high‑fidelity, with a wide stereo image and consistent volume levels. No obvious filtering, sidechain pumping, saturation, or"}, {"key": "sourcePeriod", "answer": "unsure", "cue": "The recording and production character of the source material suggests a vintage or retro aesthetic, likely from the 1980s or early 1990s, while the surrounding"}]
[Music Flamingo] input tokens=1981; generation budget=1024
Running Flamingo structured deep-listening inference (first impression)...

[Music Flamingo] RAW MODEL RESPONSE (max 6000 chars)
{'audibleObservations': [{'id': 1, 'text': 'steady 4/4 pulse', 'category': 'rhythm', 'confidence': 0.9, 'reasoning': 'clear kick on every downbeat, snare on 2 and 4, hi-hats in 16th‑note subdivisions.'}, {'id': 2, 'text': 'synth bass with side‑chain compression', 'category': 'instrumentation', 'confidence': 0.8, 'reasoning': 'bass synth follows kick, ducking volume to create pumping effect.'}, {'id': 3, 'text': 'repetitive chord loop', 'category': 'harmony', 'confidence': 0.7, 'reasoning': 'simple minor‑key progression repeats every 8 bars, providing a stable harmonic foundation.'}, {'id': 4, 'text': 'vocal sample loop', 'category': 'vocal', 'confidence': 0.6, 'reasoning': 'short, processed vocal snippet repeats as a melodic hook, treated as an instrument.'}, {'id': 5, 'text': 'wide stereo imaging', 'category': 'production', 'confidence': 0.5, 'reasoning': 'panned synth pads and percussive elements create a spacious soundstage.'}], 'signatureRelations': [{'id': 1, 'text': 'kick and bass lock in syncopated pattern', 'supportRefs': [1, 2], 'confidence': 0.8, 'reasoning': 'kick and bass are rhythmically interdependent, reinforcing the groove.'}, {'id': 2, 'text': 'vocal sample layered over chord loop', 'supportRefs': [3, 4], 'confidence': 0.7, 'reasoning': 'the vocal loop sits atop the repeating chord progression, adding melodic interest.'}], 'styleCues': [{'id': 1, 'text': 'side‑chain compression on bass', 'confidence': 0.8, 'supportRefs': [2], 'reasoning': 'the side‑chain effect is a hallmark of modern electronic dance music production.'}, {'id': 2, 'text': 'minimalist synth timbres', 'confidence': 0.6, 'supportRefs': [1, 3], 'reasoning': 'the synth sounds are simple waveforms with modest filtering, typical of house or techno.'}], 'uncertainties': ['instrument identity ambiguity'], 'genreHypotheses': [{'label': 'house', 'confidence': 0.7, 'supportRefs': [1, 2, 3, 4], 'reasoning': 'the steady 4/4 beat, side‑chained bass, and repetitive chord loop are characteristic of house music.'}, {'label': 'techno', 'confidence': 0.5, 'supportRefs': [1, 2], 'reasoning': 'the driving kick and minimal harmonic content align with techno aesthetics.'}], 'aestheticConcepts': [{'text': 'hypnotic groove', 'confidence': 0.8, 'supportRefs': [1, 3], 'reasoning': 'the looped rhythm and repetitive harmony create a trance‑like, immersive feel.'}, {'text': 'club‑floor energy', 'confidence': 0.6, 'supportRefs': [1, 2], 'reasoning': 'the consistent pulse and side‑chained bass are designed to energize a dancefloor.'}], 'impressions': [{'text': 'energetic yet restrained', 'confidence': 0.7, 'supportRefs': [1, 3], 'reasoning': 'the track maintains a steady drive without aggressive peaks, suggesting a balanced, club‑oriented vibe.'}, {'text': 'modern electronic production', 'confidence': 0.5, 'supportRefs': [2, 5], 'reasoning': 'the use of side‑chain compression and wide stereo imaging reflects contemporary EDM production techniques.'}], 'contextHypotheses': [{'text': 'late‑2010s house/techno crossover', 'category': 'scene', 'confidence': 0.4, 'supportRefs': [1, 2, 3], 'reasoning': 'the combination of a classic house groove with techno‑style minimalism points to a period when producers blended the two styles for club appeal.'}, {'text': 'digital club culture', 'category': 'culture', 'confidence': 0.6, 'supportRefs': [1, 2, 5], 'reasoning': 'the track’s focus on rhythm, side‑chain pumping, and a looping vocal sample fits the aesthetic of modern digital dance music scenes.'}], 'genreHypotheses': [{'label': 'house', 'confidence': 0.7, 'supportRefs': [1,
[Music Flamingo] SANITIZED PACKET SENT TO MUSIC SHOWER (max 6000 chars)
{
  "audibleObservations": [
    {
      "text": "steady 4/4 pulse",
      "category": "rhythm",
      "confidence": 0.9,
      "reasoningHints": "clear kick on every downbeat snare on 2 and 4 hi-hats in 16th‑note",
      "id": "1"
    },
    {
      "text": "synth bass with side‑chain compression",
      "category": "instrumentation",
      "confidence": 0.8,
      "reasoningHints": "bass synth follows kick ducking volume to create pumping effect.",
      "id": "2"
    },
    {
      "text": "repetitive chord loop",
      "category": "arrangement",
      "confidence": 0.7,
      "reasoningHints": "simple minor‑key progression repeats every 8 bars providing a stable",
      "sourceCategory": "harmony",
      "id": "3"
    },
    {
      "text": "vocal sample loop",
      "category": "performance",
      "confidence": 0.6,
      "reasoningHints": "short processed vocal snippet repeats as a melodic hook treated as an",
      "sourceCategory": "vocal",
      "id": "4"
    },
    {
      "text": "wide stereo imaging",
      "category": "production",
      "confidence": 0.5,
      "reasoningHints": "panned synth pads and percussive elements create a spacious soundstage.",
      "id": "5"
    }
  ],
  "signatureRelations": [
    {
      "text": "kick and bass lock in syncopated pattern",
      "confidence": 0.8,
      "reasoningHints": "kick and bass are rhythmically interdependent reinforcing the groove.",
      "supportRefs": [
        "1",
        "2"
      ],
      "id": "1"
    },
    {
      "text": "vocal sample layered over chord loop",
      "confidence": 0.7,
      "reasoningHints": "the vocal loop sits atop the repeating chord progression adding melodic",
      "supportRefs": [
        "3",
        "4"
      ],
      "id": "2"
    }
  ],
  "styleCues": [
    {
      "text": "side‑chain compression on bass",
      "confidence": 0.8,
      "reasoningHints": "the side‑chain effect is a hallmark of modern electronic dance music",
      "supportRefs": [
        "2"
      ],
      "id": "1"
    },
    {
      "text": "minimalist synth timbres",
      "confidence": 0.6,
      "reasoningHints": "the synth sounds are simple waveforms with modest filtering typical of",
      "supportRefs": [
        "1",
        "3"
      ],
      "id": "2"
    }
  ],
  "uncertainties": [
    "instrument identity ambiguity"
  ],
  "genreHypotheses": [
    {
      "label": "house",
      "confidence": 0.65,
      "reasoningHints": "",
      "supportRefs": [],
      "id": "g1"
    }
  ],
  "aestheticConcepts": [
    {
      "text": "hypnotic groove",
      "confidence": 0.8,
      "reasoningHints": "the looped rhythm and repetitive harmony create a trance‑like immersive",
      "supportRefs": [
        "1",
        "3"
      ]
    },
    {
      "text": "club‑floor energy",
      "confidence": 0.6,
      "reasoningHints": "the consistent pulse and side‑chained bass are designed to energize a",
      "supportRefs": [
        "1",
        "2"
      ]
    }
  ],
  "impressions": [
    {
      "text": "energetic yet restrained",
      "confidence": 0.7,
      "reasoningHints": "the track maintains a steady drive without aggressive peaks suggesting a",
      "supportRefs": [
        "1",
        "3"
      ]
    },
    {
      "text": "modern electronic production",
      "confidence": 0.5,
      "reasoningHints": "the use of side‑chain compression and wide stereo imaging reflects",
      "supportRefs": [
        "2",
        "5"
      ]
    }
  ],
  "contextHypotheses": [
    {
      "text": "late‑2010s house/techno crossover",
      "category": "scene",
      "confidence": 0.4,
      "reasoningHints": "the combination of a classic house groove with techno‑style minimalism",
      "supportRefs": [
        "1",
        "2",
        "3"
      ]
    },
    {
      "text": "digital club culture",
      "category": "culture",
      "confidence": 0.6,
      "reasoningHints": "the track’s focus on rhythm side‑chain pumping and a looping vocal",
      "supportRefs": [
        "1",
        "2",
        "5"
      ]
    }
  ],
  "packetDiagnostics": {
    "rawItemCount": 16,
    "acceptedConceptCount": 16,
    "duplicateOrRejectedCount": 0,
    "quarantinedCount": 0,
    "fieldCounts": {
      "audibleObservations": 5,
      "signatureRelations": 2,
      "styleCues": 2,
      "genreHypotheses": 1,
      "contextHypotheses": 2,
      "aestheticConcepts": 2,
      "impressions": 2
    }
  }
}
[Music Flamingo] END PACKET

Inference complete in 176.2s. Packet parsed: ['audibleObservations', 'signatureRelations', 'styleCues', 'uncertainties', 'genreHypotheses', 'aestheticConcepts', 'impressions', 'contextHypotheses', 'packetDiagnostics']
[Music Flamingo] input tokens=762; generation budget=256
Running Flamingo structured deep-listening inference...
Running Flamingo structured deep-listening inference (first impression)...

[Music Flamingo] RAW MODEL RESPONSE (max 6000 chars)
Inference cancelled: superseded before inference{'audibleObservations': [{'id': 1, 'text': 'instrumental rock', 'category': 'instrumentation', 'confidence': 0.7}, {'id': 2, 'text': 'driving rhythm', 'category': 'rhythm', 'confidence': 0.8}, {'id': 3, 'text': 'clean electric guitar', 'category': 'instrumentation', 'confidence': 0.7}], 'signatureRelations': [{'id': 1, 'text': 'guitar-driven rock', 'supportRefs': [1, 3], 'confidence': 0.6}, {'id': 2, 'text': 'steady drum groove', 'supportRefs': [2], 'confidence': 0.5}], 'uncertainties': ['no vocals', 'no explicit genre label'], 'genreHypotheses': [{'label': 'rock', 'confidence': 0.3}, {'label': 'instrumental rock', 'confidence': 0.6}], 'aestheticConcepts': ['energetic', 'forward-moving'], 'impressions': ['confident', 'steady momentum']}

[Music Flamingo] SANITIZED PACKET SENT TO MUSIC SHOWER (max 6000 chars)
{
  "audibleObservations": [
    {
      "text": "instrumental rock",
      "category": "instrumentation",
      "confidence": 0.7,
      "reasoningHints": "",
      "id": "1"
    },
    {
      "text": "driving rhythm",
      "category": "rhythm",
      "confidence": 0.8,
      "reasoningHints": "",
      "id": "2"
    },
    {
      "text": "clean electric guitar",
      "category": "instrumentation",
      "confidence": 0.7,
      "reasoningHints": "",
      "id": "3"
    }
  ],
  "signatureRelations": [
    {
      "text": "guitar-driven rock",
      "confidence": 0.6,
      "reasoningHints": "",
      "supportRefs": [
        "1",
        "3"
      ],
      "id": "1"
    },
    {
      "text": "steady drum groove",
      "confidence": 0.5,
      "reasoningHints": "",
      "supportRefs": [
        "2"
      ],
      "id": "2"
    }
  ],
  "styleCues": [],
  "uncertainties": [
    "no vocals",
    "no explicit genre label"
  ],
  "genreHypotheses": [
    {
      "label": "rock",
      "confidence": 0.3,
      "reasoningHints": "",
      "supportRefs": [],
      "id": "g1",
      "provisional": true
    },
    {
      "label": "instrumental rock",
      "confidence": 0.48,
      "reasoningHints": "",
      "supportRefs": [],
      "id": "g2",
      "provisional": true
    }
  ],
  "aestheticConcepts": [
    {
      "text": "energetic",
      "confidence": 0.62,
      "reasoningHints": "",
      "supportRefs": []
    },
    {
      "text": "forward-moving",
      "confidence": 0.62,
      "reasoningHints": "",
      "supportRefs": []
    }
  ],
  "impressions": [
    {
      "text": "confident",
      "confidence": 0.6,
      "reasoningHints": "",
      "supportRefs": []
    },
    {
      "text": "steady momentum",
      "confidence": 0.6,
      "reasoningHints": "",
      "supportRefs": []
    }
  ],
  "contextHypotheses": [],
  "packetDiagnostics": {
    "rawItemCount": 11,
    "acceptedConceptCount": 11,
    "duplicateOrRejectedCount": 0,
    "quarantinedCount": 0,
    "fieldCounts": {
      "audibleObservations": 3,
      "signatureRelations": 2,
      "styleCues": 0,
      "genreHypotheses": 2,
      "contextHypotheses": 0,
      "aestheticConcepts": 2,
      "impressions": 2
    }
  }
}Client already disconnected; 409 not delivered.

[Music Flamingo] END PACKET

Inference complete in 75.7s. Packet parsed: ['audibleObservations', 'signatureRelations', 'styleCues', 'uncertainties', 'genreHypotheses', 'aestheticConcepts', 'impressions', 'contextHypotheses', 'packetDiagnostics']
[Music Flamingo] input tokens=738; generation budget=256
Running Flamingo forensic listening...

[Music Flamingo] RAW MODEL RESPONSE (max 6000 chars)
{'audibleObservations': [{'id': 1, 'text': 'Rhythmic electronic beat', 'category': 'rhythm', 'confidence': 0.95}, {'id': 2, 'text': 'Synth bassline', 'category': 'instrumentation', 'confidence': 0.95}, {'id': 3, 'text': 'Female vocal sample', 'category': 'performance', 'confidence': 0.95}], 'signatureRelations': [{'id': 1, 'text': 'Beat and bassline are tightly locked', 'supportRefs': [1, 2], 'confidence': 0.85}, {'id': 2, 'text': 'Vocal sample sits on top of the beat', 'supportRefs': [1, 3], 'confidence': 0.85}], 'uncertainties': ['Genre not clearly defined', 'No clear melodic content'], 'genreHypotheses': [{'label': 'Electronic', 'confidence': 0.5}, {'label': 'Pop', 'confidence': 0.3}], 'aestheticConcepts': ['Minimalist', 'Groovy'], 'impressions': ['Playful', 'Joyful']
[Music Flamingo] SANITIZED PACKET SENT TO MUSIC SHOWER (max 6000 chars)
{
  "audibleObservations": [
    {
      "text": "Rhythmic electronic beat",
      "category": "rhythm",
      "confidence": 0.95,
      "reasoningHints": "",
      "id": "1"
    },
    {
      "text": "Synth bassline",
      "category": "instrumentation",
      "confidence": 0.95,
      "reasoningHints": "",
      "id": "2"
    },
    {
      "text": "Female vocal sample",
      "category": "performance",
      "confidence": 0.95,
      "reasoningHints": "",
      "id": "3"
    }
  ],
  "signatureRelations": [
    {
      "text": "Beat and bassline are tightly locked",
      "confidence": 0.85,
      "reasoningHints": "",
      "supportRefs": [
        "1",
        "2"
      ],
      "id": "1"
    },
    {
      "text": "Vocal sample sits on top of the beat",
      "confidence": 0.85,
      "reasoningHints": "",
      "supportRefs": [
        "1",
        "3"
      ],
      "id": "2"
    }
  ],
  "styleCues": [],
  "uncertainties": [
    "Genre not clearly defined",
    "No clear melodic content"
  ],
  "genreHypotheses": [
    {
      "label": "Electronic",
      "confidence": 0.48,
      "reasoningHints": "",
      "supportRefs": [],
      "id": "g1",
      "provisional": true
    },
    {
      "label": "Pop",
      "confidence": 0.3,
      "reasoningHints": "",
      "supportRefs": [],
      "id": "g2",
      "provisional": true
    }
  ],
  "aestheticConcepts": [
    {
      "text": "Minimalist",
      "confidence": 0.62,
      "reasoningHints": "",
      "supportRefs": []
    },
    {
      "text": "Groovy",
      "confidence": 0.62,
      "reasoningHints": "",
      "supportRefs": []
    }
  ],
  "impressions": [
    {
      "text": "Playful",
      "confidence": 0.6,
      "reasoningHints": "",
      "supportRefs": []
    },
    {
      "text": "Joyful",
      "confidence": 0.6,
      "reasoningHints": "",
      "supportRefs": []
    }
  ],
  "contextHypotheses": [],
  "packetDiagnostics": {
    "rawItemCount": 11,
    "acceptedConceptCount": 11,
    "duplicateOrRejectedCount": 0,
    "quarantinedCount": 0,
    "fieldCounts": {
      "audibleObservations": 3,
      "signatureRelations": 2,
      "styleCues": 0,
      "genreHypotheses": 2,
      "contextHypotheses": 0,
      "aestheticConcepts": 2,
      "impressions": 2
    }
  }
}
[Music Flamingo] END PACKET

Inference complete in 36.4s. Packet parsed: ['audibleObservations', 'signatureRelations', 'styleCues', 'uncertainties', 'genreHypotheses', 'aestheticConcepts', 'impressions', 'contextHypotheses', 'packetDiagnostics']
[Music Flamingo] input tokens=576; generation budget=400
Running Flamingo structured deep-listening inference...
[Music Flamingo] FORENSIC RESPONSE (41.0s)
1. No, the track is built entirely from original instrumentation and production; no parts are taken from a pre-existing recording.
2. No vocals are present.
3. No, there is no phrase or bar that repeats identically as a loop.
4. The production is clean and high‑fidelity, with a wide stereo image and consistent volume levels; no filtering, sidechain pumping, saturation, or bit‑reduction is applied to the main loop or groove.
5. The recording and production character of the source material suggest a modern, high‑resolution recording style, with no obvious period‑specific influences.
[Music Flamingo] FORENSIC ANSWERS [{"key": "sampled", "answer": "no", "cue": "the track is built entirely from original instrumentation and production; no parts are taken from a pre-existing recording."}, {"key": "vocals", "answer": "no", "cue": "vocals are present."}, {"key": "loop", "answer": "no", "cue": "there is no phrase or bar that repeats identically as a loop."}, {"key": "processing", "answer": "unsure", "cue": "The production is clean and high‑fidelity, with a wide stereo image and consistent volume levels; no filtering, sidechain pumping, saturation, or bit‑reduction"}, {"key": "sourcePeriod", "answer": "unsure", "cue": "The recording and production character of the source material suggest a modern, high‑resolution recording style, with no obvious period‑specific influences."}]
[Music Flamingo] input tokens=1980; generation budget=1024
Running Flamingo structured deep-listening inference...
Inference cancelled: superseded during generation
Client already disconnected; 409 not delivered.
[Music Flamingo] input tokens=1980; generation budget=1024
Running Flamingo structured deep-listening inference (first impression)...

[Music Flamingo] RAW MODEL RESPONSE (max 6000 chars)
{'audibleObservations': [{'id': 1, 'text': 'electronic drum kit', 'category': 'rhythm', 'confidence': 0.9, 'reasoning': 'steady 4/4 pulse with a crisp, quantized kick and snare pattern.'}, {'id': 2, 'text': 'synth bass', 'category': 'instrumentation', 'confidence': 0.9, 'reasoning': 'deep, sustained sub‑bass that follows the root of the chord progression.'}, {'id': 3, 'text': 'synth lead', 'category': 'instrumentation', 'confidence': 0.9, 'reasoning': 'bright, arpeggiated melodic line that repeats a short motif throughout the loop.'}, {'id': 4, 'text': 'minimal harmonic movement', 'category': 'harmony', 'confidence': 0.8, 'reasoning': 'the chord changes are simple and repetitive, staying mostly on the tonic and its relative minor.'}, {'id': 5, 'text': 'steady 4/4 pulse', 'category': 'rhythm', 'confidence': 0.9, 'reasoning': 'the drum pattern emphasizes the downbeat with a consistent kick on every quarter note and a snare on the backbeat.'}], 'signatureRelations': [{'id': 1, 'text': 'drum and bass elements', 'supportRefs': [1, 2], 'confidence': 0.7, 'reasoning': 'the drum kit sound and the driving bass line are characteristic of drum and bass, though the tempo is slower than typical.'}, {'id': 2, 'text': 'synth lead and bass interplay', 'supportRefs': [3, 2], 'confidence': 0.6, 'reasoning': 'the synth lead and bass work together in a call‑and‑response fashion, with the bass providing a steady foundation and the lead adding melodic interest.'}], 'styleCues': [{'id': 1, 'text': 'electronic production', 'confidence': 0.8, 'supportRefs': [1, 2, 3]}, {'id': 2, 'text': 'minimalist arrangement', 'confidence': 0.7, 'supportRefs': [4, 5]}], 'uncertainties': ['instrumentation ambiguity'], 'genreHypotheses': [{'label': 'drum and bass', 'confidence': 0.5, 'supportRefs': [1, 2, 3, 4, 5]}, {'label': 'ambient electronic', 'confidence': 0.3, 'supportRefs': [1, 2, 3, 4, 5]}], 'aestheticConcepts': [{'text': 'hypnotic', 'confidence': 0.6, 'supportRefs': [1, 2, 3, 4, 5]}, {'text': 'minimalist', 'confidence': 0.5, 'supportRefs': [4, 5]}], 'impressions': [{'text': 'calm yet driving', 'confidence': 0.7, 'supportRefs': [1, 2, 3, 4, 5]}, {'text': 'steady, meditative', 'confidence': 0.6, 'supportRefs': [1, 2, 3, 4, 5]}], 'contextHypotheses': [{'text': 'contemporary electronic', 'category': 'scene', 'confidence': 0.8, 'supportRefs': [1, 2, 3, 4, 5]}, {'text': 'late‑2010s ambient‑drum‑and‑bass crossover', 'category': 'era', 'confidence': 0.4, 'supportRefs': [1, 2, 3, 4, 5]}]}
[Music Flamingo] SANITIZED PACKET SENT TO MUSIC SHOWER (max 6000 chars)
{
  "audibleObservations": [
    {
      "text": "electronic drum kit",
      "category": "rhythm",
      "confidence": 0.9,
      "reasoningHints": "steady 4/4 pulse with a crisp quantized kick and snare pattern.",
      "id": "1"
    },
    {
      "text": "synth bass",
      "category": "instrumentation",
      "confidence": 0.9,
      "reasoningHints": "deep sustained sub‑bass that follows the root of the chord progression.",
      "id": "2"
    },
    {
      "text": "minimal harmonic movement",
      "category": "arrangement",
      "confidence": 0.8,
      "reasoningHints": "the chord changes are simple and repetitive staying mostly on the tonic",
      "sourceCategory": "harmony",
      "id": "4"
    },
    {
      "text": "synth lead",
      "category": "instrumentation",
      "confidence": 0.9,
      "reasoningHints": "bright arpeggiated melodic line that repeats a short motif throughout",
      "id": "3"
    },
    {
      "text": "steady 4/4 pulse",
      "category": "rhythm",
      "confidence": 0.9,
      "reasoningHints": "the drum pattern emphasizes the downbeat with a consistent kick on every",
      "id": "5"
    }
  ],
  "signatureRelations": [
    {
      "text": "drum and bass elements",
      "confidence": 0.7,
      "reasoningHints": "the drum kit sound and the driving bass line are characteristic of drum",
      "supportRefs": [
        "1",
        "2"
      ],
      "id": "1"
    },
    {
      "text": "synth lead and bass interplay",
      "confidence": 0.6,
      "reasoningHints": "the synth lead and bass work together in a call‑and‑response fashion",
      "supportRefs": [
        "3",
        "2"
      ],
      "id": "2"
    }
  ],
  "styleCues": [
    {
      "text": "electronic production",
      "confidence": 0.8,
      "reasoningHints": "",
      "supportRefs": [
        "1",
        "2",
        "3"
      ],
      "id": "1"
    },
    {
      "text": "minimalist arrangement",
      "confidence": 0.7,
      "reasoningHints": "",
      "supportRefs": [
        "4",
        "5"
      ],
      "id": "2"
    }
  ],
  "uncertainties": [
    "instrumentation ambiguity"
  ],
  "genreHypotheses": [
    {
      "label": "drum and bass",
      "confidence": 0.5,
      "reasoningHints": "",
      "supportRefs": [
        "1",
        "2",
        "3",
        "4",
        "5"
      ],
      "id": "g1"
    },
    {
      "label": "ambient electronic",
      "confidence": 0.3,
      "reasoningHints": "",
      "supportRefs": [
        "1",
        "2",
        "3",
        "4",
        "5"
      ],
      "id": "g2"
    }
  ],
  "aestheticConcepts": [
    {
      "text": "hypnotic",
      "confidence": 0.6,
      "reasoningHints": "",
      "supportRefs": [
        "1",
        "2",
        "3",
        "4",
        "5"
      ]
    },
    {
      "text": "minimalist",
      "confidence": 0.5,
      "reasoningHints": "",
      "supportRefs": [
        "4",
        "5"
      ]
    }
  ],
  "impressions": [
    {
      "text": "calm yet driving",
      "confidence": 0.7,
      "reasoningHints": "",
      "supportRefs": [
        "1",
        "2",
        "3",
        "4",
        "5"
      ]
    },
    {
      "text": "steady meditative",
      "confidence": 0.6,
      "reasoningHints": "",
      "supportRefs": [
        "1",
        "2",
        "3",
        "4",
        "5"
      ]
    }
  ],
  "contextHypotheses": [
    {
      "text": "contemporary electronic",
      "category": "scene",
      "confidence": 0.8,
      "reasoningHints": "",
      "supportRefs": [
        "1",
        "2",
        "3",
        "4",
        "5"
      ]
    },
    {
      "text": "late‑2010s ambient‑drum‑and‑bass crossover",
      "category": "era",
      "confidence": 0.4,
      "reasoningHints": "",
      "supportRefs": [
        "1",
        "2",
        "3",
        "4",
        "5"
      ]
    }
  ],
  "packetDiagnostics": {
    "rawItemCount": 17,
    "acceptedConceptCount": 17,
    "duplicateOrRejectedCount": 0,
    "quarantinedCount": 0,
    "fieldCounts": {
      "audibleObservations": 5,
      "signatureRelations": 2,
      "styleCues": 2,
      "genreHypotheses": 2,
      "contextHypotheses": 2,
      "aestheticConcepts": 2,
      "impressions": 2
    }
  }
}
[Music Flamingo] END PACKET

Inference complete in 137.6s. Packet parsed: ['audibleObservations', 'signatureRelations', 'styleCues', 'uncertainties', 'genreHypotheses', 'aestheticConcepts', 'impressions', 'contextHypotheses', 'packetDiagnostics']
[Music Flamingo] input tokens=738; generation budget=256
Running Flamingo forensic listening...

[Music Flamingo] RAW MODEL RESPONSE (max 6000 chars)
{'audibleObservations': [{'id': 1, 'text': 'Rhythmic electronic beat', 'category': 'rhythm', 'confidence': 0.95}, {'id': 2, 'text': 'Synth bassline', 'category': 'instrumentation', 'confidence': 0.95}, {'id': 3, 'text': 'Vocal samples', 'category': 'performance', 'confidence': 0.95}], 'signatureRelations': [{'id': 1, 'text': 'Beat and bassline drive the track', 'supportRefs': [1, 2], 'confidence': 0.95}], 'uncertainties': ['No clear genre label from this short clip'], 'genreHypotheses': [{'label': 'Electronic', 'confidence': 0.7}, {'label': 'Hip-hop', 'confidence': 0.3}], 'aestheticConcepts': ['Driving', 'Minimalist'], 'impressions': ['Confident', 'Assertive']}
[Music Flamingo] SANITIZED PACKET SENT TO MUSIC SHOWER (max 6000 chars)
{
  "audibleObservations": [
    {
      "text": "Rhythmic electronic beat",
      "category": "rhythm",
      "confidence": 0.95,
      "reasoningHints": "",
      "id": "1"
    },
    {
      "text": "Synth bassline",
      "category": "instrumentation",
      "confidence": 0.95,
      "reasoningHints": "",
      "id": "2"
    },
    {
      "text": "Vocal samples",
      "category": "performance",
      "confidence": 0.95,
      "reasoningHints": "",
      "id": "3"
    }
  ],
  "signatureRelations": [
    {
      "text": "Beat and bassline drive the track",
      "confidence": 0.95,
      "reasoningHints": "",
      "supportRefs": [
        "1",
        "2"
      ],
      "id": "1"
    }
  ],
  "styleCues": [],
  "uncertainties": [
    "No clear genre label from this short clip"
  ],
  "genreHypotheses": [
    {
      "label": "Electronic",
      "confidence": 0.48,
      "reasoningHints": "",
      "supportRefs": [],
      "id": "g1",
      "provisional": true
    },
    {
      "label": "Hip-hop",
      "confidence": 0.3,
      "reasoningHints": "",
      "supportRefs": [],
      "id": "g2",
      "provisional": true
    }
  ],
  "aestheticConcepts": [
    {
      "text": "Driving",
      "confidence": 0.62,
      "reasoningHints": "",
      "supportRefs": []
    },
    {
      "text": "Minimalist",
      "confidence": 0.62,
      "reasoningHints": "",
      "supportRefs": []
    }
  ],
  "impressions": [
    {
      "text": "Confident",
      "confidence": 0.6,
      "reasoningHints": "",
      "supportRefs": []
    },
    {
      "text": "Assertive",
      "confidence": 0.6,
      "reasoningHints": "",
      "supportRefs": []
    }
  ],
  "contextHypotheses": [],
  "packetDiagnostics": {
    "rawItemCount": 10,
    "acceptedConceptCount": 10,
    "duplicateOrRejectedCount": 0,
    "quarantinedCount": 0,
    "fieldCounts": {
      "audibleObservations": 3,
      "signatureRelations": 1,
      "styleCues": 0,
      "genreHypotheses": 2,
      "contextHypotheses": 0,
      "aestheticConcepts": 2,
      "impressions": 2
    }
  }
}
[Music Flamingo] END PACKET

Inference complete in 134.2s. Packet parsed: ['audibleObservations', 'signatureRelations', 'styleCues', 'uncertainties', 'genreHypotheses', 'aestheticConcepts', 'impressions', 'contextHypotheses', 'packetDiagnostics']
[Music Flamingo] input tokens=1001; generation budget=400
Running Flamingo structured deep-listening inference...
[Music Flamingo] FORENSIC RESPONSE (48.5s)
1. The track is built around a prominent, repetitive vocal sample that sounds like a heavily processed female voice, likely a looped fragment from a pre-existing recording. The sample is used as the main melodic hook and is looped throughout the piece, giving the track its recognizable identity.
2. The vocal sample is in English, and it is heavily processed: pitch‑shifted, time‑stretched, and chopped to create a rhythmic, almost percussive texture. The processing gives it a robotic, synthetic timbre that sits as a central element of the arrangement.
3. The main vocal phrase repeats identically as a loop, forming the core hook of the track. This repetition is a key structural element, driving the energy forward and providing a recognizable anchor for listeners.
4. The main loop is treated with sidechain compression, giving it a pumping feel that syncs with the kick drum. The overall mix is polished, with a wide stereo image and bright, crisp high‑end, suggesting a modern production style.
5. The vocal sample appears to be sourced from an older recording, as its timbre and processing style are reminiscent of 1990s vocal chops, while the surrounding production is contemporary, indicating a blend of retro sample usage with current electronic production techniques.
[Music Flamingo] FORENSIC ANSWERS [{"key": "sampled", "answer": "unsure", "cue": "The track is built around a prominent, repetitive vocal sample that sounds like a heavily processed female voice, likely a looped fragment from a pre-existing"}, {"key": "vocals", "answer": "unsure", "cue": "The vocal sample is in English, and it is heavily processed: pitch‑shifted, time‑stretched, and chopped to create a rhythmic, almost percussive texture. The"}, {"key": "loop", "answer": "unsure", "cue": "The main vocal phrase repeats identically as a loop, forming the core hook of the track. This repetition is a key structural element, driving the energy forward"}, {"key": "processing", "answer": "unsure", "cue": "The main loop is treated with sidechain compression, giving it a pumping feel that syncs with the kick drum. The overall mix is polished, with a wide stereo"}, {"key": "sourcePeriod", "answer": "unsure", "cue": "The vocal sample appears to be sourced from an older recording, as its timbre and processing style are reminiscent of 1990s vocal chops, while the surrounding"}]
[Music Flamingo] input tokens=1981; generation budget=1024
Running Flamingo structured deep-listening inference...
Inference cancelled: superseded during generation
Client already disconnected; 409 not delivered.
[Music Flamingo] input tokens=1981; generation budget=1024
Running Flamingo structured deep-listening inference (first impression)...

[Music Flamingo] RAW MODEL RESPONSE (max 6000 chars)
{'audibleObservations': [{'id': 1, 'text': 'steady 4/4 pulse', 'category': 'rhythm', 'confidence': 0.9, 'reasoning': 'clear kick on every downbeat, snare on 2 and 4, hi-hats in 16th‑note subdivisions.'}, {'id': 2, 'text': 'synth bass with side‑chain compression', 'category': 'instrumentation', 'confidence': 0.8, 'reasoning': 'bass synth follows kick, ducking volume to create pumping effect.'}, {'id': 3, 'text': 'bright lead synth melody', 'category': 'instrumentation', 'confidence': 0.8, 'reasoning': 'high‑frequency synth line with portamento and slight vibrato, playing a repeating hook.'}, {'id': 4, 'text': 'repetitive chord progression', 'category': 'harmony', 'confidence': 0.7, 'reasoning': 'simple major‑key loop of four chords, each held for two bars, creating a loopable foundation.'}, {'id': 5, 'text': 'compressed, loud mix', 'category': 'production', 'confidence': 0.9, 'reasoning': 'overall loudness maximized with heavy limiting; stereo image wide, with synth pads panned left/right.'}], 'signatureRelations': [{'id': 1, 'text': 'kick and bass lock in phase', 'supportRefs': [1, 2], 'confidence': 0.8, 'reasoning': 'kick and bass are side‑chained, so bass ducks on each kick, reinforcing the pulse.'}, {'id': 2, 'text': 'lead synth layered over chord pads', 'supportRefs': [3, 4], 'confidence': 0.7, 'reasoning': 'lead synth plays over a static chord pad, creating a melodic overlay without harmonic conflict.'}], 'styleCues': [{'id': 1, 'text': 'electronic drum kit', 'confidence': 0.8, 'supportRefs': [1]}, {'id': 2, 'text': 'synth bass with side‑chain', 'confidence': 0.7, 'supportRefs': [2]}, {'id': 3, 'text': 'bright lead synth timbre', 'confidence': 0.6, 'supportRefs': [3]}, {'id': 4, 'text': 'compressed, loud mix', 'confidence': 0.5, 'supportRefs': [5]}], 'uncertainties': ['instrumentation ambiguity', 'genre ambiguity'], 'genreHypotheses': [{'label': 'electronic dance music', 'confidence': 0.6, 'supportRefs': [1, 2, 3, 4, 5]}, {'label': 'synth‑pop', 'confidence': 0.4, 'supportRefs': [3, 4, 5]}], 'aestheticConcepts': [{'text': 'energetic, club‑ready', 'confidence': 0.8, 'supportRefs': [1, 2, 3, 4, 5]}, {'text': 'bright, uplifting', 'confidence': 0.6, 'supportRefs': [3, 4, 5]}], 'impressions': [{'text': 'driven, forward‑moving', 'confidence': 0.7, 'supportRefs': [1, 2, 3, 4, 5]}, {'text': 'slightly nostalgic, 80s‑style synth timbres', 'confidence': 0.3, 'supportRefs': [3, 4, 5]}], 'contextHypotheses': [{'text': 'modern EDM production', 'category': 'scene', 'confidence': 0.8, 'supportRefs': [1, 2, 3, 4, 5]}, {'text': 'late‑2000s synth‑pop revival', 'category': 'era', 'confidence': 0.5, 'supportRefs': [3, 4, 5]}]}
[Music Flamingo] SANITIZED PACKET SENT TO MUSIC SHOWER (max 6000 chars)
{
  "audibleObservations": [
    {
      "text": "steady 4/4 pulse",
      "category": "rhythm",
      "confidence": 0.9,
      "reasoningHints": "clear kick on every downbeat snare on 2 and 4 hi-hats in 16th‑note",
      "id": "1"
    },
    {
      "text": "synth bass with side‑chain compression",
      "category": "instrumentation",
      "confidence": 0.8,
      "reasoningHints": "bass synth follows kick ducking volume to create pumping effect.",
      "id": "2"
    },
    {
      "text": "repetitive chord progression",
      "category": "arrangement",
      "confidence": 0.7,
      "reasoningHints": "simple major‑key loop of four chords each held for two bars creating a",
      "sourceCategory": "harmony",
      "id": "4"
    },
    {
      "text": "compressed loud mix",
      "category": "production",
      "confidence": 0.9,
      "reasoningHints": "overall loudness maximized with heavy limiting stereo image wide with",
      "id": "5"
    },
    {
      "text": "bright lead synth melody",
      "category": "instrumentation",
      "confidence": 0.8,
      "reasoningHints": "high‑frequency synth line with portamento and slight vibrato playing a",
      "id": "3"
    }
  ],
  "signatureRelations": [
    {
      "text": "kick and bass lock in phase",
      "confidence": 0.8,
      "reasoningHints": "kick and bass are side‑chained so bass ducks on each kick reinforcing",
      "supportRefs": [
        "1",
        "2"
      ],
      "id": "1"
    },
    {
      "text": "lead synth layered over chord pads",
      "confidence": 0.7,
      "reasoningHints": "lead synth plays over a static chord pad creating a melodic overlay",
      "supportRefs": [
        "3",
        "4"
      ],
      "id": "2"
    }
  ],
  "styleCues": [
    {
      "text": "electronic drum kit",
      "confidence": 0.8,
      "reasoningHints": "",
      "supportRefs": [
        "1"
      ],
      "id": "1"
    },
    {
      "text": "synth bass with side‑chain",
      "confidence": 0.7,
      "reasoningHints": "",
      "supportRefs": [
        "2"
      ],
      "id": "2"
    },
    {
      "text": "bright lead synth timbre",
      "confidence": 0.6,
      "reasoningHints": "",
      "supportRefs": [
        "3"
      ],
      "id": "3"
    },
    {
      "text": "compressed loud mix",
      "confidence": 0.5,
      "reasoningHints": "",
      "supportRefs": [
        "5"
      ],
      "id": "4"
    }
  ],
  "uncertainties": [
    "instrumentation ambiguity",
    "genre ambiguity"
  ],
  "genreHypotheses": [
    {
      "label": "electronic dance music",
      "confidence": 0.6,
      "reasoningHints": "",
      "supportRefs": [
        "1",
        "2",
        "3",
        "4",
        "5"
      ],
      "id": "g1"
    },
    {
      "label": "synth‑pop",
      "confidence": 0.4,
      "reasoningHints": "",
      "supportRefs": [
        "3",
        "4",
        "5"
      ],
      "id": "g2"
    }
  ],
  "aestheticConcepts": [
    {
      "text": "energetic club‑ready",
      "confidence": 0.8,
      "reasoningHints": "",
      "supportRefs": [
        "1",
        "2",
        "3",
        "4",
        "5"
      ]
    },
    {
      "text": "bright uplifting",
      "confidence": 0.6,
      "reasoningHints": "",
      "supportRefs": [
        "3",
        "4",
        "5"
      ]
    }
  ],
  "impressions": [
    {
      "text": "driven forward‑moving",
      "confidence": 0.7,
      "reasoningHints": "",
      "supportRefs": [
        "1",
        "2",
        "3",
        "4",
        "5"
      ]
    },
    {
      "text": "slightly nostalgic 80s‑style synth timbres",
      "confidence": 0.3,
      "reasoningHints": "",
      "supportRefs": [
        "3",
        "4",
        "5"
      ]
    }
  ],
  "contextHypotheses": [
    {
      "text": "modern EDM production",
      "category": "scene",
      "confidence": 0.8,
      "reasoningHints": "",
      "supportRefs": [
        "1",
        "2",
        "3",
        "4",
        "5"
      ]
    },
    {
      "text": "late‑2000s synth‑pop revival",
      "category": "era",
      "confidence": 0.5,
      "reasoningHints": "",
      "supportRefs": [
        "3",
        "4",
        "5"
      ]
    }
  ],
  "packetDiagnostics": {
    "rawItemCount": 19,
    "acceptedConceptCount": 19,
    "duplicateOrRejectedCount": 0,
    "quarantinedCount": 0,
    "fieldCounts": {
      "audibleObservations": 5,
      "signatureRelations": 2,
      "styleCues": 4,
      "genreHypotheses": 2,
      "contextHypotheses": 2,
      "aestheticConcepts": 2,
      "impressions": 2
    }
  }
}
[Music Flamingo] END PACKET

Inference complete in 169.0s. Packet parsed: ['audibleObservations', 'signatureRelations', 'styleCues', 'uncertainties', 'genreHypotheses', 'aestheticConcepts', 'impressions', 'contextHypotheses', 'packetDiagnostics']
[Music Flamingo] input tokens=738; generation budget=256
Running Flamingo forensic listening...

[Music Flamingo] RAW MODEL RESPONSE (max 6000 chars)
{'audibleObservations': [{'id': 1, 'text': 'Rhythmic electronic beat', 'category': 'rhythm', 'confidence': 0.95}, {'id': 2, 'text': 'Synth bassline', 'category': 'instrumentation', 'confidence': 0.95}, {'id': 3, 'text': 'Sparse vocal samples', 'category': 'performance', 'confidence': 0.85}], 'signatureRelations': [{'id': 1, 'text': 'Beat and bassline are tightly locked', 'supportRefs': [1, 2], 'confidence': 0.85}], 'uncertainties': ['No clear genre label from this short clip'], 'genreHypotheses': [{'label': 'Electronic', 'confidence': 0.65}, {'label': 'Minimal electronic', 'confidence': 0.35}], 'aestheticConcepts': ['Driving', 'Minimalist'], 'impressions': ['Energetic', 'Sparse']}
[Music Flamingo] SANITIZED PACKET SENT TO MUSIC SHOWER (max 6000 chars)
{
  "audibleObservations": [
    {
      "text": "Rhythmic electronic beat",
      "category": "rhythm",
      "confidence": 0.95,
      "reasoningHints": "",
      "id": "1"
    },
    {
      "text": "Synth bassline",
      "category": "instrumentation",
      "confidence": 0.95,
      "reasoningHints": "",
      "id": "2"
    },
    {
      "text": "Sparse vocal samples",
      "category": "performance",
      "confidence": 0.85,
      "reasoningHints": "",
      "id": "3"
    }
  ],
  "signatureRelations": [
    {
      "text": "Beat and bassline are tightly locked",
      "confidence": 0.85,
      "reasoningHints": "",
      "supportRefs": [
        "1",
        "2"
      ],
      "id": "1"
    }
  ],
  "styleCues": [],
  "uncertainties": [
    "No clear genre label from this short clip"
  ],
  "genreHypotheses": [
    {
      "label": "Electronic",
      "confidence": 0.48,
      "reasoningHints": "",
      "supportRefs": [],
      "id": "g1",
      "provisional": true
    },
    {
      "label": "Minimal electronic",
      "confidence": 0.35,
      "reasoningHints": "",
      "supportRefs": [],
      "id": "g2",
      "provisional": true
    }
  ],
  "aestheticConcepts": [
    {
      "text": "Driving",
      "confidence": 0.62,
      "reasoningHints": "",
      "supportRefs": []
    },
    {
      "text": "Minimalist",
      "confidence": 0.62,
      "reasoningHints": "",
      "supportRefs": []
    }
  ],
  "impressions": [
    {
      "text": "Energetic",
      "confidence": 0.6,
      "reasoningHints": "",
      "supportRefs": []
    },
    {
      "text": "Sparse",
      "confidence": 0.6,
      "reasoningHints": "",
      "supportRefs": []
    }
  ],
  "contextHypotheses": [],
  "packetDiagnostics": {
    "rawItemCount": 10,
    "acceptedConceptCount": 10,
    "duplicateOrRejectedCount": 0,
    "quarantinedCount": 0,
    "fieldCounts": {
      "audibleObservations": 3,
      "signatureRelations": 1,
      "styleCues": 0,
      "genreHypotheses": 2,
      "contextHypotheses": 0,
      "aestheticConcepts": 2,
      "impressions": 2
    }
  }
}
[Music Flamingo] END PACKET

Inference complete in 145.1s. Packet parsed: ['audibleObservations', 'signatureRelations', 'styleCues', 'uncertainties', 'genreHypotheses', 'aestheticConcepts', 'impressions', 'contextHypotheses', 'packetDiagnostics']
[Music Flamingo] input tokens=1001; generation budget=400
Running Flamingo structured deep-listening inference...
[Music Flamingo] FORENSIC RESPONSE (41.1s)
1. The track is built around a prominent, repetitive electronic loop that sounds like a sampled or looped synth or drum pattern, serving as the main groove. The production style is modern, with clean, high‑fidelity mixing and wide stereo imaging, but the loop itself retains a lo‑fi, slightly distorted texture that suggests it may be a sample or heavily processed source.
2. There are no vocals in the track.
3. The main loop repeats identically throughout the piece, forming the backbone of the arrangement.
4. The loop is processed with filtering and subtle side‑chain compression, giving it a pulsing, breathing quality that drives the rhythm.
5. The overall production character is contemporary, but the loop’s texture hints at a lo‑fi aesthetic, possibly from an older sample or source, suggesting a blend of modern production with a nostalgic, vintage sound.
[Music Flamingo] FORENSIC ANSWERS [{"key": "sampled", "answer": "unsure", "cue": "The track is built around a prominent, repetitive electronic loop that sounds like a sampled or looped synth or drum pattern, serving as the main groove. The"}, {"key": "vocals", "answer": "unsure", "cue": "There are no vocals in the track."}, {"key": "loop", "answer": "unsure", "cue": "The main loop repeats identically throughout the piece, forming the backbone of the arrangement."}, {"key": "processing", "answer": "unsure", "cue": "The loop is processed with filtering and subtle side‑chain compression, giving it a pulsing, breathing quality that drives the rhythm."}, {"key": "sourcePeriod", "answer": "unsure", "cue": "The overall production character is contemporary, but the loop’s texture hints at a lo‑fi aesthetic, possibly from an older sample or source, suggesting a blend"}]
[Music Flamingo] input tokens=1980; generation budget=1024
Running Flamingo structured deep-listening inference...
[Music Flamingo] NOTE: fewer items than the model sent: contextHypotheses 2->1

[Music Flamingo] RAW MODEL RESPONSE (max 6000 chars)
{'audibleObservations': [{'id': 1, 'text': 'steady 4/4 pulse', 'category': 'rhythm', 'confidence': 0.95, 'reasoning': 'clear, consistent downbeat on every beat'}, {'id': 2, 'text': 'tight, punchy kick drum', 'category': 'instrumentation', 'confidence': 0.95, 'reasoning': 'dominant low‑end thump with short decay, typical of electronic dance music.'}, {'id': 3, 'text': 'bright, percussive synth stabs', 'category': 'instrumentation', 'confidence': 0.95, 'reasoning': 'short, syncopated melodic hits that cut through the mix.'}, {'id': 4, 'text': 'repetitive, loop‑based arrangement', 'category': 'arrangement', 'confidence': 0.95, 'reasoning': 'minimal variation, each section repeats the same chord‑less pattern.'}, {'id': 5, 'text': 'compressed, loud mix', 'category': 'production', 'confidence': 0.95, 'reasoning': 'heavy limiting and compression give a constant high volume and limited dynamic range.'}], 'signatureRelations': [{'id': 1, 'text': 'kick and synth stabs lock in syncopation', 'category': 'rhythm', 'confidence': 0.95, 'reasoning': 'the kick lands on the downbeat while the synth stabs accent the off‑beats, creating a driving groove.'}, {'id': 2, 'text': 'kick and synth stabs share the same rhythmic pattern', 'category': 'instrumentation', 'confidence': 0.95, 'reasoning': 'both elements use the same 16th‑note pulse, reinforcing the looped feel.'}], 'styleCues': [{'id': 1, 'text': 'electronic drum machine sound', 'category': 'production', 'confidence': 0.95, 'reasoning': 'the kick is a synthetic, tightly tuned sample with a short decay, typical of club‑oriented electronic tracks.'}, {'id': 2, 'text': 'bright, percussive synth timbre', 'category': 'instrumentation', 'confidence': 0.95, 'reasoning': 'the synth stabs are short, high‑frequency, and heavily processed, giving a crisp, digital edge.'}], 'uncertainties': ['instrument source ambiguity'], 'genreHypotheses': [{'label': 'electronic dance music', 'confidence': 0.95, 'supportRefs': [1, 2, 3, 4, 5], 'reasoning': 'the combination of a steady 4/4 beat, punchy kick, and bright synth stabs is characteristic of EDM subgenres such as house or techno.'}, {'label': 'minimal techno', 'confidence': 0.7, 'supportRefs': [1, 2, 3, 4, 5], 'reasoning': 'the loop‑based, highly compressed structure and lack of melodic development suggest a minimalist approach common in techno.'}], 'aestheticConcepts': [{'text': 'driving, club‑ready energy', 'confidence': 0.95, 'supportRefs': [1, 2, 3, 4, 5], 'reasoning': 'the relentless pulse and tight production create a sense of forward momentum suited for dancefloor contexts.'}, {'text': 'digital, synthetic texture', 'confidence': 0.95, 'supportRefs': [2, 3, 5], 'reasoning': 'the synthetic kick and bright synth stabs emphasize a clean, electronic timbre.'}], 'impressions': [{'text': 'energetic, high‑intensity', 'confidence': 0.95, 'supportRefs': [1, 2, 3, 4, 5], 'reasoning': 'the constant high volume, driving rhythm, and lack of dynamic contrast convey a feeling of relentless motion.'}, {'text': 'focused, club‑oriented focus', 'confidence': 0.95, 'supportRefs': [1, 2, 3, 4, 5], 'reasoning': 'the track’s purpose is to maintain a steady groove that keeps listeners moving, typical of dancefloor music.'}], 'contextHypotheses': [{'text': 'modern club environment', 'category': 'scene', 'confidence': 0.95, 'supportRefs': [1, 2, 3, 4, 5], 'reasoning': 'the production style and rhythmic focus align with contemporary electronic dance venues.'}, {'text': 'late‑2010s to 20
[Music Flamingo] SANITIZED PACKET SENT TO MUSIC SHOWER (max 6000 chars)
{
  "audibleObservations": [
    {
      "text": "steady 4/4 pulse",
      "category": "rhythm",
      "confidence": 0.95,
      "reasoningHints": "clear consistent downbeat on every beat",
      "id": "1"
    },
    {
      "text": "tight punchy kick drum",
      "category": "instrumentation",
      "confidence": 0.95,
      "reasoningHints": "dominant low‑end thump with short decay typical of electronic dance",
      "id": "2"
    },
    {
      "text": "repetitive loop‑based arrangement",
      "category": "arrangement",
      "confidence": 0.95,
      "reasoningHints": "minimal variation each section repeats the same chord‑less pattern.",
      "id": "4"
    },
    {
      "text": "compressed loud mix",
      "category": "production",
      "confidence": 0.95,
      "reasoningHints": "heavy limiting and compression give a constant high volume and limited",
      "id": "5"
    },
    {
      "text": "bright percussive synth stabs",
      "category": "instrumentation",
      "confidence": 0.95,
      "reasoningHints": "short syncopated melodic hits that cut through the mix.",
      "id": "3"
    }
  ],
  "signatureRelations": [
    {
      "text": "kick and synth stabs lock in syncopation",
      "confidence": 0.95,
      "reasoningHints": "the kick lands on the downbeat while the synth stabs accent the",
      "supportRefs": [],
      "id": "1"
    },
    {
      "text": "kick and synth stabs share the same rhythmic pattern",
      "confidence": 0.95,
      "reasoningHints": "both elements use the same 16th‑note pulse reinforcing the looped feel.",
      "supportRefs": [],
      "id": "2"
    }
  ],
  "styleCues": [
    {
      "text": "electronic drum machine sound",
      "confidence": 0.95,
      "reasoningHints": "the kick is a synthetic tightly tuned sample with a short decay typical",
      "supportRefs": [],
      "id": "1"
    },
    {
      "text": "bright percussive synth timbre",
      "confidence": 0.95,
      "reasoningHints": "the synth stabs are short high‑frequency and heavily processed giving a",
      "supportRefs": [],
      "id": "2"
    }
  ],
  "uncertainties": [
    "instrument source ambiguity"
  ],
  "genreHypotheses": [
    {
      "label": "electronic dance music",
      "confidence": 0.95,
      "reasoningHints": "the combination of a steady 4/4 beat punchy kick and bright synth stabs",
      "supportRefs": [
        "1",
        "2",
        "3",
        "4",
        "5"
      ],
      "id": "g1"
    },
    {
      "label": "minimal techno",
      "confidence": 0.7,
      "reasoningHints": "the loop‑based highly compressed structure and lack of melodic",
      "supportRefs": [
        "1",
        "2",
        "3",
        "4",
        "5"
      ],
      "id": "g2"
    }
  ],
  "aestheticConcepts": [
    {
      "text": "driving club‑ready energy",
      "confidence": 0.95,
      "reasoningHints": "the relentless pulse and tight production create a sense of forward",
      "supportRefs": [
        "1",
        "2",
        "3",
        "4",
        "5"
      ]
    },
    {
      "text": "digital synthetic texture",
      "confidence": 0.95,
      "reasoningHints": "the synthetic kick and bright synth stabs emphasize a clean electronic",
      "supportRefs": [
        "2",
        "3",
        "5"
      ]
    }
  ],
  "impressions": [
    {
      "text": "energetic high‑intensity",
      "confidence": 0.95,
      "reasoningHints": "the constant high volume driving rhythm and lack of dynamic contrast",
      "supportRefs": [
        "1",
        "2",
        "3",
        "4",
        "5"
      ]
    },
    {
      "text": "focused club‑oriented focus",
      "confidence": 0.95,
      "reasoningHints": "the track’s purpose is to maintain a steady groove that keeps listeners",
      "supportRefs": [
        "1",
        "2",
        "3",
        "4",
        "5"
      ]
    }
  ],
  "contextHypotheses": [
    {
      "text": "modern club environment",
      "category": "scene",
      "confidence": 0.95,
      "reasoningHints": "the production style and rhythmic focus align with contemporary",
      "supportRefs": [
        "1",
        "2",
        "3",
        "4",
        "5"
      ]
    }
  ],
  "packetDiagnostics": {
    "rawItemCount": 17,
    "acceptedConceptCount": 16,
    "duplicateOrRejectedCount": 1,
    "quarantinedCount": 0,
    "fieldCounts": {
      "audibleObservations": 5,
      "signatureRelations": 2,
      "styleCues": 2,
      "genreHypotheses": 2,
      "contextHypotheses": 1,
      "aestheticConcepts": 2,
      "impressions": 2
    }
  }
}
[Music Flamingo] END PACKET

Inference complete in 193.4s. Packet parsed: ['audibleObservations', 'signatureRelations', 'styleCues', 'uncertainties', 'genreHypotheses', 'aestheticConcepts', 'impressions', 'contextHypotheses', 'packetDiagnostics']
[Music Flamingo] input tokens=1981; generation budget=1024
Running Flamingo structured deep-listening inference...
Running Flamingo structured deep-listening inference (first impression)...
Inference cancelled: superseded during generation
Inference cancelled: superseded before inference
Client already disconnected; 409 not delivered.Client already disconnected; 409 not delivered.

[Music Flamingo] input tokens=738; generation budget=256
Running Flamingo structured deep-listening inference...

[Music Flamingo] RAW MODEL RESPONSE (max 6000 chars)
{'audibleObservations': [{'id': 1, 'text': 'driving electronic beat', 'category': 'rhythm', 'confidence': 0.95}, {'id': 2, 'text': 'synth bassline', 'category': 'instrumentation', 'confidence': 0.95}, {'id': 3, 'text': 'repetitive vocal hook', 'category': 'performance', 'confidence': 0.95}], 'signatureRelations': [{'id': 1, 'text': 'beat and bassline lock in tight groove', 'supportRefs': [1, 2], 'confidence': 0.85}], 'uncertainties': ['no clear genre label yet'], 'genreHypotheses': [{'label': 'electronic dance', 'confidence': 0.3}, {'label': 'pop', 'confidence': 0.2}], 'aestheticConcepts': ['energetic', 'dancefloor-ready'], 'impressions': ['confident', 'catchy']}
[Music Flamingo] SANITIZED PACKET SENT TO MUSIC SHOWER (max 6000 chars)
{
  "audibleObservations": [
    {
      "text": "driving electronic beat",
      "category": "rhythm",
      "confidence": 0.95,
      "reasoningHints": "",
      "id": "1"
    },
    {
      "text": "synth bassline",
      "category": "instrumentation",
      "confidence": 0.95,
      "reasoningHints": "",
      "id": "2"
    },
    {
      "text": "repetitive vocal hook",
      "category": "performance",
      "confidence": 0.95,
      "reasoningHints": "",
      "id": "3"
    }
  ],
  "signatureRelations": [
    {
      "text": "beat and bassline lock in tight groove",
      "confidence": 0.85,
      "reasoningHints": "",
      "supportRefs": [
        "1",
        "2"
      ],
      "id": "1"
    }
  ],
  "styleCues": [],
  "uncertainties": [
    "no clear genre label yet"
  ],
  "genreHypotheses": [
    {
      "label": "electronic dance",
      "confidence": 0.3,
      "reasoningHints": "",
      "supportRefs": [],
      "id": "g1",
      "provisional": true
    },
    {
      "label": "pop",
      "confidence": 0.2,
      "reasoningHints": "",
      "supportRefs": [],
      "id": "g2",
      "provisional": true
    }
  ],
  "aestheticConcepts": [
    {
      "text": "energetic",
      "confidence": 0.62,
      "reasoningHints": "",
      "supportRefs": []
    },
    {
      "text": "dancefloor-ready",
      "confidence": 0.62,
      "reasoningHints": "",
      "supportRefs": []
    }
  ],
  "impressions": [
    {
      "text": "confident",
      "confidence": 0.6,
      "reasoningHints": "",
      "supportRefs": []
    },
    {
      "text": "catchy",
      "confidence": 0.6,
      "reasoningHints": "",
      "supportRefs": []
    }
  ],
  "contextHypotheses": [],
  "packetDiagnostics": {
    "rawItemCount": 10,
    "acceptedConceptCount": 10,
    "duplicateOrRejectedCount": 0,
    "quarantinedCount": 0,
    "fieldCounts": {
      "audibleObservations": 3,
      "signatureRelations": 1,
      "styleCues": 0,
      "genreHypotheses": 2,
      "contextHypotheses": 0,
      "aestheticConcepts": 2,
      "impressions": 2
    }
  }
}
[Music Flamingo] END PACKET

Inference complete in 105.8s. Packet parsed: ['audibleObservations', 'signatureRelations', 'styleCues', 'uncertainties', 'genreHypotheses', 'aestheticConcepts', 'impressions', 'contextHypotheses', 'packetDiagnostics']
[Music Flamingo] input tokens=1981; generation budget=1024
Running Flamingo structured deep-listening inference...
Running Flamingo structured deep-listening inference (first impression)...

[Music Flamingo] RAW MODEL RESPONSE (max 6000 chars)
Inference cancelled: superseded before inference
{'audibleObservations': [{'id': 1, 'text': 'fast, driving electronic drum pattern', 'category': 'rhythm', 'confidence': 0.95, 'reasoning': 'steady 4/4 pulse with a strong kick on every beat and a crisp snare on the backbeat, typical of high‑energy electronic dance music.'}, {'id': 2, 'text': 'bright, arpeggiated synth lead', 'category': 'instrumentation', 'confidence': 0.95, 'reasoning': 'a high‑frequency, rapidly repeating melodic line that cuts through the mix, characteristic of synth‑pop or EDM.'}, {'id': 3, 'text': 'deep, resonant synth bass', 'category': 'instrumentation', 'confidence': 0.95, 'reasoning': 'a low‑end, sustained synth tone that underpins the harmony and drives the groove.'}, {'id': 4, 'text': 'layered electronic percussion', 'category': 'instrumentation', 'confidence': 0.95, 'reasoning': 'additional percussive elements such as hi‑hats, claps, and shakers are stacked to create a dense rhythmic texture.'}, {'id': 5, 'text': 'wide stereo imaging', 'category': 'production', 'confidence': 0.95, 'reasoning': 'the mix places the synth lead and bass on opposite sides of the stereo field, giving a spacious, club‑ready feel.'}, {'id': 6, 'text': 'clean, polished mastering', 'category': 'production', 'confidence': 0.95, 'reasoning': 'the overall sound is bright, with tight low‑end control and a glossy high‑frequency sheen, typical of modern electronic releases.'}], 'signatureRelations': [{'id': 1, 'text': 'drum pattern and synth lead interact', 'category': 'rhythm', 'confidence': 0.95, 'reasoning': 'the drum pattern provides a steady pulse while the synth lead plays syncopated arpeggios that accent the off‑beats.'}, {'id': 2, 'text': 'bass and drum lock in a tight groove', 'category': 'rhythm', 'confidence': 0.95, 'reasoning': 'the deep bass follows the kick drum, reinforcing the low‑frequency drive and creating a solid foundation for the track.'}, {'id': 3, 'text': 'percussion layers add rhythmic complexity', 'category': 'rhythm', 'confidence': 0.95, 'reasoning': 'additional percussive elements such as hi‑hats and claps fill the spaces between the main kick/snare, enhancing the groove.'}], 'styleCues': [{'id': 1, 'text': 'electronic drum machine sound', 'category': 'production', 'confidence': 0.95, 'reasoning': 'the drum sounds are synthetic, with a tight, quantized feel that suggests a programmed drum machine.'}, {'id': 2, 'text': 'synth arpeggiation', 'category': 'instrumentation', 'confidence': 0.95, 'reasoning': 'the rapid, repeating arpeggiated synth line is a hallmark of synth‑pop and EDM styles.'}, {'id': 3, 'text': 'deep synth bass', 'category': 'instrumentation', 'confidence': 0.95, 'reasoning': 'the low‑frequency synth bass is a common element in dance‑floor oriented electronic music.'}, {'id': 4, 'text': 'wide stereo spread', 'category': 'production', 'confidence': 0.95, 'reasoning': 'the mix uses stereo widening on the synth lead and bass, creating an immersive listening experience.'}], 'uncertainties': ['instrumentation ambiguity', 'genre ambiguity'], 'genreHypotheses': [{'label': 'electronic dance music', 'confidence': 0.95, 'supportRefs': [1, 2, 3, 4, 5, 6], 'reasoning': 'the combination of a driving electronic drum pattern, bright arpeggiated synth lead, deep synth bass, and polished production strongly points to a style within the broad EDM umbrella.'}, {'label': 'synth‑pop', 'confidence': 0.8, 'supportRefs': [2, 3, 5, 6], 'reasoning': 'the presence of a melodic synth lead and a clean, polished mix aligns with synth‑pop aesthetics, which often blend electronic dance rhythms with pop‑song structures.'}], 'aestheticConcepts': [{'text': 'energetic, club‑ready', 'confidence': 0.95, 'supportRefs':
[Music Flamingo] SANITIZED PACKET SENT TO MUSIC SHOWER (max 6000 chars)
Client already disconnected; 409 not delivered.{
  "audibleObservations": [
    {
      "text": "fast driving electronic drum pattern",
      "category": "rhythm",
      "confidence": 0.95,
      "reasoningHints": "steady 4/4 pulse with a strong kick on every beat and a crisp snare on",
      "id": "1"
    },
    {
      "text": "bright arpeggiated synth lead",
      "category": "instrumentation",
      "confidence": 0.95,
      "reasoningHints": "a high‑frequency rapidly repeating melodic line that cuts through the",
      "id": "2"
    },
    {
      "text": "wide stereo imaging",
      "category": "production",
      "confidence": 0.95,
      "reasoningHints": "the mix places the synth lead and bass on opposite sides of the stereo",
      "id": "5"
    },
    {
      "text": "deep resonant synth bass",
      "category": "instrumentation",
      "confidence": 0.95,
      "reasoningHints": "a low‑end sustained synth tone that underpins the harmony and drives the",
      "id": "3"
    },
    {
      "text": "clean polished mastering",
      "category": "production",
      "confidence": 0.95,
      "reasoningHints": "the overall sound is bright with tight low‑end control and a glossy",
      "id": "6"
    },
    {
      "text": "layered electronic percussion",
      "category": "instrumentation",
      "confidence": 0.95,
      "reasoningHints": "additional percussive elements such as hi‑hats claps and shakers are",
      "id": "4"
    }
  ],
  "signatureRelations": [
    {
      "text": "drum pattern and synth lead interact",
      "confidence": 0.95,
      "reasoningHints": "the drum pattern provides a steady pulse while the synth lead plays",
      "supportRefs": [],
      "id": "1"
    },
    {
      "text": "bass and drum lock in a tight groove",
      "confidence": 0.95,
      "reasoningHints": "the deep bass follows the kick drum reinforcing the low‑frequency drive",
      "supportRefs": [],
      "id": "2"
    },
    {
      "text": "percussion layers add rhythmic complexity",
      "confidence": 0.95,
      "reasoningHints": "additional percussive elements such as hi‑hats and claps fill the spaces",
      "supportRefs": [],
      "id": "3"
    }
  ],
  "styleCues": [
    {
      "text": "electronic drum machine sound",
      "confidence": 0.95,
      "reasoningHints": "the drum sounds are synthetic with a tight quantized feel that suggests",
      "supportRefs": [],
      "id": "1"
    },
    {
      "text": "synth arpeggiation",
      "confidence": 0.95,
      "reasoningHints": "the rapid repeating arpeggiated synth line is a hallmark of synth‑pop",
      "supportRefs": [],
      "id": "2"
    },
    {
      "text": "deep synth bass",
      "confidence": 0.95,
      "reasoningHints": "the low‑frequency synth bass is a common element in dance‑floor oriented",
      "supportRefs": [],
      "id": "3"
    },
    {
      "text": "wide stereo spread",
      "confidence": 0.95,
      "reasoningHints": "the mix uses stereo widening on the synth lead and bass creating an",
      "supportRefs": [],
      "id": "4"
    }
  ],
  "uncertainties": [
    "instrumentation ambiguity",
    "genre ambiguity"
  ],
  "genreHypotheses": [
    {
      "label": "electronic dance music",
      "confidence": 0.95,
      "reasoningHints": "the combination of a driving electronic drum pattern bright arpeggiated",
      "supportRefs": [
        "1",
        "2",
        "3",
        "4",
        "5",
        "6"
      ],
      "id": "g1"
    },
    {
      "label": "synth‑pop",
      "confidence": 0.8,
      "reasoningHints": "the presence of a melodic synth lead and a clean polished mix aligns",
      "supportRefs": [
        "2",
        "3",
        "5",
        "6"
      ],
      "id": "g2"
    }
  ],
  "aestheticConcepts": [
    {
      "text": "energetic club‑ready",
      "confidence": 0.62,
      "reasoningHints": "",
      "supportRefs": []
    }
  ],
  "impressions": [],
  "contextHypotheses": [],
  "packetDiagnostics": {
    "rawItemCount": 16,
    "acceptedConceptCount": 16,
    "duplicateOrRejectedCount": 0,
    "quarantinedCount": 0,
    "fieldCounts": {
      "audibleObservations": 6,
      "signatureRelations": 3,
      "styleCues": 4,
      "genreHypotheses": 2,
      "contextHypotheses": 0,
      "aestheticConcepts": 1,
      "impressions": 0
    }
  }
}

[Music Flamingo] END PACKET

Inference complete in 241.7s. Packet parsed: ['audibleObservations', 'signatureRelations', 'styleCues', 'uncertainties', 'genreHypotheses', 'aestheticConcepts', 'impressions', 'contextHypotheses', 'packetDiagnostics']
[Music Flamingo] input tokens=738; generation budget=256
Running Flamingo forensic listening...

[Music Flamingo] RAW MODEL RESPONSE (max 6000 chars)
{'audibleObservations': [{'id': 1, 'text': 'fast electronic rhythm', 'category': 'rhythm', 'confidence': 0.95}, {'id': 2, 'text': 'synth bassline', 'category': 'instrumentation', 'confidence': 0.95}, {'id': 3, 'text': 'repetitive electronic loop', 'category': 'arrangement', 'confidence': 0.95}], 'signatureRelations': [{'id': 1, 'text': 'loop-based structure', 'supportRefs': [1, 2, 3], 'confidence': 0.85}], 'uncertainties': ['no clear genre label'], 'genreHypotheses': [{'label': 'electronic dance', 'confidence': 0.3}, {'label': 'experimental electronic', 'confidence': 0.3}], 'aestheticConcepts': ['driving energy'], 'impressions': ['energetic', 'hypnotic']}
[Music Flamingo] SANITIZED PACKET SENT TO MUSIC SHOWER (max 6000 chars)
{
  "audibleObservations": [
    {
      "text": "fast electronic rhythm",
      "category": "rhythm",
      "confidence": 0.95,
      "reasoningHints": "",
      "id": "1"
    },
    {
      "text": "synth bassline",
      "category": "instrumentation",
      "confidence": 0.95,
      "reasoningHints": "",
      "id": "2"
    },
    {
      "text": "repetitive electronic loop",
      "category": "arrangement",
      "confidence": 0.95,
      "reasoningHints": "",
      "id": "3"
    }
  ],
  "signatureRelations": [
    {
      "text": "loop-based structure",
      "confidence": 0.85,
      "reasoningHints": "",
      "supportRefs": [
        "1",
        "2",
        "3"
      ],
      "id": "1"
    }
  ],
  "styleCues": [],
  "uncertainties": [
    "no clear genre label"
  ],
  "genreHypotheses": [
    {
      "label": "electronic dance",
      "confidence": 0.3,
      "reasoningHints": "",
      "supportRefs": [],
      "id": "g1",
      "provisional": true
    },
    {
      "label": "experimental electronic",
      "confidence": 0.3,
      "reasoningHints": "",
      "supportRefs": [],
      "id": "g2",
      "provisional": true
    }
  ],
  "aestheticConcepts": [
    {
      "text": "driving energy",
      "confidence": 0.62,
      "reasoningHints": "",
      "supportRefs": []
    }
  ],
  "impressions": [
    {
      "text": "energetic",
      "confidence": 0.6,
      "reasoningHints": "",
      "supportRefs": []
    },
    {
      "text": "hypnotic",
      "confidence": 0.6,
      "reasoningHints": "",
      "supportRefs": []
    }
  ],
  "contextHypotheses": [],
  "packetDiagnostics": {
    "rawItemCount": 9,
    "acceptedConceptCount": 9,
    "duplicateOrRejectedCount": 0,
    "quarantinedCount": 0,
    "fieldCounts": {
      "audibleObservations": 3,
      "signatureRelations": 1,
      "styleCues": 0,
      "genreHypotheses": 2,
      "contextHypotheses": 0,
      "aestheticConcepts": 1,
      "impressions": 2
    }
  }
}
[Music Flamingo] END PACKET

Inference complete in 119.8s. Packet parsed: ['audibleObservations', 'signatureRelations', 'styleCues', 'uncertainties', 'genreHypotheses', 'aestheticConcepts', 'impressions', 'contextHypotheses', 'packetDiagnostics']
[Music Flamingo] input tokens=1001; generation budget=400
Running Flamingo structured deep-listening inference...
[Music Flamingo] FORENSIC RESPONSE (79.0s)
1. The track is built around a prominent, repetitive synth loop that sounds like a sampled or looped element, serving as the main melodic and rhythmic foundation. The production style is modern, with a clean, high‑fidelity mix and wide stereo imaging, but the loop itself retains a slightly lo‑fi, vintage texture that suggests it may be a sample or heavily processed source.
2. There are no vocals in the track.
3. The main synth loop repeats identically throughout the piece, creating a continuous groove that drives the track forward.
4. The main loop is processed with sidechain compression, giving it a pumping feel that is typical of contemporary electronic dance music. The overall mix is bright and punchy, with the synth loop sitting prominently in the front while the drums and bass are tightly compressed to maintain energy.
5. The recording and production character of the loop suggest a source from the late 1990s to early 2000s, while the surrounding production is clearly modern, indicating a blend of retro sample usage with current EDM production techniques.
[Music Flamingo] FORENSIC ANSWERS [{"key": "sampled", "answer": "unsure", "cue": "The track is built around a prominent, repetitive synth loop that sounds like a sampled or looped element, serving as the main melodic and rhythmic foundation."}, {"key": "vocals", "answer": "unsure", "cue": "There are no vocals in the track."}, {"key": "loop", "answer": "unsure", "cue": "The main synth loop repeats identically throughout the piece, creating a continuous groove that drives the track forward."}, {"key": "processing", "answer": "unsure", "cue": "The main loop is processed with sidechain compression, giving it a pumping feel that is typical of contemporary electronic dance music. The overall mix is"}, {"key": "sourcePeriod", "answer": "unsure", "cue": "The recording and production character of the loop suggest a source from the late 1990s to early 2000s, while the surrounding production is clearly modern"}]
[Music Flamingo] input tokens=1981; generation budget=1024
Inference cancelled: superseded during generation
Client already disconnected; 409 not delivered.
Running Flamingo structured deep-listening inference (first impression)...
[Music Flamingo] input tokens=738; generation budget=256
Inference cancelled: superseded during generation
Client already disconnected; 409 not delivered.
Running Flamingo structured deep-listening inference (first impression)...
[Music Flamingo] input tokens=762; generation budget=256
Running Flamingo structured deep-listening inference (first impression)...
Running Flamingo structured deep-listening inference (first impression)...

[Music Flamingo] RAW MODEL RESPONSE (max 6000 chars)
Inference cancelled: superseded before inference
{'audibleObservations': [{'id': 1, 'text': 'instrumental music', 'category': 'instrumentation', 'confidence': 0.95}, {'id': 2, 'text': 'no vocals', 'category': 'performance', 'confidence': 0.95}, {'id': 3, 'text': 'simple chord progression', 'category': 'arrangement', 'confidence': 0.95}], 'signatureRelations': [{'id': 1, 'text': 'instrumental track', 'supportRefs': [1, 2], 'confidence': 0.95}], 'uncertainties': ['no lyrics', 'no explicit genre cues'], 'genreHypotheses': [{'label': 'instrumental', 'confidence': 0.95}, {'label': 'no genre', 'confidence': 0.95}], 'aestheticConcepts': ['minimalist', 'straightforward'], 'impressions': ['neutral', 'unembellished']
[Music Flamingo] SANITIZED PACKET SENT TO MUSIC SHOWER (max 6000 chars)
{
  "audibleObservations": [
    {
      "text": "instrumental music",
      "category": "instrumentation",
      "confidence": 0.95,
      "reasoningHints": "",
      "id": "1"
    },
    {
      "text": "no vocals",
      "category": "performance",
      "confidence": 0.95,
      "reasoningHints": "",
      "id": "2"
    },
    {
      "text": "simple chord progression",
      "category": "arrangement",
      "confidence": 0.95,
      "reasoningHints": "",
      "id": "3"
    }
  ],
  "signatureRelations": [
    {
      "text": "instrumental track",
      "confidence": 0.95,
      "reasoningHints": "",
      "supportRefs": [
        "1",
        "2"
      ],
      "id": "1"
    }
  ],
  "styleCues": [],
  "uncertainties": [
    "no lyrics",
    "no explicit genre cues"
  ],
  "genreHypotheses": [
    {
      "label": "instrumental",
      "confidence": 0.48,
      "reasoningHints": "",
      "supportRefs": [],
      "id": "g1",
      "provisional": true
    },
    {
      "label": "no genre",
      "confidence": 0.48,
      "reasoningHints": "",
      "supportRefs": [],
      "id": "g2",
      "provisional": true
    }
  ],
  "aestheticConcepts": [
    {
      "text": "minimalist",
      "confidence": 0.62,
      "reasoningHints": "",
      "supportRefs": []
    },
    {
      "text": "straightforward",
      "confidence": 0.62,
      "reasoningHints": "",
      "supportRefs": []
    }
  ],
  "impressions": [
    {
      "text": "neutral",
      "confidence": 0.6,
      "reasoningHints": "",
      "supportRefs": []
    },
    {
      "text": "unembellished",
      "confidence": 0.6,
      "reasoningHints": "",
      "supportRefs": []
    }
  ],
  "contextHypotheses": [],
  "packetDiagnostics": {
    "rawItemCount": 10,
    "acceptedConceptCount": 10,
    "duplicateOrRejectedCount": 0,
    "quarantinedCount": 0,
    "fieldCounts": {
      "audibleObservations": 3,
      "signatureRelations": 1,
      "styleCues": 0,
      "genreHypotheses": 2,
      "contextHypotheses": 0,
      "aestheticConcepts": 2,
      "impressions": 2
    }
  }
}Client already disconnected; 409 not delivered.

[Music Flamingo] END PACKET

Inference complete in 37.6s. Packet parsed: ['audibleObservations', 'signatureRelations', 'styleCues', 'uncertainties', 'genreHypotheses', 'aestheticConcepts', 'impressions', 'contextHypotheses', 'packetDiagnostics']
[Music Flamingo] input tokens=738; generation budget=256
Running Flamingo forensic listening...
Inference cancelled: superseded during generation
Client already disconnected; 409 not delivered.
[Music Flamingo] input tokens=576; generation budget=400
Running Flamingo structured deep-listening inference (first impression)...
[Music Flamingo] FORENSIC RESPONSE (45.6s)
1. No, the track is entirely performed or programmed for this piece; no parts are taken from a pre-existing recording.
2. No, there are no vocals.
3. No, there is no phrase or bar that repeats identically as a loop.
4. The production is clean and high‑fidelity, with no audible filtering, sidechain pumping, saturation, bit reduction, or other processing on the main loop or groove.
5. The recording and production character of the source material suggest a modern, high‑resolution recording, with no obvious period‑specific stylistic cues.
[Music Flamingo] FORENSIC ANSWERS [{"key": "sampled", "answer": "no", "cue": "the track is entirely performed or programmed for this piece; no parts are taken from a pre-existing recording."}, {"key": "vocals", "answer": "no", "cue": "there are no vocals."}, {"key": "loop", "answer": "no", "cue": "there is no phrase or bar that repeats identically as a loop."}, {"key": "processing", "answer": "unsure", "cue": "The production is clean and high‑fidelity, with no audible filtering, sidechain pumping, saturation, bit reduction, or other processing on the main loop or"}, {"key": "sourcePeriod", "answer": "unsure", "cue": "The recording and production character of the source material suggest a modern, high‑resolution recording, with no obvious period‑specific stylistic cues."}]
[Music Flamingo] input tokens=738; generation budget=256
Running Flamingo structured deep-listening inference...

[Music Flamingo] RAW MODEL RESPONSE (max 6000 chars)
{'audibleObservations': [{'id': 1, 'text': 'steady electronic beat', 'category': 'rhythm', 'confidence': 0.95}, {'id': 2, 'text': 'synth bassline', 'category': 'instrumentation', 'confidence': 0.95}, {'id': 3, 'text': 'repetitive vocal sample', 'category': 'performance', 'confidence': 0.95}], 'signatureRelations': [{'id': 1, 'text': 'beat and bassline lock in tight groove', 'supportRefs': [1, 2], 'confidence': 0.85}, {'id': 2, 'text': 'vocal sample loops over the rhythm', 'supportRefs': [1, 3], 'confidence': 0.85}], 'uncertainties': ['no clear genre label', 'no explicit mood cue'], 'genreHypotheses': [{'label': 'electronic dance', 'confidence': 0.3}, {'label': 'minimal techno', 'confidence': 0.2}], 'aestheticConcepts': ['driving', 'hypnotic'], 'impressions': ['energetic', 'steady
[Music Flamingo] SANITIZED PACKET SENT TO MUSIC SHOWER (max 6000 chars)
{
  "audibleObservations": [
    {
      "text": "steady electronic beat",
      "category": "rhythm",
      "confidence": 0.95,
      "reasoningHints": "",
      "id": "1"
    },
    {
      "text": "synth bassline",
      "category": "instrumentation",
      "confidence": 0.95,
      "reasoningHints": "",
      "id": "2"
    },
    {
      "text": "repetitive vocal sample",
      "category": "performance",
      "confidence": 0.95,
      "reasoningHints": "",
      "id": "3"
    }
  ],
  "signatureRelations": [
    {
      "text": "beat and bassline lock in tight groove",
      "confidence": 0.85,
      "reasoningHints": "",
      "supportRefs": [
        "1",
        "2"
      ],
      "id": "1"
    },
    {
      "text": "vocal sample loops over the rhythm",
      "confidence": 0.85,
      "reasoningHints": "",
      "supportRefs": [
        "1",
        "3"
      ],
      "id": "2"
    }
  ],
  "styleCues": [],
  "uncertainties": [
    "no clear genre label",
    "no explicit mood cue"
  ],
  "genreHypotheses": [
    {
      "label": "electronic dance",
      "confidence": 0.3,
      "reasoningHints": "",
      "supportRefs": [],
      "id": "g1",
      "provisional": true
    },
    {
      "label": "minimal techno",
      "confidence": 0.2,
      "reasoningHints": "",
      "supportRefs": [],
      "id": "g2",
      "provisional": true
    }
  ],
  "aestheticConcepts": [
    {
      "text": "driving",
      "confidence": 0.62,
      "reasoningHints": "",
      "supportRefs": []
    },
    {
      "text": "hypnotic",
      "confidence": 0.62,
      "reasoningHints": "",
      "supportRefs": []
    }
  ],
  "impressions": [
    {
      "text": "energetic",
      "confidence": 0.6,
      "reasoningHints": "",
      "supportRefs": []
    }
  ],
  "contextHypotheses": [],
  "packetDiagnostics": {
    "rawItemCount": 10,
    "acceptedConceptCount": 10,
    "duplicateOrRejectedCount": 0,
    "quarantinedCount": 0,
    "fieldCounts": {
      "audibleObservations": 3,
      "signatureRelations": 2,
      "styleCues": 0,
      "genreHypotheses": 2,
      "contextHypotheses": 0,
      "aestheticConcepts": 2,
      "impressions": 1
    }
  }
}
[Music Flamingo] END PACKET

Inference complete in 53.7s. Packet parsed: ['audibleObservations', 'signatureRelations', 'styleCues', 'uncertainties', 'genreHypotheses', 'aestheticConcepts', 'impressions', 'contextHypotheses', 'packetDiagnostics']
[Music Flamingo] input tokens=1980; generation budget=1024
Running Flamingo structured deep-listening inference...
[Music Flamingo] NOTE: fewer items than the model sent: signatureRelations 5->4, audibleObservations 12->6
Inference cancelled: superseded before inference
[Music Flamingo] RAW MODEL RESPONSE (max 6000 chars)

{'audibleObservations': [{'id': 1, 'text': 'steady 4/4 pulse', 'category': 'rhythm', 'confidence': 0.9, 'reasoning': 'clear downbeat on each beat, regular subdivision of 4', 'uncertainties': []}, {'id': 2, 'text': 'bright brass timbre', 'category': 'instrumentation', 'confidence': 0.9, 'reasoning': 'trumpet and trombone lead melody with clear attack and sustain', 'uncertainties': []}, {'id': 3, 'text': 'simple drum kit', 'category': 'instrumentation', 'confidence': 0.8, 'reasoning': 'kick, snare, hi-hat in a basic rock pattern', 'uncertainties': []}, {'id': 4, 'text': 'steady bass line', 'category': 'instrumentation', 'confidence': 0.8, 'reasoning': 'electric bass playing root notes on each beat', 'uncertainties': []}, {'id': 5, 'text': 'clean electric guitar', 'category': 'instrumentation', 'confidence': 0.8, 'reasoning': 'strummed chords with slight overdrive, rhythmically locked to drums', 'uncertainties': []}, {'id': 6, 'text': 'minimal synth pad', 'category': 'instrumentation', 'confidence': 0.5, 'reasoning': 'subtle background pad providing harmonic support', 'uncertainties': []}, {'id': 7, 'text': 'steady 4/4 pulse', 'category': 'rhythm', 'confidence': 0.9, 'reasoning': 'clear downbeat on each beat, regular subdivision of 4', 'uncertainties': []}, {'id': 8, 'text': 'bright brass timbre', 'category': 'instrumentation', 'confidence': 0.9, 'reasoning': 'trumpet and trombone lead melody with clear attack and sustain', 'uncertainties': []}, {'id': 9, 'text': 'simple drum kit', 'category': 'instrumentation', 'confidence': 0.8, 'reasoning': 'kick, snare, hi-hat in a basic rock pattern', 'uncertainties': []}, {'id': 10, 'text': 'steady bass line', 'category': 'instrumentation', 'confidence': 0.8, 'reasoning': 'electric bass playing root notes on each beat', 'uncertainties': []}, {'id': 11, 'text': 'clean electric guitar', 'category': 'instrumentation', 'confidence': 0.8, 'reasoning': 'strummed chords with slight overdrive, rhythmically locked to drums', 'uncertainties': []}, {'id': 12, 'text': 'minimal synth pad', 'category': 'instrumentation', 'confidence': 0.5, 'reasoning': 'subtle background pad providing harmonic support', 'uncertainties': []}], 'signatureRelations': [{'id': 1, 'text': 'brass lead melody', 'supportRefs': [2, 3], 'confidence': 0.8, 'reasoning': 'trumpet and trombone carry the main melodic line', 'uncertainties': []}, {'id': 2, 'text': 'drum groove', 'supportRefs': [4, 7], 'confidence': 0.7, 'reasoning': 'steady kick-snare pattern with hi-hat subdivision', 'uncertainties': []}, {'id': 3, 'text': 'bass foundation', 'supportRefs': [5, 8], 'confidence': 0.7, 'reasoning': 'electric bass outlines root notes, reinforcing the harmonic base', 'uncertainties': []}, {'id': 4, 'text': 'guitar rhythm', 'supportRefs': [6, 9], 'confidence': 0.6, 'reasoning': 'clean guitar strums chords, adding rhythmic texture', 'uncertainties': []}, {'id': 5, 'text': 'synth pad texture', 'supportRefs': [7, 10], 'confidence': 0.5, 'reasoning': 'subtle pad fills the harmonic space without drawing focus', 'uncertainties': []}], 'styleCues': [{'id': 1, 'text': 'brass-driven melody', 'confidence': 0.8, 'supportRefs': [2, 3]}, {'id': 2, 'text': 'clean guitar rhythm', 'confidence': 0.6, 'supportRefs': [6, 9]}, {'id': 3, 'text': 'minimal synth pad', '
[Music Flamingo] SANITIZED PACKET SENT TO MUSIC SHOWER (max 6000 chars)Client already disconnected; 409 not delivered.

{
  "audibleObservations": [
    {
      "text": "steady 4/4 pulse",
      "category": "rhythm",
      "confidence": 0.9,
      "reasoningHints": "clear downbeat on each beat regular subdivision of 4",
      "id": "1"
    },
    {
      "text": "bright brass timbre",
      "category": "instrumentation",
      "confidence": 0.9,
      "reasoningHints": "trumpet and trombone lead melody with clear attack and sustain",
      "id": "2"
    },
    {
      "text": "simple drum kit",
      "category": "instrumentation",
      "confidence": 0.8,
      "reasoningHints": "kick snare hi-hat in a basic rock pattern",
      "id": "3"
    },
    {
      "text": "steady bass line",
      "category": "instrumentation",
      "confidence": 0.8,
      "reasoningHints": "electric bass playing root notes on each beat",
      "id": "4"
    },
    {
      "text": "clean electric guitar",
      "category": "instrumentation",
      "confidence": 0.8,
      "reasoningHints": "strummed chords with slight overdrive rhythmically locked to drums",
      "id": "5"
    },
    {
      "text": "minimal synth pad",
      "category": "instrumentation",
      "confidence": 0.5,
      "reasoningHints": "subtle background pad providing harmonic support",
      "id": "6"
    }
  ],
  "signatureRelations": [
    {
      "text": "brass lead melody",
      "confidence": 0.8,
      "reasoningHints": "trumpet and trombone carry the main melodic line",
      "supportRefs": [
        "2",
        "3"
      ],
      "id": "1"
    },
    {
      "text": "drum groove",
      "confidence": 0.7,
      "reasoningHints": "steady kick-snare pattern with hi-hat subdivision",
      "supportRefs": [
        "4",
        "7"
      ],
      "id": "2"
    },
    {
      "text": "bass foundation",
      "confidence": 0.7,
      "reasoningHints": "electric bass outlines root notes reinforcing the harmonic base",
      "supportRefs": [
        "5",
        "8"
      ],
      "id": "3"
    },
    {
      "text": "guitar rhythm",
      "confidence": 0.6,
      "reasoningHints": "clean guitar strums chords adding rhythmic texture",
      "supportRefs": [
        "6",
        "9"
      ],
      "id": "4"
    }
  ],
  "styleCues": [
    {
      "text": "brass-driven melody",
      "confidence": 0.8,
      "reasoningHints": "",
      "supportRefs": [
        "2",
        "3"
      ],
      "id": "1"
    },
    {
      "text": "clean guitar rhythm",
      "confidence": 0.6,
      "reasoningHints": "",
      "supportRefs": [
        "6",
        "9"
      ],
      "id": "2"
    },
    {
      "text": "minimal synth pad",
      "confidence": 0.6,
      "reasoningHints": "",
      "supportRefs": [],
      "id": "3"
    }
  ],
  "uncertainties": [],
  "genreHypotheses": [],
  "aestheticConcepts": [],
  "impressions": [],
  "contextHypotheses": [],
  "packetDiagnostics": {
    "rawItemCount": 20,
    "acceptedConceptCount": 13,
    "duplicateOrRejectedCount": 7,
    "quarantinedCount": 0,
    "fieldCounts": {
      "audibleObservations": 6,
      "signatureRelations": 4,
      "styleCues": 3,
      "genreHypotheses": 0,
      "contextHypotheses": 0,
      "aestheticConcepts": 0,
      "impressions": 0
    }
  }
}
[Music Flamingo] END PACKET

Inference complete in 299.0s. Packet parsed: ['audibleObservations', 'signatureRelations', 'styleCues', 'uncertainties', 'genreHypotheses', 'aestheticConcepts', 'impressions', 'contextHypotheses', 'packetDiagnostics']
Running Flamingo forensic listening...
[Music Flamingo] input tokens=1001; generation budget=400
[Music Flamingo] FORENSIC RESPONSE (26.1s)
1. No, the track is entirely performed or programmed for this piece; no parts are taken from a pre-existing recording.
2. No, there are no vocals.
3. No, there is no phrase or bar that repeats identically as a loop.
4. The production is clean and high‑fidelity, with no audible filtering, sidechain pumping, saturation, bit reduction, or other processing on the main loop or groove.
5. The recording and production character of the source material suggest a modern, high‑resolution recording style, with no obvious period‑specific cues.
[Music Flamingo] FORENSIC ANSWERS [{"key": "sampled", "answer": "no", "cue": "the track is entirely performed or programmed for this piece; no parts are taken from a pre-existing recording."}, {"key": "vocals", "answer": "no", "cue": "there are no vocals."}, {"key": "loop", "answer": "no", "cue": "there is no phrase or bar that repeats identically as a loop."}, {"key": "processing", "answer": "unsure", "cue": "The production is clean and high‑fidelity, with no audible filtering, sidechain pumping, saturation, bit reduction, or other processing on the main loop or"}, {"key": "sourcePeriod", "answer": "unsure", "cue": "The recording and production character of the source material suggest a modern, high‑resolution recording style, with no obvious period‑specific cues."}]
Running Flamingo structured deep-listening inference...
[Music Flamingo] input tokens=1981; generation budget=1024
Running Flamingo structured deep-listening inference (first impression)...
Running Flamingo structured deep-listening inference (first impression)...
[Music Flamingo] NOTE: fewer items than the model sent: audibleObservations 21->8
Inference cancelled: superseded before inference
[Music Flamingo] RAW MODEL RESPONSE (max 6000 chars)
Inference cancelled: superseded before inference
{'audibleObservations': [{'id': 1, 'text': 'steady 4/4 pulse', 'category': 'rhythm', 'confidence': 0.9, 'reasoning': 'clear downbeat on each beat, regular subdivision of 4 quarter notes'}, {'id': 2, 'text': 'bright brass timbre', 'category': 'instrumentation', 'confidence': 0.9, 'reasoning': 'trumpet and trombone lead melody with clear, resonant attack and sustain'}, {'id': 3, 'text': 'simple diatonic harmony', 'category': 'harmony', 'confidence': 0.9, 'reasoning': 'major chord progressions with occasional minor chords, typical of folk or marching band music'}, {'id': 4, 'text': 'steady bass line', 'category': 'bass', 'confidence': 0.9, 'reasoning': 'clear, rhythmic bass notes on each beat, supporting the melody'}, {'id': 5, 'text': 'minimal percussion', 'category': 'percussion', 'confidence': 0.8, 'reasoning': 'light drum hits on downbeats, no complex rhythmic layer'}, {'id': 6, 'text': 'clear melodic phrasing', 'category': 'melody', 'confidence': 0.9, 'reasoning': 'trumpet and trombone play a singable, stepwise melody with occasional leaps'}, {'id': 7, 'text': 'simple chordal accompaniment', 'category': 'harmony', 'confidence': 0.8, 'reasoning': 'trombone provides harmonic support with basic triads and occasional seventh chords'}, {'id': 8, 'text': 'steady tempo', 'category': 'tempo', 'confidence': 0.9, 'reasoning': 'consistent beat rate throughout the segment, no tempo changes'}, {'id': 9, 'text': 'bright, open sound', 'category': 'production', 'confidence': 0.8, 'reasoning': 'clear, unprocessed recording with natural room ambience and balanced stereo placement'}, {'id': 10, 'text': 'no vocal presence', 'category': 'vocals', 'confidence': 1.0, 'reasoning': 'no singing or spoken parts detected'}, {'id': 11, 'text': 'instrumental ensemble', 'category': 'arrangement', 'confidence': 0.9, 'reasoning': 'trumpet, trombone, bass, and light percussion play together in a single melodic line'}, {'id': 12, 'text': 'simple diatonic progression', 'category': 'harmony', 'confidence': 0.9, 'reasoning': 'major chords dominate, with occasional minor chords that add a modest sense of tension and release'}, {'id': 13, 'text': 'steady bass rhythm', 'category': 'bass', 'confidence': 0.9, 'reasoning': 'bass notes follow the root of each chord, reinforcing the harmonic foundation'}, {'id': 14, 'text': 'light drum accentuation', 'category': 'percussion', 'confidence': 0.8, 'reasoning': 'drums emphasize the downbeat and occasional backbeat, keeping the groove grounded'}, {'id': 15, 'text': 'bright brass timbre', 'category': 'instrumentation', 'confidence': 0.9, 'reasoning': 'trumpet and trombone lead melody with clear, resonant attack and sustain'}, {'id': 16, 'text': 'simple chordal accompaniment', 'category': 'harmony', 'confidence': 0.8, 'reasoning': 'trombone provides harmonic support with basic triads and occasional seventh chords'}, {'id': 17, 'text': 'steady tempo', 'category': 'tempo', 'confidence': 0.9, 'reasoning': 'consistent beat rate throughout the segment, no tempo changes'}, {'id': 18, 'text': 'bright, open sound', 'category': 'production', 'confidence': 0.8, 'reasoning': 'clear, unprocessed recording with natural room ambience and balanced stereo placement'}, {'id': 19, 'text': 'no vocal presence', 'category': 'vocals', 'confidence': 1.0, 'reasoning': 'no singing or spoken parts detected'}, {'id': 20, 'text': 'instrumental ensemble', 'category': 'arrangement', 'confidence': 0.9, 'reasoning': 'trumpet, trombone, bass, and light percussion play together in a single melodic line'}, {'id': 21, 'text': '

[Music Flamingo] SANITIZED PACKET SENT TO MUSIC SHOWER (max 6000 chars)Client already disconnected; 409 not delivered.

Client already disconnected; 409 not delivered.{
  "audibleObservations": [
    {
      "text": "steady 4/4 pulse",
      "category": "rhythm",
      "confidence": 0.9,
      "reasoningHints": "clear downbeat on each beat regular subdivision of 4 quarter notes",
      "id": "1"
    },
    {
      "text": "bright brass timbre",
      "category": "instrumentation",
      "confidence": 0.9,
      "reasoningHints": "trumpet and trombone lead melody with clear resonant attack and sustain",
      "id": "2"
    },
    {
      "text": "simple diatonic harmony",
      "category": "arrangement",
      "confidence": 0.9,
      "reasoningHints": "major chord progressions with occasional minor chords typical of folk or",
      "sourceCategory": "harmony",
      "id": "3"
    },
    {
      "text": "steady bass line",
      "category": "instrumentation",
      "confidence": 0.9,
      "reasoningHints": "clear rhythmic bass notes on each beat supporting the melody",
      "sourceCategory": "bass",
      "id": "4"
    },
    {
      "text": "minimal percussion",
      "category": "rhythm",
      "confidence": 0.8,
      "reasoningHints": "light drum hits on downbeats no complex rhythmic layer",
      "sourceCategory": "percussion",
      "id": "5"
    },
    {
      "text": "clear melodic phrasing",
      "category": "arrangement",
      "confidence": 0.9,
      "reasoningHints": "trumpet and trombone play a singable stepwise melody with occasional",
      "sourceCategory": "melody",
      "id": "6"
    },
    {
      "text": "steady tempo",
      "category": "rhythm",
      "confidence": 0.9,
      "reasoningHints": "consistent beat rate throughout the segment no tempo changes",
      "sourceCategory": "tempo",
      "id": "8"
    },
    {
      "text": "bright open sound",
      "category": "production",
      "confidence": 0.8,
      "reasoningHints": "clear unprocessed recording with natural room ambience and balanced",
      "id": "9"
    }
  ],
  "signatureRelations": [],
  "styleCues": [],
  "uncertainties": [],
  "genreHypotheses": [],
  "aestheticConcepts": [],
  "impressions": [],
  "contextHypotheses": [],
  "packetDiagnostics": {
    "rawItemCount": 21,
    "acceptedConceptCount": 8,
    "duplicateOrRejectedCount": 13,
    "quarantinedCount": 0,
    "fieldCounts": {
      "audibleObservations": 8,
      "signatureRelations": 0,
      "styleCues": 0,
      "genreHypotheses": 0,
      "contextHypotheses": 0,
      "aestheticConcepts": 0,
      "impressions": 0
    }
  }
}

[Music Flamingo] END PACKET

Inference complete in 181.9s. Packet parsed: ['audibleObservations', 'signatureRelations', 'styleCues', 'uncertainties', 'genreHypotheses', 'aestheticConcepts', 'impressions', 'contextHypotheses', 'packetDiagnostics']
Running Flamingo forensic listening...
[Music Flamingo] input tokens=1001; generation budget=400
[Music Flamingo] FORENSIC RESPONSE (16.3s)
1. No, the track is entirely performed or programmed for this piece; no parts are taken from a pre-existing recording.
2. No, there are no vocals.
3. No, there is no phrase or bar that repeats identically as a loop.
4. The production is clean and high‑fidelity, with no audible filtering, sidechain pumping, saturation, bit reduction, or other processing on the main loop or groove.
5. The recording and production character of the source material suggest a modern, high‑resolution recording style, with no obvious period‑specific influences.
[Music Flamingo] FORENSIC ANSWERS [{"key": "sampled", "answer": "no", "cue": "the track is entirely performed or programmed for this piece; no parts are taken from a pre-existing recording."}, {"key": "vocals", "answer": "no", "cue": "there are no vocals."}, {"key": "loop", "answer": "no", "cue": "there is no phrase or bar that repeats identically as a loop."}, {"key": "processing", "answer": "unsure", "cue": "The production is clean and high‑fidelity, with no audible filtering, sidechain pumping, saturation, bit reduction, or other processing on the main loop or"}, {"key": "sourcePeriod", "answer": "unsure", "cue": "The recording and production character of the source material suggest a modern, high‑resolution recording style, with no obvious period‑specific influences."}]
Running Flamingo structured deep-listening inference...
[Music Flamingo] input tokens=1981; generation budget=1024
Running Flamingo structured deep-listening inference (first impression)...

[Music Flamingo] RAW MODEL RESPONSE (max 6000 chars)
Inference cancelled: superseded before inference
{'audibleObservations': [{'id': 1, 'text': 'steady 4/4 pulse', 'category': 'rhythm', 'confidence': 0.9, 'reasoning': 'clear downbeat on each beat, regular subdivision of 4', 'uncertainties': []}, {'id': 2, 'text': 'bright synth lead', 'category': 'instrumentation', 'confidence': 0.8, 'reasoning': 'clearly audible, high‑frequency timbre with a clean, digital envelope', 'uncertainties': []}, {'id': 3, 'text': 'driving electronic drums', 'category': 'instrumentation', 'confidence': 0.9, 'reasoning': 'punchy kick, crisp snare, and tight hi‑hat pattern with consistent volume', 'uncertainties': []}, {'id': 4, 'text': 'deep synth bass', 'category': 'instrumentation', 'confidence': 0.8, 'reasoning': 'sub‑bass tone that underpins the rhythm and provides low‑end weight', 'uncertainties': []}, {'id': 5, 'text': 'repetitive chord loop', 'category': 'harmony', 'confidence': 0.7, 'reasoning': 'simple major‑key progression repeated throughout, creating a stable harmonic foundation', 'uncertainties': []}, {'id': 6, 'text': 'consistent volume', 'category': 'dynamics', 'confidence': 0.9, 'reasoning': 'no noticeable dynamic shifts; level stays steady from start to end', 'uncertainties': []}], 'signatureRelations': [{'id': 1, 'text': 'drums and bass lock in tight groove', 'category': 'rhythm', 'confidence': 0.8, 'reasoning': 'kick and snare align on downbeats, bass follows with a steady pulse', 'supportRefs': [1, 2, 3, 4], 'uncertainties': []}, {'id': 2, 'text': 'lead synth carries melodic hook', 'category': 'instrumentation', 'confidence': 0.8, 'reasoning': 'bright synth lead plays a repeating melodic motif over the chord loop', 'supportRefs': [2, 4, 5], 'uncertainties': []}], 'styleCues': [{'id': 1, 'text': 'digital synth timbres', 'category': 'production', 'confidence': 0.7, 'reasoning': 'clean, quantized synth sounds with minimal analog coloration', 'supportRefs': [2, 4], 'uncertainties': []}, {'id': 2, 'text': 'electronic drum programming', 'category': 'production', 'confidence': 0.8, 'reasoning': 'programmed drum pattern with tight, quantized hits and no acoustic bleed', 'supportRefs': [3], 'uncertainties': []}], 'uncertainties': ['no vocal presence', 'no lyrical content'], 'genreHypotheses': [{'label': 'electronic dance music', 'confidence': 0.6, 'supportRefs': [1, 2, 3, 4, 5], 'reasoning': 'steady 4/4 beat, synth lead, and bass groove are typical of EDM sub‑genres such as house or techno', 'uncertainties': ['could be a demo or practice loop', 'could be a short excerpt from a longer track']}, {'label': 'house', 'confidence': 0.4, 'supportRefs': [1, 2, 3, 4, 5], 'reasoning': 'four‑on‑the‑floor kick, repetitive major‑key chord loop, and a simple synth lead are hallmarks of house music', 'uncertainties': ['could also fit progressive or tech house', 'no vocal or lyrical content to confirm']}, {'label': 'techno', 'confidence': 0.3, 'supportRefs': [1, 2, 3, 4, 5], 'reasoning': 'driving electronic drums and a deep bass line are characteristic of techno, but the lack of a vocal hook and the major‑key loop make this less certain', 'uncertainties': ['could be a techno track with a melodic overlay', 'could also be a minimal techno loop']}, {'label': 'demo or practice loop', 'confidence': 0.5, 'supportRefs': [1, 2, 3, 4, 5], 'reasoning': 'the absence of vocal or lyrical content, consistent volume, and repetitive structure suggest it may be a practice or demo segment rather than a finished song', 'uncertainties': ['could be a full‑song excerpt',
[Music Flamingo] SANITIZED PACKET SENT TO MUSIC SHOWER (max 6000 chars)Client already disconnected; 409 not delivered.

{
  "audibleObservations": [
    {
      "text": "steady 4/4 pulse",
      "category": "rhythm",
      "confidence": 0.9,
      "reasoningHints": "clear downbeat on each beat regular subdivision of 4",
      "id": "1"
    },
    {
      "text": "bright synth lead",
      "category": "instrumentation",
      "confidence": 0.8,
      "reasoningHints": "clearly audible high‑frequency timbre with a clean digital envelope",
      "id": "2"
    },
    {
      "text": "repetitive chord loop",
      "category": "arrangement",
      "confidence": 0.7,
      "reasoningHints": "simple major‑key progression repeated throughout creating a stable",
      "sourceCategory": "harmony",
      "id": "5"
    },
    {
      "text": "consistent volume",
      "category": "dynamics",
      "confidence": 0.9,
      "reasoningHints": "no noticeable dynamic shifts level stays steady from start to end",
      "id": "6"
    },
    {
      "text": "driving electronic drums",
      "category": "instrumentation",
      "confidence": 0.9,
      "reasoningHints": "punchy kick crisp snare and tight hi‑hat pattern with consistent volume",
      "id": "3"
    },
    {
      "text": "deep synth bass",
      "category": "instrumentation",
      "confidence": 0.8,
      "reasoningHints": "sub‑bass tone that underpins the rhythm and provides low‑end weight",
      "id": "4"
    }
  ],
  "signatureRelations": [
    {
      "text": "drums and bass lock in tight groove",
      "confidence": 0.8,
      "reasoningHints": "kick and snare align on downbeats bass follows with a steady pulse",
      "supportRefs": [
        "1",
        "2",
        "3",
        "4"
      ],
      "id": "1"
    },
    {
      "text": "lead synth carries melodic hook",
      "confidence": 0.8,
      "reasoningHints": "bright synth lead plays a repeating melodic motif over the chord loop",
      "supportRefs": [
        "2",
        "4",
        "5"
      ],
      "id": "2"
    }
  ],
  "styleCues": [
    {
      "text": "digital synth timbres",
      "confidence": 0.7,
      "reasoningHints": "clean quantized synth sounds with minimal analog coloration",
      "supportRefs": [
        "2",
        "4"
      ],
      "id": "1"
    },
    {
      "text": "electronic drum programming",
      "confidence": 0.8,
      "reasoningHints": "programmed drum pattern with tight quantized hits and no acoustic bleed",
      "supportRefs": [
        "3"
      ],
      "id": "2"
    }
  ],
  "uncertainties": [
    "no vocal presence",
    "no lyrical content"
  ],
  "genreHypotheses": [
    {
      "label": "electronic dance music",
      "confidence": 0.6,
      "reasoningHints": "steady 4/4 beat synth lead and bass groove are typical of EDM sub‑genres",
      "supportRefs": [
        "1",
        "2",
        "3",
        "4",
        "5"
      ],
      "id": "g1"
    },
    {
      "label": "house",
      "confidence": 0.4,
      "reasoningHints": "four‑on‑the‑floor kick repetitive major‑key chord loop and a simple",
      "supportRefs": [
        "1",
        "2",
        "3",
        "4",
        "5"
      ],
      "id": "g2"
    },
    {
      "label": "techno",
      "confidence": 0.3,
      "reasoningHints": "driving electronic drums and a deep bass line are characteristic of",
      "supportRefs": [
        "1",
        "2",
        "3",
        "4",
        "5"
      ],
      "id": "g3"
    },
    {
      "label": "demo or practice loop",
      "confidence": 0.5,
      "reasoningHints": "the absence of vocal or lyrical content consistent volume and repetitive",
      "supportRefs": [
        "1",
        "2",
        "3",
        "4",
        "5"
      ],
      "id": "g4"
    }
  ],
  "aestheticConcepts": [],
  "impressions": [],
  "contextHypotheses": [],
  "packetDiagnostics": {
    "rawItemCount": 14,
    "acceptedConceptCount": 14,
    "duplicateOrRejectedCount": 0,
    "quarantinedCount": 0,
    "fieldCounts": {
      "audibleObservations": 6,
      "signatureRelations": 2,
      "styleCues": 2,
      "genreHypotheses": 4,
      "contextHypotheses": 0,
      "aestheticConcepts": 0,
      "impressions": 0
    }
  }
}
[Music Flamingo] END PACKET

Inference complete in 239.9s. Packet parsed: ['audibleObservations', 'signatureRelations', 'styleCues', 'uncertainties', 'genreHypotheses', 'aestheticConcepts', 'impressions', 'contextHypotheses', 'packetDiagnostics']
Running Flamingo forensic listening...
[Music Flamingo] input tokens=1001; generation budget=400
[Music Flamingo] FORENSIC RESPONSE (21.8s)
1. The main loop is built from a sampled drum break and a sampled bass line, so it is taken from a pre-existing recording rather than performed or programmed for this track.
2. No vocals are present.
3. The main loop repeats identically as a loop throughout the track.
4. The loop is processed with filtering and sidechain compression, giving it a tight, pumping feel.
5. The sampled material suggests a 1980s/early‑1990s aesthetic, while the surrounding production is modern.
[Music Flamingo] FORENSIC ANSWERS [{"key": "sampled", "answer": "unsure", "cue": "The main loop is built from a sampled drum break and a sampled bass line, so it is taken from a pre-existing recording rather than performed or programmed for"}, {"key": "vocals", "answer": "no", "cue": "vocals are present."}, {"key": "loop", "answer": "unsure", "cue": "The main loop repeats identically as a loop throughout the track."}, {"key": "processing", "answer": "unsure", "cue": "The loop is processed with filtering and sidechain compression, giving it a tight, pumping feel."}, {"key": "sourcePeriod", "answer": "unsure", "cue": "The sampled material suggests a 1980s/early‑1990s aesthetic, while the surrounding production is modern."}]
Running Flamingo structured deep-listening inference...
[Music Flamingo] input tokens=1981; generation budget=1024
[Music Flamingo] NOTE: fewer items than the model sent: audibleObservations 20->8

[Music Flamingo] RAW MODEL RESPONSE (max 6000 chars)
{'audibleObservations': [{'id': 1, 'text': 'steady 4/4 pulse', 'category': 'rhythm', 'confidence': 0.9, 'reasoning': 'clear downbeat on each beat, regular subdivision of 4 quarter notes'}, {'id': 2, 'text': 'bright synth lead', 'category': 'instrumentation', 'confidence': 0.8, 'reasoning': 'dominant melodic voice with a clean, high‑frequency timbre'}, {'id': 3, 'text': 'driving electronic drums', 'category': 'instrumentation', 'confidence': 0.8, 'reasoning': 'punchy kick, snappy snare, and crisp hi‑hats that lock into the pulse'}, {'id': 4, 'text': 'deep synth bass', 'category': 'instrumentation', 'confidence': 0.8, 'reasoning': 'sub‑bass layer that underpins the harmony with a steady, resonant tone'}, {'id': 5, 'text': 'repetitive chord loop', 'category': 'harmony', 'confidence': 0.7, 'reasoning': 'simple, looping progression that repeats every 4–8 bars, creating a hypnotic backdrop'}, {'id': 6, 'text': 'minimal dynamic variation', 'category': 'dynamics', 'confidence': 0.6, 'reasoning': 'volume stays relatively constant throughout the segment, with no pronounced crescendos or drops'}, {'id': 7, 'text': 'clean production', 'category': 'production', 'confidence': 0.8, 'reasoning': 'clear separation of elements, modest compression, and a balanced stereo field'}, {'id': 8, 'text': 'electronic drum kit', 'category': 'instrumentation', 'confidence': 0.7, 'reasoning': 'typical drum machine sounds with a tight, digital feel'}, {'id': 9, 'text': 'synth bass with slight side‑chain', 'category': 'instrumentation', 'confidence': 0.6, 'reasoning': 'bass ducking under the kick to enhance groove'}, {'id': 10, 'text': 'bright synth lead melody', 'category': 'instrumentation', 'confidence': 0.8, 'reasoning': 'lead synth carries the main melodic hook, often playing arpeggiated or stepwise lines'}, {'id': 11, 'text': 'looped chord progression', 'category': 'harmony', 'confidence': 0.7, 'reasoning': 'repeating four‑chord loop that cycles every 8 bars'}, {'id': 12, 'text': 'steady electronic rhythm', 'category': 'rhythm', 'confidence': 0.8, 'reasoning': 'consistent quarter‑note pulse with no syncopation or swing'}, {'id': 13, 'text': 'clean, digital mix', 'category': 'production', 'confidence': 0.7, 'reasoning': 'minimal reverb, tight EQ, and balanced levels for a polished electronic sound'}, {'id': 14, 'text': 'bright synth timbre', 'category': 'instrumentation', 'confidence': 0.8, 'reasoning': 'lead synth has a clear, high‑frequency presence that cuts through the mix'}, {'id': 15, 'text': 'driving electronic drum pattern', 'category': 'instrumentation', 'confidence': 0.8, 'reasoning': 'steady kick‑snare‑hi‑hat pattern that drives the groove'}, {'id': 16, 'text': 'deep, resonant synth bass', 'category': 'instrumentation', 'confidence': 0.7, 'reasoning': 'bass provides a solid low‑end foundation with a sustained, sub‑bass tone'}, {'id': 17, 'text': 'minimal dynamic shifts', 'category': 'dynamics', 'confidence': 0.6, 'reasoning': 'no major dynamic changes, maintaining a constant energy level'}, {'id': 18, 'text': 'clean, digital production style', 'category': 'production', 'confidence': 0.8, 'reasoning': 'clear separation of elements, modest compression, and a balanced stereo field'}, {'id': 19, 'text': 'bright synth lead melody', 'category': 'instrumentation', 'confidence': 0.8, 'reasoning': 'lead synth carries the main melodic hook, often playing arpeggiated or stepwise lines'}, {'id': 20, 'text': 'looped chord progression', 'category': 'harmony', 'confidence': 0.7, 'reasoning': 'repeating four‑ch
[Music Flamingo] SANITIZED PACKET SENT TO MUSIC SHOWER (max 6000 chars)
{
  "audibleObservations": [
    {
      "text": "steady 4/4 pulse",
      "category": "rhythm",
      "confidence": 0.9,
      "reasoningHints": "clear downbeat on each beat regular subdivision of 4 quarter notes",
      "id": "1"
    },
    {
      "text": "bright synth lead",
      "category": "instrumentation",
      "confidence": 0.8,
      "reasoningHints": "dominant melodic voice with a clean high‑frequency timbre",
      "id": "2"
    },
    {
      "text": "repetitive chord loop",
      "category": "arrangement",
      "confidence": 0.7,
      "reasoningHints": "simple looping progression that repeats every 4–8 bars creating a",
      "sourceCategory": "harmony",
      "id": "5"
    },
    {
      "text": "minimal dynamic variation",
      "category": "dynamics",
      "confidence": 0.6,
      "reasoningHints": "volume stays relatively constant throughout the segment with no",
      "id": "6"
    },
    {
      "text": "clean production",
      "category": "production",
      "confidence": 0.8,
      "reasoningHints": "clear separation of elements modest compression and a balanced stereo",
      "id": "7"
    },
    {
      "text": "driving electronic drums",
      "category": "instrumentation",
      "confidence": 0.8,
      "reasoningHints": "punchy kick snappy snare and crisp hi‑hats that lock into the pulse",
      "id": "3"
    },
    {
      "text": "looped chord progression",
      "category": "arrangement",
      "confidence": 0.7,
      "reasoningHints": "repeating four‑chord loop that cycles every 8 bars",
      "sourceCategory": "harmony",
      "id": "11"
    },
    {
      "text": "steady electronic rhythm",
      "category": "rhythm",
      "confidence": 0.8,
      "reasoningHints": "consistent quarter‑note pulse with no syncopation or swing",
      "id": "12"
    }
  ],
  "signatureRelations": [],
  "styleCues": [],
  "uncertainties": [],
  "genreHypotheses": [],
  "aestheticConcepts": [],
  "impressions": [],
  "contextHypotheses": [],
  "packetDiagnostics": {
    "rawItemCount": 20,
    "acceptedConceptCount": 8,
    "duplicateOrRejectedCount": 12,
    "quarantinedCount": 0,
    "fieldCounts": {
      "audibleObservations": 8,
      "signatureRelations": 0,
      "styleCues": 0,
      "genreHypotheses": 0,
      "contextHypotheses": 0,
      "aestheticConcepts": 0,
      "impressions": 0
    }
  }
}
[Music Flamingo] END PACKET

Inference complete in 217.7s. Packet parsed: ['audibleObservations', 'signatureRelations', 'styleCues', 'uncertainties', 'genreHypotheses', 'aestheticConcepts', 'impressions', 'contextHypotheses', 'packetDiagnostics']
Running Flamingo forensic listening...
[Music Flamingo] input tokens=1001; generation budget=400
[Music Flamingo] FORENSIC RESPONSE (14.0s)
1. The main loop is built from a sampled drum break and a sampled bass line, so it is taken from a pre-existing recording rather than performed or programmed for this track.
2. No vocals are present.
3. A short melodic phrase repeats identically as a loop throughout the track.
4. The loop is processed with filtering and sidechain compression, giving it a tight, pumping feel.
5. The sampled material suggests an older source (likely from the 1970s or 1980s), while the surrounding production is modern.
[Music Flamingo] FORENSIC ANSWERS [{"key": "sampled", "answer": "unsure", "cue": "The main loop is built from a sampled drum break and a sampled bass line, so it is taken from a pre-existing recording rather than performed or programmed for"}, {"key": "vocals", "answer": "no", "cue": "vocals are present."}, {"key": "loop", "answer": "unsure", "cue": "A short melodic phrase repeats identically as a loop throughout the track."}, {"key": "processing", "answer": "unsure", "cue": "The loop is processed with filtering and sidechain compression, giving it a tight, pumping feel."}, {"key": "sourcePeriod", "answer": "unsure", "cue": "The sampled material suggests an older source (likely from the 1970s or 1980s), while the surrounding production is modern."}]
Running Flamingo structured deep-listening inference (first impression)...
[Music Flamingo] input tokens=738; generation budget=256

[Music Flamingo] RAW MODEL RESPONSE (max 6000 chars)
{'audibleObservations': [{'id': 1, 'text': 'Rhythmic electronic beat', 'category': 'rhythm', 'confidence': 0.95}, {'id': 2, 'text': 'Synth bassline', 'category': 'instrumentation', 'confidence': 0.95}, {'id': 3, 'text': 'Female vocal sample', 'category': 'performance', 'confidence': 0.95}], 'signatureRelations': [{'id': 1, 'text': 'Beat and bassline are tightly locked', 'supportRefs': [1, 2], 'confidence': 0.85}, {'id': 2, 'text': 'Vocal sample is placed as a melodic hook', 'supportRefs': [3], 'confidence': 0.85}], 'uncertainties': ['Genre not clearly identified', 'No explicit tempo or time signature'], 'genreHypotheses': [{'label': 'Electronic dance', 'confidence': 0.3}, {'label': 'Minimal electronic', 'confidence': 0.3}], 'aestheticConcepts': ['Driving and energetic', 'Modern digital production'], 'impressions': ['Confident and assert
[Music Flamingo] SANITIZED PACKET SENT TO MUSIC SHOWER (max 6000 chars)
{
  "audibleObservations": [
    {
      "text": "Rhythmic electronic beat",
      "category": "rhythm",
      "confidence": 0.95,
      "reasoningHints": "",
      "id": "1"
    },
    {
      "text": "Synth bassline",
      "category": "instrumentation",
      "confidence": 0.95,
      "reasoningHints": "",
      "id": "2"
    },
    {
      "text": "Female vocal sample",
      "category": "performance",
      "confidence": 0.95,
      "reasoningHints": "",
      "id": "3"
    }
  ],
  "signatureRelations": [
    {
      "text": "Beat and bassline are tightly locked",
      "confidence": 0.85,
      "reasoningHints": "",
      "supportRefs": [
        "1",
        "2"
      ],
      "id": "1"
    },
    {
      "text": "Vocal sample is placed as a melodic hook",
      "confidence": 0.85,
      "reasoningHints": "",
      "supportRefs": [
        "3"
      ],
      "id": "2"
    }
  ],
  "styleCues": [],
  "uncertainties": [
    "Genre not clearly identified",
    "No explicit tempo or time signature"
  ],
  "genreHypotheses": [
    {
      "label": "Electronic dance",
      "confidence": 0.3,
      "reasoningHints": "",
      "supportRefs": [],
      "id": "g1",
      "provisional": true
    },
    {
      "label": "Minimal electronic",
      "confidence": 0.3,
      "reasoningHints": "",
      "supportRefs": [],
      "id": "g2",
      "provisional": true
    }
  ],
  "aestheticConcepts": [
    {
      "text": "Driving and energetic",
      "confidence": 0.62,
      "reasoningHints": "",
      "supportRefs": []
    },
    {
      "text": "Modern digital production",
      "confidence": 0.62,
      "reasoningHints": "",
      "supportRefs": []
    }
  ],
  "impressions": [],
  "contextHypotheses": [],
  "packetDiagnostics": {
    "rawItemCount": 9,
    "acceptedConceptCount": 9,
    "duplicateOrRejectedCount": 0,
    "quarantinedCount": 0,
    "fieldCounts": {
      "audibleObservations": 3,
      "signatureRelations": 2,
      "styleCues": 0,
      "genreHypotheses": 2,
      "contextHypotheses": 0,
      "aestheticConcepts": 2,
      "impressions": 0
    }
  }
}
[Music Flamingo] END PACKET

Inference complete in 56.9s. Packet parsed: ['audibleObservations', 'signatureRelations', 'styleCues', 'uncertainties', 'genreHypotheses', 'aestheticConcepts', 'impressions', 'contextHypotheses', 'packetDiagnostics']
Running Flamingo structured deep-listening inference...
[Music Flamingo] input tokens=1980; generation budget=1024
