Flamingo server listening at port 5005 (503 while the model loads)
Loading Music Flamingo model (This will take a minute)...
Music Flamingo quantization: NF4 4-bit; placement: audio-priority
Music Flamingo device map: {"lm_head": 0, "model.audio_tower": 0, "model.language_model.embed_tokens": "cpu", "model.language_model.layers": 0, "model.language_model.norm": 0, "model.language_model.rotary_emb": 0, "model.multi_modal_projector": 0, "model.pos_emb": 0}
CUDA after load: allocated=5.65 GiB, reserved=5.80 GiB
Model loaded successfully. Starting server...
[Music Flamingo] text context budget: 8192 tokens
Flamingo server serving at port 5005
Running Flamingo structured deep-listening inference (first impression)...
[Music Flamingo] input tokens=803; generation budget=256

[Music Flamingo] RAW MODEL RESPONSE (max 6000 chars)
{'audibleObservations': [{'id': 1, 'text': 'fast electronic rhythm', 'category': 'rhythm', 'confidence': 0.95}, {'id': 2, 'text': 'bright synth melody', 'category': 'instrumentation', 'confidence': 0.95}, {'id': 3, 'text': 'energetic, playful', 'category': 'performance', 'confidence': 0.95}], 'signatureRelations': [{'id': 1, 'text': 'bright synth melody supports fast electronic rhythm', 'supportRefs': [1, 2], 'confidence': 0.95}], 'uncertainties': ['no clear genre label', 'no clear vocal style'], 'genreHypotheses': [{'label': 'electronic dance', 'confidence': 0.5}, {'label': 'chiptune', 'confidence': 0.3}], 'aestheticConcepts': [{'text': 'kawaii electronic', 'confidence': 0.7, 'supportRefs': [2, 3]}, {'text': 'bright synth pop', 'confidence': 0.6, 'supportRefs': [2, 3]}], 'impressions': ['
[Music Flamingo] SANITIZED PACKET SENT TO MUSIC SHOWER (max 6000 chars)
{
  "audibleObservations": [
    {
      "text": "fast electronic rhythm",
      "category": "rhythm",
      "confidence": 0.95,
      "reasoningHints": "",
      "id": "1"
    },
    {
      "text": "bright synth melody",
      "category": "instrumentation",
      "confidence": 0.95,
      "reasoningHints": "",
      "id": "2"
    },
    {
      "text": "energetic playful",
      "category": "performance",
      "confidence": 0.95,
      "reasoningHints": "",
      "id": "3"
    }
  ],
  "signatureRelations": [
    {
      "text": "bright synth melody supports fast electronic rhythm",
      "confidence": 0.95,
      "reasoningHints": "",
      "supportRefs": [
        "1",
        "2"
      ],
      "id": "1"
    }
  ],
  "styleCues": [],
  "uncertainties": [
    "no clear genre label",
    "no clear vocal style"
  ],
  "genreHypotheses": [
    {
      "label": "electronic dance",
      "confidence": 0.48,
      "reasoningHints": "",
      "supportRefs": [],
      "id": "g1",
      "provisional": true
    },
    {
      "label": "chiptune",
      "confidence": 0.3,
      "reasoningHints": "",
      "supportRefs": [],
      "id": "g2",
      "provisional": true
    }
  ],
  "aestheticConcepts": [
    {
      "text": "kawaii electronic",
      "confidence": 0.7,
      "reasoningHints": "",
      "supportRefs": [
        "2",
        "3"
      ]
    },
    {
      "text": "bright synth pop",
      "confidence": 0.6,
      "reasoningHints": "",
      "supportRefs": [
        "2",
        "3"
      ]
    }
  ],
  "impressions": [],
  "contextHypotheses": [],
  "packetDiagnostics": {
    "rawItemCount": 8,
    "acceptedConceptCount": 8,
    "duplicateOrRejectedCount": 0,
    "quarantinedCount": 0,
    "fieldCounts": {
      "audibleObservations": 3,
      "signatureRelations": 1,
      "styleCues": 0,
      "genreHypotheses": 2,
      "contextHypotheses": 0,
      "aestheticConcepts": 2,
      "impressions": 0
    }
  }
}
[Music Flamingo] END PACKET

Inference complete in 34.5s. Packet parsed: ['audibleObservations', 'signatureRelations', 'styleCues', 'uncertainties', 'genreHypotheses', 'aestheticConcepts', 'impressions', 'contextHypotheses', 'packetDiagnostics']
Running Flamingo forensic listening...
[Music Flamingo] input tokens=1001; generation budget=400
[Music Flamingo] FORENSIC RESPONSE (27.5s)
1. Yes, the track is built around a prominent, repetitive vocal sample that is clearly taken from a pre-existing recording. The sample is looped throughout the piece, forming the core melodic and rhythmic hook.
2. Yes, there are vocal elements. The vocals are in Japanese, delivered in a short, rhythmic, and repetitive style. They are heavily processed with pitch‑shifting, time‑stretching, and filtering, giving them a robotic, almost synthetic timbre.
3. Yes, the main vocal sample repeats identically as a loop, forming the central hook of the track.
4. The main loop is heavily compressed and side‑chained to the kick drum, creating a pumping effect typical of modern electronic dance music. The overall mix is bright and polished, with a wide stereo image and crisp high‑frequency sheen.
5. The vocal sample sounds like it is taken from a 1980s or 1990s source, while the surrounding production is contemporary, suggesting a blend of retro sampling with modern EDM production techniques.
[Music Flamingo] FORENSIC ANSWERS [{"key": "sampled", "answer": "yes", "cue": "the track is built around a prominent, repetitive vocal sample that is clearly taken from a pre-existing recording. The sample is looped throughout the piece"}, {"key": "vocals", "answer": "yes", "cue": "there are vocal elements. The vocals are in Japanese, delivered in a short, rhythmic, and repetitive style. They are heavily processed with pitch‑shifting"}, {"key": "loop", "answer": "yes", "cue": "the main vocal sample repeats identically as a loop, forming the central hook of the track."}, {"key": "processing", "answer": "unsure", "cue": "The main loop is heavily compressed and side‑chained to the kick drum, creating a pumping effect typical of modern electronic dance music. The overall mix is"}, {"key": "sourcePeriod", "answer": "unsure", "cue": "The vocal sample sounds like it is taken from a 1980s or 1990s source, while the surrounding production is contemporary, suggesting a blend of retro sampling"}]
Running Flamingo structured deep-listening inference...
[Music Flamingo] input tokens=2089; generation budget=1024
Inference cancelled: superseded during generation
Client already disconnected; 409 not delivered.
Running Flamingo structured deep-listening inference (first impression)...
[Music Flamingo] input tokens=803; generation budget=256

[Music Flamingo] RAW MODEL RESPONSE (max 6000 chars)
{'audibleObservations': [{'id': 1, 'text': 'fast electronic rhythm', 'category': 'rhythm', 'confidence': 0.95}, {'id': 2, 'text': 'bright synth melody', 'category': 'instrumentation', 'confidence': 0.95}, {'id': 3, 'text': 'energetic, uplifting', 'category': 'performance', 'confidence': 0.95}], 'signatureRelations': [{'id': 1, 'text': 'bright synth melody', 'supportRefs': ['bright synth melody', 'energetic, uplifting'], 'confidence': 0.95}], 'uncertainties': ['no clear genre label', 'no clear vocal style'], 'genreHypotheses': [{'label': 'electronic dance', 'confidence': 0.7}, {'label': 'pop', 'confidence': 0.5}], 'aestheticConcepts': [{'text': 'bright synth pop', 'confidence': 0.8, 'supportRefs': ['bright synth melody', 'energetic, uplifting']}, {'text': 'uplifting electronic', 'confidence': 0.6, 'supportRefs': ['fast electronic rhythm', 'ener
[Music Flamingo] SANITIZED PACKET SENT TO MUSIC SHOWER (max 6000 chars)
{
  "audibleObservations": [
    {
      "text": "fast electronic rhythm",
      "category": "rhythm",
      "confidence": 0.95,
      "reasoningHints": "",
      "id": "1"
    },
    {
      "text": "bright synth melody",
      "category": "instrumentation",
      "confidence": 0.95,
      "reasoningHints": "",
      "id": "2"
    },
    {
      "text": "energetic uplifting",
      "category": "performance",
      "confidence": 0.95,
      "reasoningHints": "",
      "id": "3"
    }
  ],
  "signatureRelations": [
    {
      "text": "bright synth melody",
      "confidence": 0.95,
      "reasoningHints": "",
      "supportRefs": [
        "brightsynthmelody",
        "energeticuplifting"
      ],
      "id": "1"
    }
  ],
  "styleCues": [],
  "uncertainties": [
    "no clear genre label",
    "no clear vocal style"
  ],
  "genreHypotheses": [
    {
      "label": "electronic dance",
      "confidence": 0.48,
      "reasoningHints": "",
      "supportRefs": [],
      "id": "g1",
      "provisional": true
    },
    {
      "label": "pop",
      "confidence": 0.48,
      "reasoningHints": "",
      "supportRefs": [],
      "id": "g2",
      "provisional": true
    }
  ],
  "aestheticConcepts": [
    {
      "text": "bright synth pop",
      "confidence": 0.8,
      "reasoningHints": "",
      "supportRefs": [
        "brightsynthmelody",
        "energeticuplifting"
      ]
    },
    {
      "text": "uplifting electronic",
      "confidence": 0.6,
      "reasoningHints": "",
      "supportRefs": [
        "fastelectronicrhythm"
      ]
    }
  ],
  "impressions": [],
  "contextHypotheses": [],
  "packetDiagnostics": {
    "rawItemCount": 8,
    "acceptedConceptCount": 8,
    "duplicateOrRejectedCount": 0,
    "quarantinedCount": 0,
    "fieldCounts": {
      "audibleObservations": 3,
      "signatureRelations": 1,
      "styleCues": 0,
      "genreHypotheses": 2,
      "contextHypotheses": 0,
      "aestheticConcepts": 2,
      "impressions": 0
    }
  }
}
[Music Flamingo] END PACKET

Inference complete in 32.4s. Packet parsed: ['audibleObservations', 'signatureRelations', 'styleCues', 'uncertainties', 'genreHypotheses', 'aestheticConcepts', 'impressions', 'contextHypotheses', 'packetDiagnostics']
Running Flamingo forensic listening...
[Music Flamingo] input tokens=1001; generation budget=400
[Music Flamingo] FORENSIC RESPONSE (45.3s)
1. Yes, the track uses a pre-existing vocal sample. The opening vocal snippet (0:00‑0:04) is a short, heavily processed female vocal sample that sounds like a looped phrase. The main vocal line (0:06‑0:18) is also a heavily processed female vocal sample, likely pitch‑shifted and time‑stretched, giving it a robotic, almost vocoder‑like timbre. The overall production style is modern, with crisp electronic drums and a clean, digital mix, but the vocal samples retain a lo‑fi, filtered quality that suggests they are taken from an older source.
2. Yes, there are vocals. The language is Japanese. The vocal timbre is heavily processed: pitch‑shifted, time‑stretched, and filtered, creating a synthetic, robotic quality. The delivery is melodic and rhythmic, matching the electronic beat.
3. Yes, the main vocal phrase repeats identically as a loop. The phrase “Sokuten ni moushi, moushi, moushi, moushi” (0:06‑0:18) is repeated throughout the track, forming the central hook.
4. The main loop and groove are processed with sidechain compression, giving a pumping effect that is typical of modern electronic production. The overall mix is clean and digital, with a wide stereo image and tight low‑end control.
5. The vocal samples sound like they are taken from an older recording, possibly from the 1980s or 1990s, as they have a lo‑fi, filtered character. The surrounding production is clearly contemporary, suggesting a juxtaposition of vintage vocal material with modern electronic arrangement.
[Music Flamingo] FORENSIC ANSWERS [{"key": "sampled", "answer": "yes", "cue": "the track uses a pre-existing vocal sample. The opening vocal snippet (0:00‑0:04) is a short, heavily processed female vocal sample that sounds like a looped"}, {"key": "vocals", "answer": "yes", "cue": "there are vocals. The language is Japanese. The vocal timbre is heavily processed: pitch‑shifted, time‑stretched, and filtered, creating a synthetic, robotic"}, {"key": "loop", "answer": "yes", "cue": "the main vocal phrase repeats identically as a loop. The phrase “Sokuten ni moushi, moushi, moushi, moushi” (0:06‑0:18) is repeated throughout the track"}, {"key": "processing", "answer": "unsure", "cue": "The main loop and groove are processed with sidechain compression, giving a pumping effect that is typical of modern electronic production. The overall mix is"}, {"key": "sourcePeriod", "answer": "unsure", "cue": "The vocal samples sound like they are taken from an older recording, possibly from the 1980s or 1990s, as they have a lo‑fi, filtered character. The surrounding"}]
Running Flamingo structured deep-listening inference...
[Music Flamingo] input tokens=2089; generation budget=1024

[Music Flamingo] RAW MODEL RESPONSE (max 6000 chars)
{'audibleObservations': [{'id': 1, 'text': 'fast, driving electronic beat', 'category': 'rhythm', 'confidence': 0.95, 'reasoning': 'steady 4/4 pulse with a strong kick on every downbeat and a crisp snare on the backbeat, typical of high‑energy electronic dance music.'}, {'id': 2, 'text': 'bright, layered synth pads', 'category': 'instrumentation', 'confidence': 0.95, 'reasoning': 'multiple synth voices playing sustained chords and melodic arpeggios, creating a wide, shimmering texture.'}, {'id': 3, 'text': 'tight, compressed bassline', 'category': 'instrumentation', 'confidence': 0.95, 'reasoning': 'a deep, side‑chained synth bass that locks with the kick drum to drive the groove forward.'}, {'id': 4, 'text': 'repetitive, hook‑like synth lead', 'category': 'instrumentation', 'confidence': 0.95, 'reasoning': 'a catchy, high‑pitched synth melody that repeats every 8 bars, serving as the main hook.'}, {'id': 5, 'text': 'clean, polished production', 'category': 'production', 'confidence': 0.95, 'reasoning': 'high‑resolution mixing with clear separation of elements, wide stereo imaging, and subtle mastering compression that keeps the track loud without sacrificing dynamics.'}], 'signatureRelations': [{'id': 1, 'text': 'beat and synth layers interlock', 'supportRefs': [1, 2, 3, 4], 'confidence': 0.95, 'reasoning': 'the kick and snare provide a solid rhythmic foundation while the synth pads and lead weave around them, creating a cohesive, dance‑floor‑ready texture.'}, {'id': 2, 'text': 'bass and kick are tightly side‑chained', 'supportRefs': [3, 1], 'confidence': 0.95, 'reasoning': 'the bassline ducks under the kick drum, giving the mix a pulsating, breathing feel that is a hallmark of modern electronic production.'}], 'styleCues': [{'id': 1, 'text': 'electronic dance music', 'confidence': 0.95, 'supportRefs': [1, 2, 3, 4]}, {'id': 2, 'text': 'synth‑pop aesthetic', 'confidence': 0.95, 'supportRefs': [2, 4]}, {'id': 3, 'text': 'high‑energy club vibe', 'confidence': 0.95, 'supportRefs': [1, 3, 4]}], 'uncertainties': ['instrumentation details beyond synth pads and bassline', 'exact genre label beyond electronic dance music'], 'genreHypotheses': [{'label': 'electronic dance music', 'confidence': 0.95, 'supportRefs': [1, 2, 3, 4]}, {'label': 'synth‑pop', 'confidence': 0.95, 'supportRefs': [2, 4]}], 'aestheticConcepts': [{'text': 'bright, uplifting', 'confidence': 0.95, 'supportRefs': [2, 4]}, {'text': 'modern club aesthetic', 'confidence': 0.95, 'supportRefs': [1, 3, 4]}], 'impressions': [{'text': 'energetic, forward‑moving', 'confidence': 0.95, 'supportRefs': [1, 3, 4]}, {'text': 'optimistic, hopeful', 'confidence': 0.95, 'supportRefs': [2, 4]}], 'contextHypotheses': [{'text': 'contemporary electronic dance scene', 'confidence': 0.95, 'supportRefs': [1, 2, 3, 4]}, {'text': 'late‑2010s to early‑2020s club culture', 'confidence': 0.95, 'supportRefs': [1, 3, 4]}]}
[Music Flamingo] SANITIZED PACKET SENT TO MUSIC SHOWER (max 6000 chars)
{
  "audibleObservations": [
    {
      "text": "fast driving electronic beat",
      "category": "rhythm",
      "confidence": 0.95,
      "reasoningHints": "steady 4/4 pulse with a strong kick on every downbeat and a crisp snare",
      "id": "1"
    },
    {
      "text": "bright layered synth pads",
      "category": "instrumentation",
      "confidence": 0.95,
      "reasoningHints": "multiple synth voices playing sustained chords and melodic arpeggios",
      "id": "2"
    },
    {
      "text": "clean polished production",
      "category": "production",
      "confidence": 0.95,
      "reasoningHints": "high‑resolution mixing with clear separation of elements wide stereo",
      "id": "5"
    },
    {
      "text": "tight compressed bassline",
      "category": "instrumentation",
      "confidence": 0.95,
      "reasoningHints": "a deep side‑chained synth bass that locks with the kick drum to drive",
      "id": "3"
    },
    {
      "text": "repetitive hook‑like synth lead",
      "category": "instrumentation",
      "confidence": 0.95,
      "reasoningHints": "a catchy high‑pitched synth melody that repeats every 8 bars serving as",
      "id": "4"
    }
  ],
  "signatureRelations": [
    {
      "text": "beat and synth layers interlock",
      "confidence": 0.95,
      "reasoningHints": "the kick and snare provide a solid rhythmic foundation while the synth",
      "supportRefs": [
        "1",
        "2",
        "3",
        "4"
      ],
      "id": "1"
    },
    {
      "text": "bass and kick are tightly side‑chained",
      "confidence": 0.95,
      "reasoningHints": "the bassline ducks under the kick drum giving the mix a pulsating",
      "supportRefs": [
        "3",
        "1"
      ],
      "id": "2"
    }
  ],
  "styleCues": [
    {
      "text": "electronic dance music",
      "confidence": 0.95,
      "reasoningHints": "",
      "supportRefs": [
        "1",
        "2",
        "3",
        "4"
      ],
      "id": "1"
    },
    {
      "text": "synth‑pop aesthetic",
      "confidence": 0.95,
      "reasoningHints": "",
      "supportRefs": [
        "2",
        "4"
      ],
      "id": "2"
    },
    {
      "text": "high‑energy club vibe",
      "confidence": 0.95,
      "reasoningHints": "",
      "supportRefs": [
        "1",
        "3",
        "4"
      ],
      "id": "3"
    }
  ],
  "uncertainties": [
    "instrumentation details beyond synth pads and bassline",
    "exact genre label beyond electronic dance music"
  ],
  "genreHypotheses": [
    {
      "label": "electronic dance music",
      "confidence": 0.95,
      "reasoningHints": "",
      "supportRefs": [
        "1",
        "2",
        "3",
        "4"
      ],
      "id": "g1"
    },
    {
      "label": "synth‑pop",
      "confidence": 0.95,
      "reasoningHints": "",
      "supportRefs": [
        "2",
        "4"
      ],
      "id": "g2"
    }
  ],
  "aestheticConcepts": [
    {
      "text": "bright uplifting",
      "confidence": 0.95,
      "reasoningHints": "",
      "supportRefs": [
        "2",
        "4"
      ]
    },
    {
      "text": "modern club aesthetic",
      "confidence": 0.95,
      "reasoningHints": "",
      "supportRefs": [
        "1",
        "3",
        "4"
      ]
    }
  ],
  "impressions": [
    {
      "text": "energetic forward‑moving",
      "confidence": 0.95,
      "reasoningHints": "",
      "supportRefs": [
        "1",
        "3",
        "4"
      ]
    },
    {
      "text": "optimistic hopeful",
      "confidence": 0.95,
      "reasoningHints": "",
      "supportRefs": [
        "2",
        "4"
      ]
    }
  ],
  "contextHypotheses": [
    {
      "text": "contemporary electronic dance scene",
      "category": "scene",
      "confidence": 0.95,
      "reasoningHints": "",
      "supportRefs": [
        "1",
        "2",
        "3",
        "4"
      ]
    },
    {
      "text": "late‑2010s to early‑2020s club culture",
      "category": "scene",
      "confidence": 0.95,
      "reasoningHints": "",
      "supportRefs": [
        "1",
        "3",
        "4"
      ]
    }
  ],
  "packetDiagnostics": {
    "rawItemCount": 18,
    "acceptedConceptCount": 18,
    "duplicateOrRejectedCount": 0,
    "quarantinedCount": 0,
    "fieldCounts": {
      "audibleObservations": 5,
      "signatureRelations": 2,
      "styleCues": 3,
      "genreHypotheses": 2,
      "contextHypotheses": 2,
      "aestheticConcepts": 2,
      "impressions": 2
    }
  }
}
[Music Flamingo] END PACKET

Inference complete in 135.9s. Packet parsed: ['audibleObservations', 'signatureRelations', 'styleCues', 'uncertainties', 'genreHypotheses', 'aestheticConcepts', 'impressions', 'contextHypotheses', 'packetDiagnostics']
Running Flamingo forensic listening...
[Music Flamingo] input tokens=1001; generation budget=400
[Music Flamingo] FORENSIC RESPONSE (24.8s)
1. Yes, the track is built around a prominent, repetitive vocal sample that is clearly taken from a pre-existing recording. The sample is looped throughout the piece, forming the core melodic and rhythmic material.
2. No, there are no original vocals. The only vocal element is the sampled phrase, which is not pitch-shifted, time-stretched, chopped, or filtered in any noticeable way.
3. The sampled phrase repeats identically as a loop, forming the main hook of the track.
4. The production is deliberately lo‑fi and gritty, with audible tape‑style saturation and bit‑crushing that give the loop a raw, degraded texture.
5. The source material of the sample sounds like it is from an older recording, likely from the late 1990s to early 2000s, while the surrounding production is a more recent, lo‑fi reinterpretation.
[Music Flamingo] FORENSIC ANSWERS [{"key": "sampled", "answer": "yes", "cue": "the track is built around a prominent, repetitive vocal sample that is clearly taken from a pre-existing recording. The sample is looped throughout the piece"}, {"key": "vocals", "answer": "no", "cue": "there are no original vocals. The only vocal element is the sampled phrase, which is not pitch-shifted, time-stretched, chopped, or filtered in any noticeable"}, {"key": "loop", "answer": "yes", "cue": "The sampled phrase repeats identically as a loop, forming the main hook of the track.", "inferred": true}, {"key": "processing", "answer": "unsure", "cue": "The production is deliberately lo‑fi and gritty, with audible tape‑style saturation and bit‑crushing that give the loop a raw, degraded texture."}, {"key": "sourcePeriod", "answer": "unsure", "cue": "The source material of the sample sounds like it is from an older recording, likely from the late 1990s to early 2000s, while the surrounding production is a"}]
Running Flamingo structured deep-listening inference...
[Music Flamingo] input tokens=2090; generation budget=1024

[Music Flamingo] RAW MODEL RESPONSE (max 6000 chars)
{'audibleObservations': [{'id': 1, 'text': 'fast, driving electronic beat', 'category': 'rhythm', 'confidence': 0.95, 'reasoning': 'steady 4/4 pulse with a strong kick on every downbeat and a crisp snare on the backbeat, typical of high‑energy electronic dance music.'}, {'id': 2, 'text': 'bright, layered synth leads', 'category': 'instrumentation', 'confidence': 0.95, 'reasoning': 'multiple synth voices playing melodic hooks and arpeggiated patterns, often panned wide for a spacious stereo image.'}, {'id': 3, 'text': 'tight, compressed bassline', 'category': 'instrumentation', 'confidence': 0.95, 'reasoning': 'a punchy, side‑chained sub‑bass that locks with the kick drum to drive the groove forward.'}, {'id': 4, 'text': 'repetitive, hook‑like vocal phrase', 'category': 'vocal performance', 'confidence': 0.95, 'reasoning': 'a short, catchy vocal line that repeats throughout, treated with reverb and delay to sit in the mix as a melodic element rather than a narrative lyric.'}], 'signatureRelations': [{'id': 1, 'text': 'synth lead and bass interlock', 'supportRefs': [1, 2, 3], 'confidence': 0.95, 'reasoning': 'the synth lead often mirrors the bass rhythm, creating a tight, interlocking groove that reinforces the driving pulse.'}, {'id': 2, 'text': 'vocal phrase punctuates each 4‑measure phrase', 'supportRefs': [4], 'confidence': 0.95, 'reasoning': 'the vocal hook appears on every downbeat of the 4/4 cycle, acting as a rhythmic accent and melodic anchor.'}], 'styleCues': [{'id': 1, 'text': 'electronic dance production', 'confidence': 0.95, 'reasoning': 'the mix is loud, heavily compressed, and bright, with a wide stereo field and side‑chain pumping that are hallmarks of club‑oriented EDM.'}, {'id': 2, 'text': 'synth‑driven arrangement', 'confidence': 0.95, 'reasoning': 'the track relies on layered synth textures rather than acoustic instruments, emphasizing a digital sound palette.'}], 'uncertainties': ['instrumentation ambiguity', 'vocal style ambiguity'], 'genreHypotheses': [{'label': 'electronic dance music', 'confidence': 0.95, 'supportRefs': [1, 2, 3, 4], 'reasoning': 'the combination of a fast 4/4 beat, bright synth leads, a driving bassline, and a repetitive vocal hook are characteristic of mainstream EDM sub‑genres such as progressive house or electro‑pop.'}, {'label': 'dance‑pop', 'confidence': 0.8, 'supportRefs': [1, 2, 3, 4], 'reasoning': 'the track’s structure, energy, and production style align with contemporary dance‑pop tracks that aim for club play and radio friendliness.'}], 'aestheticConcepts': [{'text': 'energetic, uplifting', 'confidence': 0.95, 'supportRefs': [1, 2, 3, 4], 'reasoning': 'the fast tempo, bright synths, and repetitive vocal hook create a sense of forward momentum and positivity.'}, {'text': 'modern digital aesthetic', 'confidence': 0.95, 'supportRefs': [1, 2, 3, 4], 'reasoning': 'the production’s loudness, side‑chain compression, and wide stereo imaging reflect current EDM and pop production trends.'}], 'impressions': [{'text': 'driven, club‑ready', 'confidence': 0.95, 'supportRefs': [1, 2, 3, 4], 'reasoning': 'the track feels designed for dance floors, with a relentless beat and a hook that encourages movement.'}, {'text': 'contemporary pop sensibility', 'confidence': 0.8, 'supportRefs': [1, 2, 3, 4], 'reasoning': 'the vocal phrasing and melodic contour are simple and catchy, typical of mainstream pop aimed at mass appeal.'}], 'contextHypotheses': [{'text': 'late‑2010s to early‑2020s EDM/pop crossover', 'confidence': 0.8, 'supportRefs': [1, 2, 3, 4], 'reasoning': 'the production style, tempo,
[Music Flamingo] SANITIZED PACKET SENT TO MUSIC SHOWER (max 6000 chars)
{
  "audibleObservations": [
    {
      "text": "fast driving electronic beat",
      "category": "rhythm",
      "confidence": 0.95,
      "reasoningHints": "steady 4/4 pulse with a strong kick on every downbeat and a crisp snare",
      "id": "1"
    },
    {
      "text": "bright layered synth leads",
      "category": "instrumentation",
      "confidence": 0.95,
      "reasoningHints": "multiple synth voices playing melodic hooks and arpeggiated patterns",
      "id": "2"
    },
    {
      "text": "repetitive hook‑like vocal phrase",
      "category": "performance",
      "confidence": 0.95,
      "reasoningHints": "a short catchy vocal line that repeats throughout treated with reverb",
      "sourceCategory": "vocal performance",
      "id": "4"
    },
    {
      "text": "tight compressed bassline",
      "category": "instrumentation",
      "confidence": 0.95,
      "reasoningHints": "a punchy side‑chained sub‑bass that locks with the kick drum to drive",
      "id": "3"
    }
  ],
  "signatureRelations": [
    {
      "text": "synth lead and bass interlock",
      "confidence": 0.95,
      "reasoningHints": "the synth lead often mirrors the bass rhythm creating a tight",
      "supportRefs": [
        "1",
        "2",
        "3"
      ],
      "id": "1"
    },
    {
      "text": "vocal phrase punctuates each 4‑measure phrase",
      "confidence": 0.95,
      "reasoningHints": "the vocal hook appears on every downbeat of the 4/4 cycle acting as a",
      "supportRefs": [
        "4"
      ],
      "id": "2"
    }
  ],
  "styleCues": [
    {
      "text": "electronic dance production",
      "confidence": 0.95,
      "reasoningHints": "the mix is loud heavily compressed and bright with a wide stereo field",
      "supportRefs": [],
      "id": "1"
    },
    {
      "text": "synth‑driven arrangement",
      "confidence": 0.95,
      "reasoningHints": "the track relies on layered synth textures rather than acoustic",
      "supportRefs": [],
      "id": "2"
    }
  ],
  "uncertainties": [
    "instrumentation ambiguity",
    "vocal style ambiguity"
  ],
  "genreHypotheses": [
    {
      "label": "electronic dance music",
      "confidence": 0.95,
      "reasoningHints": "the combination of a fast 4/4 beat bright synth leads a driving bassline",
      "supportRefs": [
        "1",
        "2",
        "3",
        "4"
      ],
      "id": "g1"
    },
    {
      "label": "dance‑pop",
      "confidence": 0.8,
      "reasoningHints": "the track’s structure energy and production style align with",
      "supportRefs": [
        "1",
        "2",
        "3",
        "4"
      ],
      "id": "g2"
    }
  ],
  "aestheticConcepts": [
    {
      "text": "energetic uplifting",
      "confidence": 0.95,
      "reasoningHints": "the fast tempo bright synths and repetitive vocal hook create a sense of",
      "supportRefs": [
        "1",
        "2",
        "3",
        "4"
      ]
    },
    {
      "text": "modern digital aesthetic",
      "confidence": 0.95,
      "reasoningHints": "the production’s loudness side‑chain compression and wide stereo imaging",
      "supportRefs": [
        "1",
        "2",
        "3",
        "4"
      ]
    }
  ],
  "impressions": [
    {
      "text": "driven club‑ready",
      "confidence": 0.95,
      "reasoningHints": "the track feels designed for dance floors with a relentless beat and a",
      "supportRefs": [
        "1",
        "2",
        "3",
        "4"
      ]
    },
    {
      "text": "contemporary pop sensibility",
      "confidence": 0.8,
      "reasoningHints": "the vocal phrasing and melodic contour are simple and catchy typical of",
      "supportRefs": [
        "1",
        "2",
        "3",
        "4"
      ]
    }
  ],
  "contextHypotheses": [
    {
      "text": "late‑2010s to early‑2020s EDM/pop crossover",
      "category": "scene",
      "confidence": 0.8,
      "reasoningHints": "",
      "supportRefs": [
        "1",
        "2",
        "3",
        "4"
      ]
    }
  ],
  "packetDiagnostics": {
    "rawItemCount": 15,
    "acceptedConceptCount": 15,
    "duplicateOrRejectedCount": 0,
    "quarantinedCount": 0,
    "fieldCounts": {
      "audibleObservations": 4,
      "signatureRelations": 2,
      "styleCues": 2,
      "genreHypotheses": 2,
      "contextHypotheses": 1,
      "aestheticConcepts": 2,
      "impressions": 2
    }
  }
}
[Music Flamingo] END PACKET

Inference complete in 141.0s. Packet parsed: ['audibleObservations', 'signatureRelations', 'styleCues', 'uncertainties', 'genreHypotheses', 'aestheticConcepts', 'impressions', 'contextHypotheses', 'packetDiagnostics']
Running Flamingo forensic listening...
[Music Flamingo] input tokens=1001; generation budget=400
[Music Flamingo] FORENSIC RESPONSE (26.8s)
1. Yes, the track is built around a heavily processed vocal sample that is looped and used as the main melodic hook. The sample is pitch‑shifted and time‑stretched, giving it a robotic, almost synthetic timbre.
2. No, there are no original vocals. The only vocal element is the processed sample described above, which is treated as an instrument rather than a lyrical performance.
3. The main loop repeats identically throughout the track, creating a hypnotic, driving groove.
4. The production features aggressive filtering, sidechain compression that ducks the synth pads against the kick, and a lo‑fi bit‑crushing effect on the sample, giving the track a gritty, underground club feel.
5. The source material for the vocal sample sounds like it is taken from an older, possibly 80s/90s pop or R&B recording, as indicated by the original timbre and the way it is re‑contextualized in a modern, heavily processed form.
[Music Flamingo] FORENSIC ANSWERS [{"key": "sampled", "answer": "yes", "cue": "the track is built around a heavily processed vocal sample that is looped and used as the main melodic hook. The sample is pitch‑shifted and time‑stretched"}, {"key": "vocals", "answer": "no", "cue": "there are no original vocals. The only vocal element is the processed sample described above, which is treated as an instrument rather than a lyrical"}, {"key": "loop", "answer": "yes", "cue": "The main loop repeats identically throughout the track, creating a hypnotic, driving groove.", "inferred": true}, {"key": "processing", "answer": "unsure", "cue": "The production features aggressive filtering, sidechain compression that ducks the synth pads against the kick, and a lo‑fi bit‑crushing effect on the sample"}, {"key": "sourcePeriod", "answer": "unsure", "cue": "The source material for the vocal sample sounds like it is taken from an older, possibly 80s/90s pop or R&B recording, as indicated by the original timbre and"}]
Running Flamingo structured deep-listening inference...
[Music Flamingo] input tokens=2090; generation budget=1024

[Music Flamingo] RAW MODEL RESPONSE (max 6000 chars)
{"audibleObservations": [{"id": 1, "text": "driving 4/4 pulse", "category": "rhythm", "confidence": 0.9, "reasoning": "steady quarter‑note pulse with consistent subdivision, no swing or syncopation"}, {"id": 2, "text": "synth bass with side‑chain compression", "category": "instrumentation", "confidence": 0.8, "reasoning": "bass synth follows kick, ducking volume on each kick, creating a pumping feel"}, {"id": 3, "text": "bright synth lead melody", "category": "instrumentation", "confidence": 0.8, "reasoning": "lead synth plays a repeating melodic hook with a clean, high‑frequency timbre"}, {"id": 4, "text": "drum machine with tight kick, snare, hi‑hat", "category": "instrumentation", "confidence": 0.9, "reasoning": "programmed drum sounds with a crisp kick, snappy snare, and steady hi‑hat pattern"}, {"id": 5, "text": "wide stereo imaging", "category": "production", "confidence": 0.7, "reasoning": "synths and drums are panned to create a spacious soundstage"}, {"id": 6, "text": "clean, polished mix", "category": "production", "confidence": 0.8, "reasoning": "minimal distortion, balanced EQ, and moderate compression give a clear, radio‑ready sound"}], "signatureRelations": [{"id": 1, "text": "bass and kick side‑chained", "supportRefs": [2, 4], "confidence": 0.8, "reasoning": "the bass ducking under the kick creates a classic EDM pumping effect"}, {"id": 2, "text": "lead synth layered over rhythm", "supportRefs": [3, 4], "confidence": 0.7, "reasoning": "the melodic lead sits on top of the rhythmic foundation, reinforcing the hook"}], "styleCues": [{"id": 1, "text": "electronic dance music", "confidence": 0.6, "supportRefs": [1, 2, 3, 4, 5, 6]}, {"id": 2, "text": "four‑on‑the‑floor beat", "confidence": 0.8, "supportRefs": [1, 4, 6]}], "uncertainties": ["no vocal presence", "no explicit genre label"], "genreHypotheses": [{"label": "EDM", "confidence": 0.6, "supportRefs": [1, 2, 3, 4, 5, 6]}, {"label": "dance‑pop", "confidence": 0.4, "supportRefs": [1, 2, 3, 4, 5, 6]}], "aestheticConcepts": [{"text": "bright, energetic", "confidence": 0.8, "supportRefs": [3, 5, 6]}, {"text": "modern club sound", "confidence": 0.7, "supportRefs": [1, 2, 4, 6]}], "impressions": [{"text": "uplifting and forward‑moving", "confidence": 0.6, "supportRefs": [1, 3, 5, 6]}, {"text": "energetic and dance‑floor ready", "confidence": 0.5, "supportRefs": [1, 2, 4, 6]}], "contextHypotheses": [{"text": "contemporary electronic dance scene", "category": "scene", "confidence": 0.7, "supportRefs": [1, 2, 3, 4, 5, 6]}, {"text": "modern club production", "category": "era", "confidence": 0.6, "supportRefs": [1, 2, 4, 6]}]}
[Music Flamingo] SANITIZED PACKET SENT TO MUSIC SHOWER (max 6000 chars)
{
  "audibleObservations": [
    {
      "text": "driving 4/4 pulse",
      "category": "rhythm",
      "confidence": 0.9,
      "reasoningHints": "steady quarter‑note pulse with consistent subdivision no swing or",
      "id": "1"
    },
    {
      "text": "synth bass with side‑chain compression",
      "category": "instrumentation",
      "confidence": 0.8,
      "reasoningHints": "bass synth follows kick ducking volume on each kick creating a pumping",
      "id": "2"
    },
    {
      "text": "wide stereo imaging",
      "category": "production",
      "confidence": 0.7,
      "reasoningHints": "synths and drums are panned to create a spacious soundstage",
      "id": "5"
    },
    {
      "text": "bright synth lead melody",
      "category": "instrumentation",
      "confidence": 0.8,
      "reasoningHints": "lead synth plays a repeating melodic hook with a clean high‑frequency",
      "id": "3"
    },
    {
      "text": "clean polished mix",
      "category": "production",
      "confidence": 0.8,
      "reasoningHints": "minimal distortion balanced EQ and moderate compression give a clear",
      "id": "6"
    },
    {
      "text": "drum machine with tight kick snare hi‑hat",
      "category": "instrumentation",
      "confidence": 0.9,
      "reasoningHints": "programmed drum sounds with a crisp kick snappy snare and steady hi‑hat",
      "id": "4"
    }
  ],
  "signatureRelations": [
    {
      "text": "bass and kick side‑chained",
      "confidence": 0.8,
      "reasoningHints": "the bass ducking under the kick creates a classic EDM pumping effect",
      "supportRefs": [
        "2",
        "4"
      ],
      "id": "1"
    },
    {
      "text": "lead synth layered over rhythm",
      "confidence": 0.7,
      "reasoningHints": "the melodic lead sits on top of the rhythmic foundation reinforcing the",
      "supportRefs": [
        "3",
        "4"
      ],
      "id": "2"
    }
  ],
  "styleCues": [
    {
      "text": "electronic dance music",
      "confidence": 0.6,
      "reasoningHints": "",
      "supportRefs": [
        "1",
        "2",
        "3",
        "4",
        "5",
        "6"
      ],
      "id": "1"
    },
    {
      "text": "four‑on‑the‑floor beat",
      "confidence": 0.8,
      "reasoningHints": "",
      "supportRefs": [
        "1",
        "4",
        "6"
      ],
      "id": "2"
    }
  ],
  "uncertainties": [
    "no vocal presence",
    "no explicit genre label"
  ],
  "genreHypotheses": [
    {
      "label": "EDM",
      "confidence": 0.6,
      "reasoningHints": "",
      "supportRefs": [
        "1",
        "2",
        "3",
        "4",
        "5",
        "6"
      ],
      "id": "g1"
    },
    {
      "label": "dance‑pop",
      "confidence": 0.4,
      "reasoningHints": "",
      "supportRefs": [
        "1",
        "2",
        "3",
        "4",
        "5",
        "6"
      ],
      "id": "g2"
    }
  ],
  "aestheticConcepts": [
    {
      "text": "bright energetic",
      "confidence": 0.8,
      "reasoningHints": "",
      "supportRefs": [
        "3",
        "5",
        "6"
      ]
    },
    {
      "text": "modern club sound",
      "confidence": 0.7,
      "reasoningHints": "",
      "supportRefs": [
        "1",
        "2",
        "4",
        "6"
      ]
    }
  ],
  "impressions": [
    {
      "text": "uplifting and forward‑moving",
      "confidence": 0.6,
      "reasoningHints": "",
      "supportRefs": [
        "1",
        "3",
        "5",
        "6"
      ]
    },
    {
      "text": "energetic and dance‑floor ready",
      "confidence": 0.5,
      "reasoningHints": "",
      "supportRefs": [
        "1",
        "2",
        "4",
        "6"
      ]
    }
  ],
  "contextHypotheses": [
    {
      "text": "contemporary electronic dance scene",
      "category": "scene",
      "confidence": 0.7,
      "reasoningHints": "",
      "supportRefs": [
        "1",
        "2",
        "3",
        "4",
        "5",
        "6"
      ]
    },
    {
      "text": "modern club production",
      "category": "era",
      "confidence": 0.6,
      "reasoningHints": "",
      "supportRefs": [
        "1",
        "2",
        "4",
        "6"
      ]
    }
  ],
  "packetDiagnostics": {
    "rawItemCount": 18,
    "acceptedConceptCount": 18,
    "duplicateOrRejectedCount": 0,
    "quarantinedCount": 0,
    "fieldCounts": {
      "audibleObservations": 6,
      "signatureRelations": 2,
      "styleCues": 2,
      "genreHypotheses": 2,
      "contextHypotheses": 2,
      "aestheticConcepts": 2,
      "impressions": 2
    }
  }
}
[Music Flamingo] END PACKET

Inference complete in 136.4s. Packet parsed: ['audibleObservations', 'signatureRelations', 'styleCues', 'uncertainties', 'genreHypotheses', 'aestheticConcepts', 'impressions', 'contextHypotheses', 'packetDiagnostics']
Running Flamingo forensic listening...
[Music Flamingo] input tokens=1001; generation budget=400
[Music Flamingo] FORENSIC RESPONSE (23.4s)
1. The main loop is clearly a sample, as it repeats identically throughout the track. The vocal phrase is also a sampled loop, not performed or programmed for this track.
2. Yes, there are vocals. They are in English, heavily pitch‑shifted upward, time‑stretched, and chopped into a rhythmic pattern, with a lo‑fi, filtered texture.
3. The vocal phrase “I’d better off on my own” and the line “If you’re gonna break my heart” repeat identically as a loop throughout the track.
4. The main loop is filtered and has a lo‑fi, bit‑reduced texture, giving it a vintage, degraded sound.
5. The source material appears to be from an older recording, likely from the 1980s or 1990s, as indicated by the lo‑fi filtering and the original vocal sample’s timbre.
[Music Flamingo] FORENSIC ANSWERS [{"key": "sampled", "answer": "yes", "cue": "The main loop is clearly a sample, as it repeats identically throughout the track. The vocal phrase is also a sampled loop, not performed or programmed for this", "inferred": true}, {"key": "vocals", "answer": "yes", "cue": "there are vocals. They are in English, heavily pitch‑shifted upward, time‑stretched, and chopped into a rhythmic pattern, with a lo‑fi, filtered texture."}, {"key": "loop", "answer": "yes", "cue": "The vocal phrase “I’d better off on my own” and the line “If you’re gonna break my heart” repeat identically as a loop throughout the track.", "inferred": true}, {"key": "processing", "answer": "unsure", "cue": "The main loop is filtered and has a lo‑fi, bit‑reduced texture, giving it a vintage, degraded sound."}, {"key": "sourcePeriod", "answer": "unsure", "cue": "The source material appears to be from an older recording, likely from the 1980s or 1990s, as indicated by the lo‑fi filtering and the original vocal sample’s"}]
Running Flamingo structured deep-listening inference...
[Music Flamingo] input tokens=2090; generation budget=1024
Inference cancelled: superseded during generation
Client already disconnected; 409 not delivered.
Running Flamingo structured deep-listening inference (first impression)...
[Music Flamingo] input tokens=803; generation budget=256

[Music Flamingo] RAW MODEL RESPONSE (max 6000 chars)
{'audibleObservations': [{'id': 1, 'text': 'fast electronic rhythm', 'category': 'rhythm', 'confidence': 0.95}, {'id': 2, 'text': 'synth bassline', 'category': 'instrumentation', 'confidence': 0.95}, {'id': 3, 'text': 'processed female voice', 'category': 'performance', 'confidence': 0.95}], 'signatureRelations': [{'id': 1, 'text': 'driven by a steady electronic pulse', 'supportRefs': [1, 2], 'confidence': 0.8}, {'id': 2, 'text': 'voice treated as an instrument', 'supportRefs': [3], 'confidence': 0.7}], 'uncertainties': ['no clear genre label', 'no explicit cultural context'], 'genreHypotheses': [{'label': 'electronic dance', 'confidence': 0.3}, {'label': 'experimental pop', 'confidence': 0.2}], 'aestheticConcepts': [{'text': 'cold digital aesthetic', 'confidence': 0.6, 'supportRefs': [1, 2, 3]},
[Music Flamingo] SANITIZED PACKET SENT TO MUSIC SHOWER (max 6000 chars)
{
  "audibleObservations": [
    {
      "text": "fast electronic rhythm",
      "category": "rhythm",
      "confidence": 0.95,
      "reasoningHints": "",
      "id": "1"
    },
    {
      "text": "synth bassline",
      "category": "instrumentation",
      "confidence": 0.95,
      "reasoningHints": "",
      "id": "2"
    },
    {
      "text": "processed female voice",
      "category": "performance",
      "confidence": 0.95,
      "reasoningHints": "",
      "id": "3"
    }
  ],
  "signatureRelations": [
    {
      "text": "driven by a steady electronic pulse",
      "confidence": 0.8,
      "reasoningHints": "",
      "supportRefs": [
        "1",
        "2"
      ],
      "id": "1"
    },
    {
      "text": "voice treated as an instrument",
      "confidence": 0.7,
      "reasoningHints": "",
      "supportRefs": [
        "3"
      ],
      "id": "2"
    }
  ],
  "styleCues": [],
  "uncertainties": [
    "no clear genre label",
    "no explicit cultural context"
  ],
  "genreHypotheses": [
    {
      "label": "electronic dance",
      "confidence": 0.3,
      "reasoningHints": "",
      "supportRefs": [],
      "id": "g1",
      "provisional": true
    },
    {
      "label": "experimental pop",
      "confidence": 0.2,
      "reasoningHints": "",
      "supportRefs": [],
      "id": "g2",
      "provisional": true
    }
  ],
  "aestheticConcepts": [
    {
      "text": "cold digital aesthetic",
      "confidence": 0.6,
      "reasoningHints": "",
      "supportRefs": [
        "1",
        "2",
        "3"
      ]
    }
  ],
  "impressions": [],
  "contextHypotheses": [],
  "packetDiagnostics": {
    "rawItemCount": 8,
    "acceptedConceptCount": 8,
    "duplicateOrRejectedCount": 0,
    "quarantinedCount": 0,
    "fieldCounts": {
      "audibleObservations": 3,
      "signatureRelations": 2,
      "styleCues": 0,
      "genreHypotheses": 2,
      "contextHypotheses": 0,
      "aestheticConcepts": 1,
      "impressions": 0
    }
  }
}
[Music Flamingo] END PACKET

Inference complete in 37.2s. Packet parsed: ['audibleObservations', 'signatureRelations', 'styleCues', 'uncertainties', 'genreHypotheses', 'aestheticConcepts', 'impressions', 'contextHypotheses', 'packetDiagnostics']
Running Flamingo forensic listening...
[Music Flamingo] input tokens=1001; generation budget=400
[Music Flamingo] FORENSIC RESPONSE (35.1s)
1. Yes, the track is built around a heavily processed, chopped, and looped vocal sample that is pitch‑shifted and time‑stretched, giving it a robotic, almost synthetic timbre. The sample is used as the main melodic and rhythmic hook throughout the piece.
2. The vocal sample is in Japanese, and it is heavily processed with pitch‑shifting, time‑stretching, and chopping, creating a fragmented, glitch‑like texture. No clean or unprocessed vocals are present.
3. The vocal sample repeats identically as a loop, forming the core of the track’s structure and providing a continuous melodic and rhythmic motif.
4. The main loop is filtered and side‑chained to the kick drum, giving it a pumping, rhythmic feel. The overall production is lo‑fi, with bit‑crushing and subtle saturation that contribute to a gritty, digital aesthetic.
5. The source material of the vocal sample appears to be from an older recording, likely from the 1980s or 1990s, as indicated by the vintage timbre and the way it is treated with lo‑fi processing. The surrounding production is more contemporary, using modern side‑chain techniques and digital effects.
[Music Flamingo] FORENSIC ANSWERS [{"key": "sampled", "answer": "yes", "cue": "the track is built around a heavily processed, chopped, and looped vocal sample that is pitch‑shifted and time‑stretched, giving it a robotic, almost synthetic"}, {"key": "vocals", "answer": "unsure", "cue": "The vocal sample is in Japanese, and it is heavily processed with pitch‑shifting, time‑stretching, and chopping, creating a fragmented, glitch‑like texture. No"}, {"key": "loop", "answer": "yes", "cue": "The vocal sample repeats identically as a loop, forming the core of the track’s structure and providing a continuous melodic and rhythmic motif.", "inferred": true}, {"key": "processing", "answer": "unsure", "cue": "The main loop is filtered and side‑chained to the kick drum, giving it a pumping, rhythmic feel. The overall production is lo‑fi, with bit‑crushing and subtle"}, {"key": "sourcePeriod", "answer": "unsure", "cue": "The source material of the vocal sample appears to be from an older recording, likely from the 1980s or 1990s, as indicated by the vintage timbre and the way it"}]
Running Flamingo structured deep-listening inference...
[Music Flamingo] input tokens=2089; generation budget=1024

[Music Flamingo] RAW MODEL RESPONSE (max 6000 chars)
{'audibleObservations': [{'id': 1, 'text': 'fast, driving electronic beat', 'category': 'rhythm', 'confidence': 0.9, 'reasoning': 'steady 4/4 pulse with a strong kick on every downbeat and a crisp snare on the backbeat, typical of high‑energy electronic dance music.'}, {'id': 2, 'text': 'synth bassline with a repetitive, driving pattern', 'category': 'instrumentation', 'confidence': 0.8, 'reasoning': 'a low‑frequency synth patch that plays a simple, looping rhythm, providing the harmonic foundation and forward momentum.'}, {'id': 3, 'text': 'bright, high‑pitched synth lead melody', 'category': 'instrumentation', 'confidence': 0.8, 'reasoning': 'a lead synth with a sharp, piercing timbre that carries the main melodic hook, often using a sawtooth or square wave with slight portamento.'}, {'id': 4, 'text': 'layered electronic drums with tight, compressed sound', 'category': 'production', 'confidence': 0.7, 'reasoning': 'the drum sounds are heavily processed, with strong transient shaping and side‑chain compression that makes the kick and snare cut through the mix.'}, {'id': 5, 'text': 'wide stereo imaging and polished mastering', 'category': 'production', 'confidence': 0.6, 'reasoning': 'the mix is bright and clean, with a wide stereo field that places the synth elements and drums across the spectrum, typical of modern EDM production.'}], 'signatureRelations': [{'id': 1, 'text': 'driving synth bass and lead melody interact', 'supportRefs': [2, 3], 'confidence': 0.8, 'reasoning': 'the bassline and lead melody are rhythmically locked together, reinforcing the groove and creating a cohesive melodic‑rhythmic unit.'}, {'id': 2, 'text': 'drums and bass lock in a tight groove', 'supportRefs': [1, 2], 'confidence': 0.7, 'reasoning': 'the kick and snare patterns are tightly synchronized with the bassline, producing a solid, dance‑floor‑ready foundation.'}], 'styleCues': [{'id': 1, 'text': 'electronic dance music production', 'confidence': 0.8, 'supportRefs': [1, 2, 3, 4, 5], 'reasoning': 'the combination of a fast 4/4 beat, synth bass, and bright lead synth is characteristic of contemporary EDM.'}, {'id': 2, 'text': 'high‑energy, club‑oriented sound', 'confidence': 0.6, 'supportRefs': [1, 2, 3, 4, 5], 'reasoning': 'the overall intensity, driving rhythm, and polished production suggest a track designed for dance‑floor impact.'}], 'uncertainties': ['instrumentation details beyond synth bass and lead', 'exact genre label'], 'genreHypotheses': [{'label': 'electronic dance music', 'confidence': 0.8, 'supportRefs': [1, 2, 3, 4, 5], 'reasoning': 'the fast tempo, 4/4 beat, and synth‑driven arrangement are typical of EDM.'}, {'label': 'EDM subgenre', 'confidence': 0.5, 'supportRefs': [1, 2, 3, 4, 5], 'reasoning': 'the track’s high energy and club‑oriented production place it within the broader EDM category, but a more specific subgenre cannot be confirmed from the audio alone.'}], 'aestheticConcepts': [{'text': 'energetic, futuristic', 'confidence': 0.7, 'supportRefs': [1, 2, 3, 4, 5], 'reasoning': 'the fast tempo, bright synth timbres, and polished production create a sense of forward motion and modernity.'}, {'text': 'dance‑floor intensity', 'confidence': 0.6, 'supportRefs': [1, 2, 3, 4, 5], 'reasoning': 'the driving beat and prominent bassline are designed to energize listeners and encourage movement.'}], 'impressions': [{'text': 'exciting, uplifting', 'confidence': 0.8, 'supportRefs': [1, 2, 3, 4, 5], 'reasoning': 'the combination of a fast tempo, bright synths, and a strong rhythmic pulse conveys a feeling of excitement and positivity.'}, {'text': 'modern, club‑ready', 'confidence': 0.7, '
[Music Flamingo] SANITIZED PACKET SENT TO MUSIC SHOWER (max 6000 chars)
{
  "audibleObservations": [
    {
      "text": "fast driving electronic beat",
      "category": "rhythm",
      "confidence": 0.9,
      "reasoningHints": "steady 4/4 pulse with a strong kick on every downbeat and a crisp snare",
      "id": "1"
    },
    {
      "text": "synth bassline with a repetitive driving pattern",
      "category": "instrumentation",
      "confidence": 0.8,
      "reasoningHints": "a low‑frequency synth patch that plays a simple looping rhythm providing",
      "id": "2"
    },
    {
      "text": "layered electronic drums with tight compressed sound",
      "category": "production",
      "confidence": 0.7,
      "reasoningHints": "the drum sounds are heavily processed with strong transient shaping and",
      "id": "4"
    },
    {
      "text": "bright high‑pitched synth lead melody",
      "category": "instrumentation",
      "confidence": 0.8,
      "reasoningHints": "a lead synth with a sharp piercing timbre that carries the main melodic",
      "id": "3"
    },
    {
      "text": "wide stereo imaging and polished mastering",
      "category": "production",
      "confidence": 0.6,
      "reasoningHints": "the mix is bright and clean with a wide stereo field that places the",
      "id": "5"
    }
  ],
  "signatureRelations": [
    {
      "text": "driving synth bass and lead melody interact",
      "confidence": 0.8,
      "reasoningHints": "the bassline and lead melody are rhythmically locked together",
      "supportRefs": [
        "2",
        "3"
      ],
      "id": "1"
    },
    {
      "text": "drums and bass lock in a tight groove",
      "confidence": 0.7,
      "reasoningHints": "the kick and snare patterns are tightly synchronized with the bassline",
      "supportRefs": [
        "1",
        "2"
      ],
      "id": "2"
    }
  ],
  "styleCues": [
    {
      "text": "electronic dance music production",
      "confidence": 0.8,
      "reasoningHints": "the combination of a fast 4/4 beat synth bass and bright lead synth is",
      "supportRefs": [
        "1",
        "2",
        "3",
        "4",
        "5"
      ],
      "id": "1"
    },
    {
      "text": "high‑energy club‑oriented sound",
      "confidence": 0.6,
      "reasoningHints": "the overall intensity driving rhythm and polished production suggest a",
      "supportRefs": [
        "1",
        "2",
        "3",
        "4",
        "5"
      ],
      "id": "2"
    }
  ],
  "uncertainties": [
    "instrumentation details beyond synth bass and lead",
    "exact genre label"
  ],
  "genreHypotheses": [
    {
      "label": "electronic dance music",
      "confidence": 0.8,
      "reasoningHints": "the fast tempo 4/4 beat and synth‑driven arrangement are typical of EDM.",
      "supportRefs": [
        "1",
        "2",
        "3",
        "4",
        "5"
      ],
      "id": "g1"
    },
    {
      "label": "EDM subgenre",
      "confidence": 0.5,
      "reasoningHints": "the track’s high energy and club‑oriented production place it within the",
      "supportRefs": [
        "1",
        "2",
        "3",
        "4",
        "5"
      ],
      "id": "g2"
    }
  ],
  "aestheticConcepts": [
    {
      "text": "energetic futuristic",
      "confidence": 0.7,
      "reasoningHints": "the fast tempo bright synth timbres and polished production create a",
      "supportRefs": [
        "1",
        "2",
        "3",
        "4",
        "5"
      ]
    },
    {
      "text": "dance‑floor intensity",
      "confidence": 0.6,
      "reasoningHints": "the driving beat and prominent bassline are designed to energize",
      "supportRefs": [
        "1",
        "2",
        "3",
        "4",
        "5"
      ]
    }
  ],
  "impressions": [
    {
      "text": "exciting uplifting",
      "confidence": 0.8,
      "reasoningHints": "the combination of a fast tempo bright synths and a strong rhythmic",
      "supportRefs": [
        "1",
        "2",
        "3",
        "4",
        "5"
      ]
    },
    {
      "text": "modern club‑ready",
      "confidence": 0.6,
      "reasoningHints": "",
      "supportRefs": []
    }
  ],
  "contextHypotheses": [],
  "packetDiagnostics": {
    "rawItemCount": 15,
    "acceptedConceptCount": 15,
    "duplicateOrRejectedCount": 0,
    "quarantinedCount": 0,
    "fieldCounts": {
      "audibleObservations": 5,
      "signatureRelations": 2,
      "styleCues": 2,
      "genreHypotheses": 2,
      "contextHypotheses": 0,
      "aestheticConcepts": 2,
      "impressions": 2
    }
  }
}
[Music Flamingo] END PACKET

Inference complete in 154.9s. Packet parsed: ['audibleObservations', 'signatureRelations', 'styleCues', 'uncertainties', 'genreHypotheses', 'aestheticConcepts', 'impressions', 'contextHypotheses', 'packetDiagnostics']
Running Flamingo forensic listening...
[Music Flamingo] input tokens=1001; generation budget=400
Inference cancelled: superseded during generation
Client already disconnected; 409 not delivered.
Running Flamingo structured deep-listening inference (first impression)...
[Music Flamingo] input tokens=803; generation budget=256
[Music Flamingo] NOTE: fewer items than the model sent: aestheticConcepts 2->1

[Music Flamingo] RAW MODEL RESPONSE (max 6000 chars)
{'audibleObservations': [{'id': 1, 'text': 'fast electronic rhythm', 'category': 'rhythm', 'confidence': 0.95}, {'id': 2, 'text': 'synth bassline', 'category': 'instrumentation', 'confidence': 0.95}, {'id': 3, 'text': 'repetitive electronic loop', 'category': 'arrangement', 'confidence': 0.95}], 'signatureRelations': [{'id': 1, 'text': 'loop-based structure', 'supportRefs': [1, 3], 'confidence': 0.85}, {'id': 2, 'text': 'minimalist production', 'supportRefs': [2], 'confidence': 0.75}], 'uncertainties': ['no clear genre cue', 'no vocal presence'], 'genreHypotheses': [{'label': 'electronic dance', 'confidence': 0.3}, {'label': 'experimental electronic', 'confidence': 0.2}], 'aestheticConcepts': [{'text': 'minimal electronic', 'confidence': 0.6, 'supportRefs': [1, 2, 3]}, {'text':
[Music Flamingo] SANITIZED PACKET SENT TO MUSIC SHOWER (max 6000 chars)
{
  "audibleObservations": [
    {
      "text": "fast electronic rhythm",
      "category": "rhythm",
      "confidence": 0.95,
      "reasoningHints": "",
      "id": "1"
    },
    {
      "text": "synth bassline",
      "category": "instrumentation",
      "confidence": 0.95,
      "reasoningHints": "",
      "id": "2"
    },
    {
      "text": "repetitive electronic loop",
      "category": "arrangement",
      "confidence": 0.95,
      "reasoningHints": "",
      "id": "3"
    }
  ],
  "signatureRelations": [
    {
      "text": "loop-based structure",
      "confidence": 0.85,
      "reasoningHints": "",
      "supportRefs": [
        "1",
        "3"
      ],
      "id": "1"
    },
    {
      "text": "minimalist production",
      "confidence": 0.75,
      "reasoningHints": "",
      "supportRefs": [
        "2"
      ],
      "id": "2"
    }
  ],
  "styleCues": [],
  "uncertainties": [
    "no clear genre cue",
    "no vocal presence"
  ],
  "genreHypotheses": [
    {
      "label": "electronic dance",
      "confidence": 0.3,
      "reasoningHints": "",
      "supportRefs": [],
      "id": "g1",
      "provisional": true
    },
    {
      "label": "experimental electronic",
      "confidence": 0.2,
      "reasoningHints": "",
      "supportRefs": [],
      "id": "g2",
      "provisional": true
    }
  ],
  "aestheticConcepts": [
    {
      "text": "minimal electronic",
      "confidence": 0.6,
      "reasoningHints": "",
      "supportRefs": [
        "1",
        "2",
        "3"
      ]
    }
  ],
  "impressions": [],
  "contextHypotheses": [],
  "packetDiagnostics": {
    "rawItemCount": 9,
    "acceptedConceptCount": 8,
    "duplicateOrRejectedCount": 1,
    "quarantinedCount": 0,
    "fieldCounts": {
      "audibleObservations": 3,
      "signatureRelations": 2,
      "styleCues": 0,
      "genreHypotheses": 2,
      "contextHypotheses": 0,
      "aestheticConcepts": 1,
      "impressions": 0
    }
  }
}
[Music Flamingo] END PACKET

Inference complete in 33.2s. Packet parsed: ['audibleObservations', 'signatureRelations', 'styleCues', 'uncertainties', 'genreHypotheses', 'aestheticConcepts', 'impressions', 'contextHypotheses', 'packetDiagnostics']
Running Flamingo forensic listening...
[Music Flamingo] input tokens=1001; generation budget=400
Inference cancelled: superseded during generation
Client already disconnected; 409 not delivered.
Running Flamingo structured deep-listening inference (first impression)...
[Music Flamingo] input tokens=803; generation budget=256

[Music Flamingo] RAW MODEL RESPONSE (max 6000 chars)
{'audibleObservations': [{'id': 1, 'text': 'fast electronic rhythm', 'category': 'rhythm', 'confidence': 0.95}, {'id': 2, 'text': 'bright synth melody', 'category': 'instrumentation', 'confidence': 0.95}, {'id': 3, 'text': 'energetic, playful', 'category': 'performance', 'confidence': 0.95}], 'signatureRelations': [{'id': 1, 'text': 'bright synth melody', 'supportRefs': ['bright synth melody', 'energetic, playful'], 'confidence': 0.95}], 'uncertainties': ['no clear genre label', 'no clear vocal style'], 'genreHypotheses': [{'label': 'electronic dance', 'confidence': 0.7}, {'label': 'chiptune', 'confidence': 0.3}], 'aestheticConcepts': [{'text': 'kawaii', 'confidence': 0.8, 'supportRefs': ['bright synth melody', 'energetic, playful']}, {'text': 'anime soundtrack', 'confidence': 0.6, 'supportRefs': ['bright synth melody', 'ener
[Music Flamingo] SANITIZED PACKET SENT TO MUSIC SHOWER (max 6000 chars)
{
  "audibleObservations": [
    {
      "text": "fast electronic rhythm",
      "category": "rhythm",
      "confidence": 0.95,
      "reasoningHints": "",
      "id": "1"
    },
    {
      "text": "bright synth melody",
      "category": "instrumentation",
      "confidence": 0.95,
      "reasoningHints": "",
      "id": "2"
    },
    {
      "text": "energetic playful",
      "category": "performance",
      "confidence": 0.95,
      "reasoningHints": "",
      "id": "3"
    }
  ],
  "signatureRelations": [
    {
      "text": "bright synth melody",
      "confidence": 0.95,
      "reasoningHints": "",
      "supportRefs": [
        "brightsynthmelody",
        "energeticplayful"
      ],
      "id": "1"
    }
  ],
  "styleCues": [],
  "uncertainties": [
    "no clear genre label",
    "no clear vocal style"
  ],
  "genreHypotheses": [
    {
      "label": "electronic dance",
      "confidence": 0.48,
      "reasoningHints": "",
      "supportRefs": [],
      "id": "g1",
      "provisional": true
    },
    {
      "label": "chiptune",
      "confidence": 0.3,
      "reasoningHints": "",
      "supportRefs": [],
      "id": "g2",
      "provisional": true
    }
  ],
  "aestheticConcepts": [
    {
      "text": "kawaii",
      "confidence": 0.8,
      "reasoningHints": "",
      "supportRefs": [
        "brightsynthmelody",
        "energeticplayful"
      ]
    },
    {
      "text": "anime soundtrack",
      "confidence": 0.6,
      "reasoningHints": "",
      "supportRefs": [
        "brightsynthmelody"
      ]
    }
  ],
  "impressions": [],
  "contextHypotheses": [],
  "packetDiagnostics": {
    "rawItemCount": 8,
    "acceptedConceptCount": 8,
    "duplicateOrRejectedCount": 0,
    "quarantinedCount": 0,
    "fieldCounts": {
      "audibleObservations": 3,
      "signatureRelations": 1,
      "styleCues": 0,
      "genreHypotheses": 2,
      "contextHypotheses": 0,
      "aestheticConcepts": 2,
      "impressions": 0
    }
  }
}
[Music Flamingo] END PACKET

Inference complete in 31.2s. Packet parsed: ['audibleObservations', 'signatureRelations', 'styleCues', 'uncertainties', 'genreHypotheses', 'aestheticConcepts', 'impressions', 'contextHypotheses', 'packetDiagnostics']
Running Flamingo forensic listening...
[Music Flamingo] input tokens=1001; generation budget=400
[Music Flamingo] stopped a repeating generation after 144 tokens
[Music Flamingo] FORENSIC RESPONSE (17.7s)
1. Yes, the track uses a pre-existing vocal sample. The most prominent example is the repeated phrase “Hey, maybe I like you, you make me go, oh, oh, oh, oh, oh, oh, oh, oh, oh, oh, oh, oh, oh, oh, oh, oh, oh, oh, oh, oh, oh, oh, oh, oh, oh, oh, oh, oh, oh, oh, oh, oh, oh, oh, oh, oh, oh, oh, oh, oh, oh, oh, oh, oh, oh, oh, oh, oh, oh, oh, oh, oh, oh, oh, oh,
[Music Flamingo] FORENSIC ANSWERS [{"key": "sampled", "answer": "yes", "cue": "the track uses a pre-existing vocal sample. The most prominent example is the repeated phrase “Hey, maybe I like you, you make me go, oh, oh, oh, oh, oh, oh"}]
Running Flamingo structured deep-listening inference...
[Music Flamingo] input tokens=2089; generation budget=1024
Inference cancelled: superseded during generation
Client already disconnected; 409 not delivered.
Running Flamingo structured deep-listening inference (first impression)...
[Music Flamingo] input tokens=803; generation budget=256

[Music Flamingo] RAW MODEL RESPONSE (max 6000 chars)
{'audibleObservations': [{'id': 1, 'text': 'driving electronic beat', 'category': 'rhythm', 'confidence': 0.95}, {'id': 2, 'text': 'bright synth melody', 'category': 'instrumentation', 'confidence': 0.95}, {'id': 3, 'text': 'energetic, uplifting', 'category': 'performance', 'confidence': 0.95}], 'signatureRelations': [{'id': 1, 'text': 'beat-driven dance track', 'supportRefs': ['driving electronic beat', 'bright synth melody'], 'confidence': 0.85}], 'uncertainties': ['no clear genre label', 'no vocal presence'], 'genreHypotheses': [{'label': 'electronic dance', 'confidence': 0.65, 'supportRefs': ['driving electronic beat', 'bright synth melody']}, {'label': 'pop electronic', 'confidence': 0.35, 'supportRefs': ['energetic, uplifting']}, {'label': 'dance pop', 'confidence': 0.35, 'supportRefs': ['driving electronic beat', 'bright synth melody', 'energetic
[Music Flamingo] SANITIZED PACKET SENT TO MUSIC SHOWER (max 6000 chars)
{
  "audibleObservations": [
    {
      "text": "driving electronic beat",
      "category": "rhythm",
      "confidence": 0.95,
      "reasoningHints": "",
      "id": "1"
    },
    {
      "text": "bright synth melody",
      "category": "instrumentation",
      "confidence": 0.95,
      "reasoningHints": "",
      "id": "2"
    },
    {
      "text": "energetic uplifting",
      "category": "performance",
      "confidence": 0.95,
      "reasoningHints": "",
      "id": "3"
    }
  ],
  "signatureRelations": [
    {
      "text": "beat-driven dance track",
      "confidence": 0.85,
      "reasoningHints": "",
      "supportRefs": [
        "drivingelectronicbeat",
        "brightsynthmelody"
      ],
      "id": "1"
    }
  ],
  "styleCues": [],
  "uncertainties": [
    "no clear genre label",
    "no vocal presence"
  ],
  "genreHypotheses": [
    {
      "label": "electronic dance",
      "confidence": 0.48,
      "reasoningHints": "",
      "supportRefs": [
        "drivingelectronicbeat",
        "brightsynthmelody"
      ],
      "id": "g1",
      "provisional": true
    },
    {
      "label": "pop electronic",
      "confidence": 0.35,
      "reasoningHints": "",
      "supportRefs": [
        "energeticuplifting"
      ],
      "id": "g2",
      "provisional": true
    },
    {
      "label": "dance pop",
      "confidence": 0.35,
      "reasoningHints": "",
      "supportRefs": [
        "drivingelectronicbeat",
        "brightsynthmelody"
      ],
      "id": "g3",
      "provisional": true
    }
  ],
  "aestheticConcepts": [],
  "impressions": [],
  "contextHypotheses": [],
  "packetDiagnostics": {
    "rawItemCount": 7,
    "acceptedConceptCount": 7,
    "duplicateOrRejectedCount": 0,
    "quarantinedCount": 0,
    "fieldCounts": {
      "audibleObservations": 3,
      "signatureRelations": 1,
      "styleCues": 0,
      "genreHypotheses": 3,
      "contextHypotheses": 0,
      "aestheticConcepts": 0,
      "impressions": 0
    }
  }
}
[Music Flamingo] END PACKET

Inference complete in 32.8s. Packet parsed: ['audibleObservations', 'signatureRelations', 'styleCues', 'uncertainties', 'genreHypotheses', 'aestheticConcepts', 'impressions', 'contextHypotheses', 'packetDiagnostics']
Running Flamingo forensic listening...
[Music Flamingo] input tokens=1001; generation budget=400
[Music Flamingo] FORENSIC RESPONSE (25.5s)
1. Yes, the track is built around a prominent, repetitive vocal sample that is clearly taken from a pre-existing recording. The sample is looped throughout the piece and forms the main melodic hook.
2. Yes, there are vocals. They are in Japanese and are heavily processed: pitch‑shifted, time‑stretched, and chopped, giving them a robotic, glitch‑like timbre. The processing is extreme, turning the voice into a rhythmic and melodic element rather than a natural performance.
3. Yes, the main vocal sample repeats identically as a loop, forming the core of the track’s structure.
4. The main loop is heavily compressed and side‑chained to the kick drum, creating a pumping effect. The overall mix is bright and digital, with a clean, high‑resolution sound that emphasizes the synthetic elements.
5. The source material of the vocal sample sounds like it is from an older, lo‑fi or vintage recording, suggesting a retro or sample‑based aesthetic, while the surrounding production is modern and digital.
[Music Flamingo] FORENSIC ANSWERS [{"key": "sampled", "answer": "yes", "cue": "the track is built around a prominent, repetitive vocal sample that is clearly taken from a pre-existing recording. The sample is looped throughout the piece"}, {"key": "vocals", "answer": "yes", "cue": "there are vocals. They are in Japanese and are heavily processed: pitch‑shifted, time‑stretched, and chopped, giving them a robotic, glitch‑like timbre. The"}, {"key": "loop", "answer": "yes", "cue": "the main vocal sample repeats identically as a loop, forming the core of the track’s structure."}, {"key": "processing", "answer": "unsure", "cue": "The main loop is heavily compressed and side‑chained to the kick drum, creating a pumping effect. The overall mix is bright and digital, with a clean"}, {"key": "sourcePeriod", "answer": "unsure", "cue": "The source material of the vocal sample sounds like it is from an older, lo‑fi or vintage recording, suggesting a retro or sample‑based aesthetic, while the"}]
Running Flamingo structured deep-listening inference...
[Music Flamingo] input tokens=2089; generation budget=1024

[Music Flamingo] RAW MODEL RESPONSE (max 6000 chars)
{"audibleObservations": [{"id": 1, "text": "steady 4/4 pulse", "category": "rhythm", "confidence": 0.9, "reasoning": "clear kick on each downbeat, snare on 2 and 4, hi-hats in 16th‑note subdivisions"}, {"id": 2, "text": "synth bass with side‑chain compression", "category": "instrumentation", "confidence": 0.8, "reasoning": "bass synth follows kick, ducking volume with each kick, creating a pumping feel"}, {"id": 3, "text": "bright synth lead melody", "category": "instrumentation", "confidence": 0.8, "reasoning": "lead synth plays a simple, repetitive melodic hook that sits above the bass and drums"}, {"id": 4, "text": "minimal harmonic movement", "category": "harmony", "confidence": 0.6, "reasoning": "chord changes are sparse, often staying on a single root note or simple two‑chord loop"}, {"id": 5, "text": "clean, digital production", "category": "production", "confidence": 0.7, "reasoning": "clear separation of elements, wide stereo imaging, subtle reverb on synths, tight low‑end control"}], "signatureRelations": [{"id": 1, "text": "kick‑snare‑hi‑hat pattern", "supportRefs": [1], "confidence": 0.8, "reasoning": "classic 4/4 dance rhythm with a strong backbeat"}, {"id": 2, "text": "bass‑lead interplay", "supportRefs": [2, 3], "confidence": 0.7, "reasoning": "bass synth ducks under the lead synth, creating a dynamic push‑pull"}], "styleCues": [{"id": 1, "text": "electronic drum kit", "confidence": 0.8, "supportRefs": [1]}, {"id": 2, "text": "synth bass with side‑chain", "confidence": 0.7, "supportRefs": [2]}, {"id": 3, "text": "bright lead synth", "confidence": 0.6, "supportRefs": [3]}, {"id": 4, "text": "minimal chord changes", "confidence": 0.5, "supportRefs": [4]}], "uncertainties": ["no vocal presence", "no explicit genre cue"], "genreHypotheses": [{"label": "electronic dance music", "confidence": 0.6, "supportRefs": [1, 2, 3, 4]}, {"label": "minimal techno", "confidence": 0.4, "supportRefs": [1, 2, 4]}], "aestheticConcepts": [{"text": "bright and energetic", "confidence": 0.8, "supportRefs": [3]}, {"text": "clean and polished", "confidence": 0.7, "supportRefs": [4]}], "impressions": [{"text": "upbeat and driving", "confidence": 0.6, "supportRefs": [1, 2, 3]}, {"text": "modern club vibe", "confidence": 0.5, "supportRefs": [1, 2, 4]}], "contextHypotheses": [{"text": "contemporary electronic dance scene", "category": "scene", "confidence": 0.7, "supportRefs": [1, 2, 3, 4]}, {"text": "late‑2010s to early‑2020s club production", "category": "era", "confidence": 0.5, "supportRefs": [1, 2, 4]}]
[Music Flamingo] SANITIZED PACKET SENT TO MUSIC SHOWER (max 6000 chars)
{
  "audibleObservations": [
    {
      "text": "steady 4/4 pulse",
      "category": "rhythm",
      "confidence": 0.9,
      "reasoningHints": "clear kick on each downbeat snare on 2 and 4 hi-hats in 16th‑note",
      "id": "1"
    },
    {
      "text": "synth bass with side‑chain compression",
      "category": "instrumentation",
      "confidence": 0.8,
      "reasoningHints": "bass synth follows kick ducking volume with each kick creating a pumping",
      "id": "2"
    },
    {
      "text": "minimal harmonic movement",
      "category": "arrangement",
      "confidence": 0.6,
      "reasoningHints": "chord changes are sparse often staying on a single root note or simple",
      "sourceCategory": "harmony",
      "id": "4"
    },
    {
      "text": "clean digital production",
      "category": "production",
      "confidence": 0.7,
      "reasoningHints": "clear separation of elements wide stereo imaging subtle reverb on synths",
      "id": "5"
    },
    {
      "text": "bright synth lead melody",
      "category": "instrumentation",
      "confidence": 0.8,
      "reasoningHints": "lead synth plays a simple repetitive melodic hook that sits above the",
      "id": "3"
    }
  ],
  "signatureRelations": [
    {
      "text": "kick‑snare‑hi‑hat pattern",
      "confidence": 0.8,
      "reasoningHints": "classic 4/4 dance rhythm with a strong backbeat",
      "supportRefs": [
        "1"
      ],
      "id": "1"
    },
    {
      "text": "bass‑lead interplay",
      "confidence": 0.7,
      "reasoningHints": "bass synth ducks under the lead synth creating a dynamic push‑pull",
      "supportRefs": [
        "2",
        "3"
      ],
      "id": "2"
    }
  ],
  "styleCues": [
    {
      "text": "electronic drum kit",
      "confidence": 0.8,
      "reasoningHints": "",
      "supportRefs": [
        "1"
      ],
      "id": "1"
    },
    {
      "text": "synth bass with side‑chain",
      "confidence": 0.7,
      "reasoningHints": "",
      "supportRefs": [
        "2"
      ],
      "id": "2"
    },
    {
      "text": "bright lead synth",
      "confidence": 0.6,
      "reasoningHints": "",
      "supportRefs": [
        "3"
      ],
      "id": "3"
    },
    {
      "text": "minimal chord changes",
      "confidence": 0.5,
      "reasoningHints": "",
      "supportRefs": [
        "4"
      ],
      "id": "4"
    }
  ],
  "uncertainties": [
    "no vocal presence",
    "no explicit genre cue"
  ],
  "genreHypotheses": [
    {
      "label": "electronic dance music",
      "confidence": 0.6,
      "reasoningHints": "",
      "supportRefs": [
        "1",
        "2",
        "3",
        "4"
      ],
      "id": "g1"
    },
    {
      "label": "minimal techno",
      "confidence": 0.4,
      "reasoningHints": "",
      "supportRefs": [
        "1",
        "2",
        "4"
      ],
      "id": "g2"
    }
  ],
  "aestheticConcepts": [
    {
      "text": "bright and energetic",
      "confidence": 0.8,
      "reasoningHints": "",
      "supportRefs": [
        "3"
      ]
    },
    {
      "text": "clean and polished",
      "confidence": 0.7,
      "reasoningHints": "",
      "supportRefs": [
        "4"
      ]
    }
  ],
  "impressions": [
    {
      "text": "upbeat and driving",
      "confidence": 0.6,
      "reasoningHints": "",
      "supportRefs": [
        "1",
        "2",
        "3"
      ]
    },
    {
      "text": "modern club vibe",
      "confidence": 0.5,
      "reasoningHints": "",
      "supportRefs": [
        "1",
        "2",
        "4"
      ]
    }
  ],
  "contextHypotheses": [
    {
      "text": "contemporary electronic dance scene",
      "category": "scene",
      "confidence": 0.7,
      "reasoningHints": "",
      "supportRefs": [
        "1",
        "2",
        "3",
        "4"
      ]
    },
    {
      "text": "late‑2010s to early‑2020s club production",
      "category": "era",
      "confidence": 0.5,
      "reasoningHints": "",
      "supportRefs": [
        "1",
        "2",
        "4"
      ]
    }
  ],
  "packetDiagnostics": {
    "rawItemCount": 19,
    "acceptedConceptCount": 19,
    "duplicateOrRejectedCount": 0,
    "quarantinedCount": 0,
    "fieldCounts": {
      "audibleObservations": 5,
      "signatureRelations": 2,
      "styleCues": 4,
      "genreHypotheses": 2,
      "contextHypotheses": 2,
      "aestheticConcepts": 2,
      "impressions": 2
    }
  }
}
[Music Flamingo] END PACKET

Inference complete in 93.0s. Packet parsed: ['audibleObservations', 'signatureRelations', 'styleCues', 'uncertainties', 'genreHypotheses', 'aestheticConcepts', 'impressions', 'contextHypotheses', 'packetDiagnostics']
Running Flamingo forensic listening...
[Music Flamingo] input tokens=1001; generation budget=400
[Music Flamingo] FORENSIC RESPONSE (24.0s)
1. Yes, the track is built around a prominent, repetitive vocal sample that is clearly taken from a pre-existing recording. The sample is looped throughout the piece, forming the core melodic and rhythmic material.
2. No, there are no vocals in the track. The only vocal element is the sampled phrase, which is not performed or processed as a vocal line.
3. Yes, the main loop repeats identically as a loop, with the same phrase looping continuously from the start of the track.
4. The production is heavily processed: the sample is filtered, pitch‑shifted, and time‑stretched, giving it a lo‑fi, distorted texture. The overall mix is loud and compressed, with a wide stereo image that emphasizes the looped material.
5. The source material of the sample sounds like it is from an older recording, likely from the 1980s or 1990s, while the surrounding production is contemporary, using modern digital processing to create a lo‑fi aesthetic.
[Music Flamingo] FORENSIC ANSWERS [{"key": "sampled", "answer": "yes", "cue": "the track is built around a prominent, repetitive vocal sample that is clearly taken from a pre-existing recording. The sample is looped throughout the piece"}, {"key": "vocals", "answer": "no", "cue": "there are no vocals in the track. The only vocal element is the sampled phrase, which is not performed or processed as a vocal line."}, {"key": "loop", "answer": "yes", "cue": "the main loop repeats identically as a loop, with the same phrase looping continuously from the start of the track."}, {"key": "processing", "answer": "unsure", "cue": "The production is heavily processed: the sample is filtered, pitch‑shifted, and time‑stretched, giving it a lo‑fi, distorted texture. The overall mix is loud"}, {"key": "sourcePeriod", "answer": "unsure", "cue": "The source material of the sample sounds like it is from an older recording, likely from the 1980s or 1990s, while the surrounding production is contemporary"}]
Running Flamingo structured deep-listening inference...
[Music Flamingo] input tokens=2090; generation budget=1024
Inference cancelled: superseded during generation
Client already disconnected; 409 not delivered.
Running Flamingo structured deep-listening inference (first impression)...
[Music Flamingo] input tokens=803; generation budget=256

[Music Flamingo] RAW MODEL RESPONSE (max 6000 chars)
{'audibleObservations': [{'id': 1, 'text': 'driving electronic rhythm', 'category': 'rhythm', 'confidence': 0.95}, {'id': 2, 'text': 'synth bassline', 'category': 'instrumentation', 'confidence': 0.95}, {'id': 3, 'text': 'repetitive melodic loop', 'category': 'arrangement', 'confidence': 0.95}], 'signatureRelations': [{'id': 1, 'text': 'loop-based structure', 'supportRefs': [1, 2, 3], 'confidence': 0.85}], 'uncertainties': ['no clear genre cue', 'no vocal presence'], 'genreHypotheses': [{'label': 'electronic dance', 'confidence': 0.65, 'supportRefs': [1, 2, 3]}, {'label': 'minimal techno', 'confidence': 0.45, 'supportRefs': [1, 2, 3]}], 'aestheticConcepts': [{'text': 'hypnotic loop', 'confidence': 0.7, 'supportRefs': [1, 2,
[Music Flamingo] SANITIZED PACKET SENT TO MUSIC SHOWER (max 6000 chars)
{
  "audibleObservations": [
    {
      "text": "driving electronic rhythm",
      "category": "rhythm",
      "confidence": 0.95,
      "reasoningHints": "",
      "id": "1"
    },
    {
      "text": "synth bassline",
      "category": "instrumentation",
      "confidence": 0.95,
      "reasoningHints": "",
      "id": "2"
    },
    {
      "text": "repetitive melodic loop",
      "category": "arrangement",
      "confidence": 0.95,
      "reasoningHints": "",
      "id": "3"
    }
  ],
  "signatureRelations": [
    {
      "text": "loop-based structure",
      "confidence": 0.85,
      "reasoningHints": "",
      "supportRefs": [
        "1",
        "2",
        "3"
      ],
      "id": "1"
    }
  ],
  "styleCues": [],
  "uncertainties": [
    "no clear genre cue",
    "no vocal presence"
  ],
  "genreHypotheses": [
    {
      "label": "electronic dance",
      "confidence": 0.48,
      "reasoningHints": "",
      "supportRefs": [
        "1",
        "2",
        "3"
      ],
      "id": "g1",
      "provisional": true
    },
    {
      "label": "minimal techno",
      "confidence": 0.45,
      "reasoningHints": "",
      "supportRefs": [
        "1",
        "2",
        "3"
      ],
      "id": "g2",
      "provisional": true
    }
  ],
  "aestheticConcepts": [
    {
      "text": "hypnotic loop",
      "confidence": 0.62,
      "reasoningHints": "",
      "supportRefs": []
    }
  ],
  "impressions": [],
  "contextHypotheses": [],
  "packetDiagnostics": {
    "rawItemCount": 7,
    "acceptedConceptCount": 7,
    "duplicateOrRejectedCount": 0,
    "quarantinedCount": 0,
    "fieldCounts": {
      "audibleObservations": 3,
      "signatureRelations": 1,
      "styleCues": 0,
      "genreHypotheses": 2,
      "contextHypotheses": 0,
      "aestheticConcepts": 1,
      "impressions": 0
    }
  }
}
[Music Flamingo] END PACKET

Inference complete in 33.5s. Packet parsed: ['audibleObservations', 'signatureRelations', 'styleCues', 'uncertainties', 'genreHypotheses', 'aestheticConcepts', 'impressions', 'contextHypotheses', 'packetDiagnostics']
Running Flamingo forensic listening...
[Music Flamingo] input tokens=1001; generation budget=400
[Music Flamingo] FORENSIC RESPONSE (19.7s)
1. The main loop is taken from a pre-existing recording, likely a sample or loop, as it sounds like a repeated melodic fragment rather than a live performance.
2. Yes, there are vocals. They are in Japanese, pitch‑shifted, time‑stretched, and chopped, giving them a robotic, glitch‑like quality.
3. A short melodic phrase repeats identically as a loop throughout the track.
4. The main loop is heavily filtered and side‑chained to the kick drum, creating a pumping effect.
5. The source material appears to be from the 1980s, as indicated by the vintage synth timbres and lo‑fi aesthetic, while the surrounding production is modern.
[Music Flamingo] FORENSIC ANSWERS [{"key": "sampled", "answer": "yes", "cue": "The main loop is taken from a pre-existing recording, likely a sample or loop, as it sounds like a repeated melodic fragment rather than a live performance.", "inferred": true}, {"key": "vocals", "answer": "yes", "cue": "there are vocals. They are in Japanese, pitch‑shifted, time‑stretched, and chopped, giving them a robotic, glitch‑like quality."}, {"key": "loop", "answer": "yes", "cue": "A short melodic phrase repeats identically as a loop throughout the track.", "inferred": true}, {"key": "processing", "answer": "unsure", "cue": "The main loop is heavily filtered and side‑chained to the kick drum, creating a pumping effect."}, {"key": "sourcePeriod", "answer": "unsure", "cue": "The source material appears to be from the 1980s, as indicated by the vintage synth timbres and lo‑fi aesthetic, while the surrounding production is modern."}]
Running Flamingo structured deep-listening inference...
[Music Flamingo] input tokens=2089; generation budget=1024

[Music Flamingo] RAW MODEL RESPONSE (max 6000 chars)
{'audibleObservations': [{'id': 1, 'text': 'steady 4/4 pulse', 'category': 'rhythm', 'confidence': 0.9, 'reasoning': 'clear kick on every downbeat, snare on 2 and 4, hi-hats in 16th‑note subdivisions.'}, {'id': 2, 'text': 'synth bass with side‑chain compression', 'category': 'instrumentation', 'confidence': 0.8, 'reasoning': 'bass synth follows kick, ducking volume to create pumping effect.'}, {'id': 3, 'text': 'bright synth lead melody', 'category': 'instrumentation', 'confidence': 0.8, 'reasoning': 'lead synth plays a simple, repetitive melodic hook that sits above the bass.'}, {'id': 4, 'text': 'minimal drum programming', 'category': 'instrumentation', 'confidence': 0.7, 'reasoning': 'kick, snare, and hi‑hat are the only percussive elements, with no additional percussion or fills.'}, {'id': 5, 'text': 'clean, polished production', 'category': 'production', 'confidence': 0.9, 'reasoning': 'clear separation of elements, balanced stereo field, and subtle reverb on synths.'}], 'signatureRelations': [{'id': 1, 'text': 'bass and kick lock in side‑chain pattern', 'supportRefs': [2, 3], 'confidence': 0.8, 'reasoning': 'the bass synth ducks under the kick, creating a classic EDM side‑chain effect.'}, {'id': 2, 'text': 'lead synth repeats over static harmony', 'supportRefs': [3], 'confidence': 0.7, 'reasoning': 'the lead melody loops over a static chord, reinforcing a hypnotic, trance‑like feel.'}], 'styleCues': [{'id': 1, 'text': 'electronic dance music', 'confidence': 0.6, 'supportRefs': [1, 2, 3, 4, 5], 'reasoning': 'steady 4/4 beat, side‑chain bass, and a simple synth hook are hallmark traits of EDM.'}, {'id': 2, 'text': 'minimalist production', 'confidence': 0.5, 'supportRefs': [4], 'reasoning': 'the arrangement is sparse, focusing on rhythm and a single melodic line, typical of minimal techno or deep house.'}], 'uncertainties': ['no vocal presence', 'no chord progression information'], 'genreHypotheses': [{'label': 'EDM', 'confidence': 0.8, 'supportRefs': [1, 2, 3, 4, 5], 'reasoning': 'steady 4/4 beat, side‑chain bass, and a simple synth hook are hallmark traits of EDM.'}, {'label': 'minimal techno', 'confidence': 0.4, 'supportRefs': [4], 'reasoning': 'the arrangement is sparse, focusing on rhythm and a single melodic line, typical of minimal techno or deep house.'}], 'aestheticConcepts': [{'text': 'hypnotic', 'confidence': 0.7, 'supportRefs': [3], 'reasoning': 'the repetitive synth hook and steady pulse create a trance‑like, immersive atmosphere.'}, {'text': 'clean', 'confidence': 0.8, 'supportRefs': [5], 'reasoning': 'the mix is clear and balanced, with each element occupying its own space in the stereo field.'}], 'impressions': [{'text': 'energetic yet restrained', 'confidence': 0.6, 'supportRefs': [1, 2, 3, 4, 5], 'reasoning': 'the track maintains a consistent energy level without aggressive drops or heavy distortion.'}], 'contextHypotheses': [{'text': 'contemporary club setting', 'category': 'scene', 'confidence': 0.5, 'supportRefs': [1, 2, 3, 4, 5], 'reasoning': 'the steady beat and minimal arrangement are suited for dancefloor environments where DJs layer tracks.'}, {'text': 'late‑2010s electronic production style', 'category': 'era', 'confidence': 0.4, 'supportRefs': [1, 2, 3, 4, 5], 'reasoning': 'the clean, polished production and side‑chain technique are characteristic of EDM releases from the late 2010s.'}], 'reasoning': 'The track is a short, loop‑based electronic dance music piece. It relies on a steady 4/4 pulse, a side‑chained
[Music Flamingo] SANITIZED PACKET SENT TO MUSIC SHOWER (max 6000 chars)
{
  "audibleObservations": [
    {
      "text": "steady 4/4 pulse",
      "category": "rhythm",
      "confidence": 0.9,
      "reasoningHints": "clear kick on every downbeat snare on 2 and 4 hi-hats in 16th‑note",
      "id": "1"
    },
    {
      "text": "synth bass with side‑chain compression",
      "category": "instrumentation",
      "confidence": 0.8,
      "reasoningHints": "bass synth follows kick ducking volume to create pumping effect.",
      "id": "2"
    },
    {
      "text": "clean polished production",
      "category": "production",
      "confidence": 0.9,
      "reasoningHints": "clear separation of elements balanced stereo field and subtle reverb on",
      "id": "5"
    },
    {
      "text": "bright synth lead melody",
      "category": "instrumentation",
      "confidence": 0.8,
      "reasoningHints": "lead synth plays a simple repetitive melodic hook that sits above the",
      "id": "3"
    },
    {
      "text": "minimal drum programming",
      "category": "instrumentation",
      "confidence": 0.7,
      "reasoningHints": "kick snare and hi‑hat are the only percussive elements with no",
      "id": "4"
    }
  ],
  "signatureRelations": [
    {
      "text": "bass and kick lock in side‑chain pattern",
      "confidence": 0.8,
      "reasoningHints": "the bass synth ducks under the kick creating a classic EDM side‑chain",
      "supportRefs": [
        "2",
        "3"
      ],
      "id": "1"
    },
    {
      "text": "lead synth repeats over static harmony",
      "confidence": 0.7,
      "reasoningHints": "the lead melody loops over a static chord reinforcing a hypnotic",
      "supportRefs": [
        "3"
      ],
      "id": "2"
    }
  ],
  "styleCues": [
    {
      "text": "electronic dance music",
      "confidence": 0.6,
      "reasoningHints": "steady 4/4 beat side‑chain bass and a simple synth hook are hallmark",
      "supportRefs": [
        "1",
        "2",
        "3",
        "4",
        "5"
      ],
      "id": "1"
    },
    {
      "text": "minimalist production",
      "confidence": 0.5,
      "reasoningHints": "the arrangement is sparse focusing on rhythm and a single melodic line",
      "supportRefs": [
        "4"
      ],
      "id": "2"
    }
  ],
  "uncertainties": [
    "no vocal presence",
    "no chord progression information"
  ],
  "genreHypotheses": [
    {
      "label": "EDM",
      "confidence": 0.8,
      "reasoningHints": "steady 4/4 beat side‑chain bass and a simple synth hook are hallmark",
      "supportRefs": [
        "1",
        "2",
        "3",
        "4",
        "5"
      ],
      "id": "g1"
    },
    {
      "label": "minimal techno",
      "confidence": 0.4,
      "reasoningHints": "the arrangement is sparse focusing on rhythm and a single melodic line",
      "supportRefs": [
        "4"
      ],
      "id": "g2"
    }
  ],
  "aestheticConcepts": [
    {
      "text": "hypnotic",
      "confidence": 0.7,
      "reasoningHints": "the repetitive synth hook and steady pulse create a trance‑like",
      "supportRefs": [
        "3"
      ]
    },
    {
      "text": "clean",
      "confidence": 0.8,
      "reasoningHints": "the mix is clear and balanced with each element occupying its own space",
      "supportRefs": [
        "5"
      ]
    }
  ],
  "impressions": [
    {
      "text": "energetic yet restrained",
      "confidence": 0.6,
      "reasoningHints": "the track maintains a consistent energy level without aggressive drops",
      "supportRefs": [
        "1",
        "2",
        "3",
        "4",
        "5"
      ]
    }
  ],
  "contextHypotheses": [
    {
      "text": "contemporary club setting",
      "category": "scene",
      "confidence": 0.5,
      "reasoningHints": "the steady beat and minimal arrangement are suited for dancefloor",
      "supportRefs": [
        "1",
        "2",
        "3",
        "4",
        "5"
      ]
    },
    {
      "text": "late‑2010s electronic production style",
      "category": "era",
      "confidence": 0.4,
      "reasoningHints": "the clean polished production and side‑chain technique are",
      "supportRefs": [
        "1",
        "2",
        "3",
        "4",
        "5"
      ]
    }
  ],
  "packetDiagnostics": {
    "rawItemCount": 16,
    "acceptedConceptCount": 16,
    "duplicateOrRejectedCount": 0,
    "quarantinedCount": 0,
    "fieldCounts": {
      "audibleObservations": 5,
      "signatureRelations": 2,
      "styleCues": 2,
      "genreHypotheses": 2,
      "contextHypotheses": 2,
      "aestheticConcepts": 2,
      "impressions": 1
    }
  }
}
[Music Flamingo] END PACKET

Inference complete in 129.9s. Packet parsed: ['audibleObservations', 'signatureRelations', 'styleCues', 'uncertainties', 'genreHypotheses', 'aestheticConcepts', 'impressions', 'contextHypotheses', 'packetDiagnostics']
Running Flamingo forensic listening...
[Music Flamingo] input tokens=1001; generation budget=400
[Music Flamingo] FORENSIC RESPONSE (36.0s)
1. The track is built around a prominent, repetitive electronic loop that sounds like a sampled or looped synth or drum pattern, giving it a slightly lo‑fi, vintage feel. This loop is the main rhythmic and harmonic foundation and is clearly taken from a pre‑existing recording rather than being performed or programmed from scratch.
2. There are no vocals in the track. The only vocal‑like elements are brief, heavily processed snippets that appear as short, chopped samples used for texture rather than lyrical content. These snippets are pitch‑shifted and time‑stretched, giving them a robotic, glitchy character, but they do not form a coherent vocal line or language.
3. The main loop repeats identically throughout the piece, creating a hypnotic, loop‑based structure. A short vocal‑like sample is also looped in a repetitive fashion, reinforcing the track’s minimalist, loop‑centric design.
4. The main loop is filtered and slightly saturated, with a subtle bit‑crushing effect that adds a gritty, lo‑fi texture. The overall mix is compressed to keep the loop tight and present, while the stereo field is wide, giving the track an expansive, immersive feel.
5. The source material for the loop sounds like it originates from an older, analog‑style synth or drum machine, suggesting a 1980s‑era aesthetic. The production around it is more modern, with clean digital processing and a polished mix, indicating a blend of retro sampling with contemporary electronic production techniques.
[Music Flamingo] FORENSIC ANSWERS [{"key": "sampled", "answer": "yes", "cue": "The track is built around a prominent, repetitive electronic loop that sounds like a sampled or looped synth or drum pattern, giving it a slightly lo‑fi", "inferred": true}, {"key": "vocals", "answer": "unsure", "cue": "There are no vocals in the track. The only vocal‑like elements are brief, heavily processed snippets that appear as short, chopped samples used for texture"}, {"key": "loop", "answer": "yes", "cue": "The main loop repeats identically throughout the piece, creating a hypnotic, loop‑based structure. A short vocal‑like sample is also looped in a repetitive", "inferred": true}, {"key": "processing", "answer": "unsure", "cue": "The main loop is filtered and slightly saturated, with a subtle bit‑crushing effect that adds a gritty, lo‑fi texture. The overall mix is compressed to keep the"}, {"key": "sourcePeriod", "answer": "unsure", "cue": "The source material for the loop sounds like it originates from an older, analog‑style synth or drum machine, suggesting a 1980s‑era aesthetic. The production"}]
Running Flamingo structured deep-listening inference...
[Music Flamingo] input tokens=2090; generation budget=1024

[Music Flamingo] RAW MODEL RESPONSE (max 6000 chars)
{'audibleObservations': [{'id': 1, 'text': 'steady 4/4 pulse', 'category': 'rhythm', 'confidence': 0.95, 'reasoning': 'clear kick on every downbeat, snare on 2 and 4, hi-hats in 16th‑note subdivisions.'}, {'id': 2, 'text': 'synth bass with side‑chain compression', 'category': 'instrumentation', 'confidence': 0.9, 'reasoning': 'bass line follows root notes, ducking under the kick for a pumping feel.'}, {'id': 3, 'text': 'bright synth lead melody', 'category': 'instrumentation', 'confidence': 0.9, 'reasoning': 'lead synth plays a catchy, repetitive hook that sits above the chord pads.'}, {'id': 4, 'text': 'drum machine with electronic timbres', 'category': 'instrumentation', 'confidence': 0.9, 'reasoning': 'kick, snare, and hi‑hat sounds are all synthesized, not acoustic.'}, {'id': 5, 'text': 'reverb‑treated vocal samples', 'category': 'vocal', 'confidence': 0.8, 'reasoning': 'vocals are short, processed snippets with noticeable reverb and delay, not a full lead performance.'}], 'signatureRelations': [{'id': 1, 'text': 'bass and drums lock in a tight groove', 'supportRefs': [1, 2], 'confidence': 0.8, 'reasoning': 'the bass follows the kick, creating a solid rhythmic foundation.'}, {'id': 2, 'text': 'lead synth and vocal samples interact in call‑and‑response', 'supportRefs': [3, 5], 'confidence': 0.7, 'reasoning': 'the synth melody repeats while vocal snippets punctuate it, giving a conversational feel.'}], 'styleCues': [{'id': 1, 'text': 'electronic drum machine', 'confidence': 0.8, 'supportRefs': [4]}, {'id': 2, 'text': 'synth bass with side‑chain pumping', 'confidence': 0.7, 'supportRefs': [2]}, {'id': 3, 'text': 'bright, digital lead synth', 'confidence': 0.6, 'supportRefs': [3]}, {'id': 4, 'text': 'reverb‑heavy vocal samples', 'confidence': 0.5, 'supportRefs': [5]}], 'uncertainties': ['instrumentation ambiguity', 'vocal sample source'], 'genreHypotheses': [{'label': 'electronic dance music', 'confidence': 0.8, 'supportRefs': [1, 2, 3, 4, 5]}, {'label': 'synth‑pop', 'confidence': 0.6, 'supportRefs': [1, 2, 3, 4, 5]}], 'aestheticConcepts': [{'text': 'bright, digital', 'confidence': 0.7, 'supportRefs': [3, 4]}, {'text': 'repetitive, club‑ready', 'confidence': 0.6, 'supportRefs': [1, 2, 5]}], 'impressions': [{'text': 'energetic, forward‑moving', 'confidence': 0.8, 'supportRefs': [1, 2, 3, 4, 5]}], 'contextHypotheses': [{'text': 'modern club track', 'category': 'scene', 'confidence': 0.7, 'supportRefs': [1, 2, 3, 4, 5]}, {'text': 'late‑2010s electronic pop', 'category': 'era', 'confidence': 0.5, 'supportRefs': [1, 2, 3, 4, 5]}], 'reasoning': 'The track is built around a steady 4/4 electronic drum pattern and a side‑chained synth bass, typical of contemporary EDM and synth‑pop productions. The bright lead synth and reverb‑laden vocal samples create a polished, club‑oriented sound that aligns with the energetic, digital aesthetic of late‑2010s electronic pop.'}
[Music Flamingo] SANITIZED PACKET SENT TO MUSIC SHOWER (max 6000 chars)
{
  "audibleObservations": [
    {
      "text": "steady 4/4 pulse",
      "category": "rhythm",
      "confidence": 0.95,
      "reasoningHints": "clear kick on every downbeat snare on 2 and 4 hi-hats in 16th‑note",
      "id": "1"
    },
    {
      "text": "synth bass with side‑chain compression",
      "category": "instrumentation",
      "confidence": 0.9,
      "reasoningHints": "bass line follows root notes ducking under the kick for a pumping feel.",
      "id": "2"
    },
    {
      "text": "reverb‑treated vocal samples",
      "category": "performance",
      "confidence": 0.8,
      "reasoningHints": "vocals are short processed snippets with noticeable reverb and delay not",
      "sourceCategory": "vocal",
      "id": "5"
    },
    {
      "text": "bright synth lead melody",
      "category": "instrumentation",
      "confidence": 0.9,
      "reasoningHints": "lead synth plays a catchy repetitive hook that sits above the chord",
      "id": "3"
    },
    {
      "text": "drum machine with electronic timbres",
      "category": "instrumentation",
      "confidence": 0.9,
      "reasoningHints": "kick snare and hi‑hat sounds are all synthesized not acoustic.",
      "id": "4"
    }
  ],
  "signatureRelations": [
    {
      "text": "bass and drums lock in a tight groove",
      "confidence": 0.8,
      "reasoningHints": "the bass follows the kick creating a solid rhythmic foundation.",
      "supportRefs": [
        "1",
        "2"
      ],
      "id": "1"
    },
    {
      "text": "lead synth and vocal samples interact in call‑and‑response",
      "confidence": 0.7,
      "reasoningHints": "the synth melody repeats while vocal snippets punctuate it giving a",
      "supportRefs": [
        "3",
        "5"
      ],
      "id": "2"
    }
  ],
  "styleCues": [
    {
      "text": "electronic drum machine",
      "confidence": 0.8,
      "reasoningHints": "",
      "supportRefs": [
        "4"
      ],
      "id": "1"
    },
    {
      "text": "synth bass with side‑chain pumping",
      "confidence": 0.7,
      "reasoningHints": "",
      "supportRefs": [
        "2"
      ],
      "id": "2"
    },
    {
      "text": "bright digital lead synth",
      "confidence": 0.6,
      "reasoningHints": "",
      "supportRefs": [
        "3"
      ],
      "id": "3"
    },
    {
      "text": "reverb‑heavy vocal samples",
      "confidence": 0.5,
      "reasoningHints": "",
      "supportRefs": [
        "5"
      ],
      "id": "4"
    }
  ],
  "uncertainties": [
    "instrumentation ambiguity",
    "vocal sample source"
  ],
  "genreHypotheses": [
    {
      "label": "electronic dance music",
      "confidence": 0.8,
      "reasoningHints": "",
      "supportRefs": [
        "1",
        "2",
        "3",
        "4",
        "5"
      ],
      "id": "g1"
    },
    {
      "label": "synth‑pop",
      "confidence": 0.6,
      "reasoningHints": "",
      "supportRefs": [
        "1",
        "2",
        "3",
        "4",
        "5"
      ],
      "id": "g2"
    }
  ],
  "aestheticConcepts": [
    {
      "text": "bright digital",
      "confidence": 0.7,
      "reasoningHints": "",
      "supportRefs": [
        "3",
        "4"
      ]
    },
    {
      "text": "repetitive club‑ready",
      "confidence": 0.6,
      "reasoningHints": "",
      "supportRefs": [
        "1",
        "2",
        "5"
      ]
    }
  ],
  "impressions": [
    {
      "text": "energetic forward‑moving",
      "confidence": 0.8,
      "reasoningHints": "",
      "supportRefs": [
        "1",
        "2",
        "3",
        "4",
        "5"
      ]
    }
  ],
  "contextHypotheses": [
    {
      "text": "modern club track",
      "category": "scene",
      "confidence": 0.7,
      "reasoningHints": "",
      "supportRefs": [
        "1",
        "2",
        "3",
        "4",
        "5"
      ]
    },
    {
      "text": "late‑2010s electronic pop",
      "category": "era",
      "confidence": 0.5,
      "reasoningHints": "",
      "supportRefs": [
        "1",
        "2",
        "3",
        "4",
        "5"
      ]
    }
  ],
  "packetDiagnostics": {
    "rawItemCount": 18,
    "acceptedConceptCount": 18,
    "duplicateOrRejectedCount": 0,
    "quarantinedCount": 0,
    "fieldCounts": {
      "audibleObservations": 5,
      "signatureRelations": 2,
      "styleCues": 4,
      "genreHypotheses": 2,
      "contextHypotheses": 2,
      "aestheticConcepts": 2,
      "impressions": 1
    }
  }
}
[Music Flamingo] END PACKET

Inference complete in 110.5s. Packet parsed: ['audibleObservations', 'signatureRelations', 'styleCues', 'uncertainties', 'genreHypotheses', 'aestheticConcepts', 'impressions', 'contextHypotheses', 'packetDiagnostics']
Running Flamingo forensic listening...
[Music Flamingo] input tokens=1001; generation budget=400
[Music Flamingo] FORENSIC RESPONSE (10.0s)
1. No, all parts are performed or programmed for this track.
2. Yes, there are vocals. They are in Japanese, pitch‑shifted, time‑stretched, and chopped.
3. Yes, a phrase repeats identically as a loop.
4. The main loop is heavily filtered and side‑chained.
5. The source material suggests a 1990s aesthetic.
[Music Flamingo] FORENSIC ANSWERS [{"key": "sampled", "answer": "no", "cue": "all parts are performed or programmed for this track."}, {"key": "vocals", "answer": "yes", "cue": "there are vocals. They are in Japanese, pitch‑shifted, time‑stretched, and chopped."}, {"key": "loop", "answer": "yes", "cue": "a phrase repeats identically as a loop."}, {"key": "processing", "answer": "unsure", "cue": "The main loop is heavily filtered and side‑chained."}, {"key": "sourcePeriod", "answer": "unsure", "cue": "The source material suggests a 1990s aesthetic."}]
Running Flamingo structured deep-listening inference...
[Music Flamingo] input tokens=2090; generation budget=1024

[Music Flamingo] RAW MODEL RESPONSE (max 6000 chars)
{'audibleObservations': [{'id': 1, 'text': 'steady 4/4 pulse', 'category': 'rhythm', 'confidence': 0.95, 'reasoning': 'clear four-beat pattern with consistent accent on beats 1 and 3.'}, {'id': 2, 'text': 'synthetic drum kit', 'category': 'instrumentation', 'confidence': 0.95, 'reasoning': 'electronic kick, snare, and hi-hat sounds with tight envelope and no acoustic bleed.'}, {'id': 3, 'text': 'repetitive bassline', 'category': 'instrumentation', 'confidence': 0.95, 'reasoning': 'simple, looped low‑frequency synth bass that outlines a minor‑toned root note.'}, {'id': 4, 'text': 'minimal harmonic content', 'category': 'harmony', 'confidence': 0.95, 'reasoning': 'no chord changes; bass note repeats throughout.'}, {'id': 5, 'text': 'clean, digital production', 'category': 'production', 'confidence': 0.95, 'reasoning': 'dry mix with little reverb or distortion, emphasizing rhythmic precision.'}], 'signatureRelations': [{'id': 1, 'text': 'drum and bassline lock in tight sync', 'supportRefs': [1, 2, 3], 'confidence': 0.95, 'reasoning': 'the drum pattern and bassline are rhythmically interdependent, each reinforcing the other's pulse.'}, {'id': 2, 'text': 'bassline underpins the drum groove', 'supportRefs': [3, 4], 'confidence': 0.95, 'reasoning': 'the bassline provides a steady low‑end foundation that the drum pattern builds upon.'}], 'styleCues': [{'id': 1, 'text': 'electronic drum kit', 'confidence': 0.95, 'supportRefs': [2]}, {'id': 2, 'text': 'synth bass', 'confidence': 0.95, 'supportRefs': [3]}, {'id': 3, 'text': 'minimal harmonic texture', 'confidence': 0.95, 'supportRefs': [4]}, {'id': 4, 'text': 'clean digital mix', 'confidence': 0.95, 'supportRefs': [5]}], 'uncertainties': ['no vocal presence', 'no melodic variation', 'no explicit genre cue'], 'genreHypotheses': [{'label': 'electronic dance music', 'confidence': 0.7, 'supportRefs': [1, 2, 3, 4, 5]}, {'label': 'minimal techno', 'confidence': 0.5, 'supportRefs': [1, 2, 3, 4, 5]}], 'aestheticConcepts': [{'text': 'hypnotic loop', 'confidence': 0.8, 'supportRefs': [1, 3, 4, 5]}, {'text': 'cold digital atmosphere', 'confidence': 0.6, 'supportRefs': [2, 3, 4, 5]}], 'impressions': [{'text': 'steady, driving', 'confidence': 0.8, 'supportRefs': [1, 2, 3, 4, 5]}, {'text': 'minimalist, restrained', 'confidence': 0.7, 'supportRefs': [1, 3, 4, 5]}], 'contextHypotheses': [{'text': 'club or rave setting', 'category': 'scene', 'confidence': 0.5, 'supportRefs': [1, 2, 3, 4, 5]}, {'text': 'late‑2000s to early‑2020s electronic production style', 'category': 'era', 'confidence': 0.4, 'supportRefs': [1, 2, 3, 4, 5]}], 'reasoning': 'The track is built around a steady 4/4 electronic drum pattern and a looping synth bassline, with no chord changes and a clean, dry mix. The absence of vocals and melodic development points toward a minimalist, club‑oriented aesthetic. The combination of synthetic drums, a repetitive bass motif, and a sparse harmonic backdrop is characteristic of minimal techno or a stripped‑down form of electronic dance music, evoking a hypnotic, cold digital atmosphere.'}
[Music Flamingo] SANITIZED PACKET SENT TO MUSIC SHOWER (max 6000 chars)
{
  "audibleObservations": [
    {
      "text": "steady 4/4 pulse",
      "category": "rhythm",
      "confidence": 0.95,
      "reasoningHints": "clear four-beat pattern with consistent accent on beats 1 and 3.",
      "id": "1"
    },
    {
      "text": "synthetic drum kit",
      "category": "instrumentation",
      "confidence": 0.95,
      "reasoningHints": "electronic kick snare and hi-hat sounds with tight envelope and no",
      "id": "2"
    },
    {
      "text": "minimal harmonic content",
      "category": "arrangement",
      "confidence": 0.95,
      "reasoningHints": "no chord changes bass note repeats throughout.",
      "sourceCategory": "harmony",
      "id": "4"
    },
    {
      "text": "clean digital production",
      "category": "production",
      "confidence": 0.95,
      "reasoningHints": "dry mix with little reverb or distortion emphasizing rhythmic precision.",
      "id": "5"
    },
    {
      "text": "repetitive bassline",
      "category": "instrumentation",
      "confidence": 0.95,
      "reasoningHints": "simple looped low‑frequency synth bass that outlines a minor‑toned root",
      "id": "3"
    }
  ],
  "signatureRelations": [
    {
      "text": "drum and bassline lock in tight sync",
      "confidence": 0.95,
      "reasoningHints": "the drum pattern and bassline are rhythmically interdependent each",
      "supportRefs": [
        "1",
        "2",
        "3"
      ],
      "id": "1"
    }
  ],
  "styleCues": [],
  "uncertainties": [],
  "genreHypotheses": [],
  "aestheticConcepts": [],
  "impressions": [],
  "contextHypotheses": [],
  "packetDiagnostics": {
    "rawItemCount": 6,
    "acceptedConceptCount": 6,
    "duplicateOrRejectedCount": 0,
    "quarantinedCount": 0,
    "fieldCounts": {
      "audibleObservations": 5,
      "signatureRelations": 1,
      "styleCues": 0,
      "genreHypotheses": 0,
      "contextHypotheses": 0,
      "aestheticConcepts": 0,
      "impressions": 0
    }
  }
}
[Music Flamingo] END PACKET

Inference complete in 114.7s. Packet parsed: ['audibleObservations', 'signatureRelations', 'styleCues', 'uncertainties', 'genreHypotheses', 'aestheticConcepts', 'impressions', 'contextHypotheses', 'packetDiagnostics']
Running Flamingo forensic listening...
[Music Flamingo] input tokens=1001; generation budget=400
[Music Flamingo] FORENSIC RESPONSE (25.8s)
1. Yes, the track is built around a prominent, repetitive vocal sample that is clearly taken from a pre-existing recording. The sample is looped throughout the piece, forming the core melodic and rhythmic hook.
2. Yes, there are vocals. They are in Japanese, delivered in a clear, melodic style. The vocal is pitch‑shifted upward, giving it a bright, almost child‑like timbre, and is treated with reverb and delay to sit within the mix.
3. Yes, the main vocal sample repeats identically as a loop, forming the central hook of the track.
4. The main loop is heavily compressed and side‑chained to the kick drum, creating a pumping effect typical of modern electronic dance music. The overall mix is polished with bright EQ and stereo widening on the synth elements.
5. The vocal sample sounds like it is from a 1980s J‑pop or anime source, while the surrounding production is contemporary EDM, suggesting a blend of retro sampling with modern electronic production.
[Music Flamingo] FORENSIC ANSWERS [{"key": "sampled", "answer": "yes", "cue": "the track is built around a prominent, repetitive vocal sample that is clearly taken from a pre-existing recording. The sample is looped throughout the piece"}, {"key": "vocals", "answer": "yes", "cue": "there are vocals. They are in Japanese, delivered in a clear, melodic style. The vocal is pitch‑shifted upward, giving it a bright, almost child‑like timbre"}, {"key": "loop", "answer": "yes", "cue": "the main vocal sample repeats identically as a loop, forming the central hook of the track."}, {"key": "processing", "answer": "unsure", "cue": "The main loop is heavily compressed and side‑chained to the kick drum, creating a pumping effect typical of modern electronic dance music. The overall mix is"}, {"key": "sourcePeriod", "answer": "unsure", "cue": "The vocal sample sounds like it is from a 1980s J‑pop or anime source, while the surrounding production is contemporary EDM, suggesting a blend of retro"}]
Running Flamingo structured deep-listening inference...
[Music Flamingo] input tokens=2090; generation budget=1024

[Music Flamingo] RAW MODEL RESPONSE (max 6000 chars)
{'audibleObservations': [{'id': 1, 'text': 'steady 4/4 pulse', 'category': 'rhythm', 'confidence': 0.9, 'reasoning': 'clear four-on-the-floor kick and snare pattern with consistent subdivision.'}, {'id': 2, 'text': 'bright synth lead', 'category': 'instrumentation', 'confidence': 0.8, 'reasoning': 'a high‑frequency, melodic synth line that carries the main hook.'}, {'id': 3, 'text': 'driving electronic drums', 'category': 'instrumentation', 'confidence': 0.9, 'reasoning': 'punchy kick, snappy snare, and crisp hi‑hats typical of club‑oriented electronic music.'}, {'id': 4, 'text': 'deep synth bass', 'category': 'instrumentation', 'confidence': 0.8, 'reasoning': 'sub‑bass synth providing a solid low‑end foundation.'}, {'id': 5, 'text': 'repetitive chord progression', 'category': 'harmony', 'confidence': 0.7, 'reasoning': 'simple major‑key loop that repeats throughout, reinforcing a danceable groove.'}], 'signatureRelations': [{'id': 1, 'text': 'drum‑bass‑synth interplay', 'supportRefs': [1, 2, 3, 4], 'confidence': 0.8, 'reasoning': 'the kick and bass lock together rhythmically while the synth lead weaves melodic motifs over them.'}, {'id': 2, 'text': 'lead‑bass call‑and‑response', 'supportRefs': [2, 4], 'confidence': 0.6, 'reasoning': 'the synth lead often answers the bass hits, creating a conversational texture.'}], 'styleCues': [{'id': 1, 'text': 'electronic dance production', 'supportRefs': [1, 2, 3, 4], 'confidence': 0.9, 'reasoning': 'the combination of a steady four‑on‑the‑floor beat, bright synth timbres, and a deep bass line is characteristic of contemporary EDM.'}], 'uncertainties': ['instrument source ambiguity'], 'genreHypotheses': [{'label': 'electronic dance music', 'confidence': 0.8, 'supportRefs': [1, 2, 3, 4], 'reasoning': 'the track’s steady 4/4 pulse, synth‑driven arrangement, and club‑ready production align with mainstream EDM.'}, {'label': 'progressive house', 'confidence': 0.5, 'supportRefs': [1, 2, 3, 4], 'reasoning': 'the repetitive major‑key chord loop and the emphasis on a melodic synth lead are typical of progressive house.'}], 'aestheticConcepts': [{'text': 'bright and uplifting', 'confidence': 0.7, 'supportRefs': [2], 'reasoning': 'the bright synth lead and major‑key harmony create a positive, forward‑moving atmosphere.'}, {'text': 'dancefloor energy', 'confidence': 0.8, 'supportRefs': [1, 3, 4], 'reasoning': 'the driving beat and deep bass drive the track’s kinetic momentum, suited for club environments.'}], 'impressions': [{'text': 'energetic and optimistic', 'confidence': 0.9, 'supportRefs': [1, 2, 3, 4], 'reasoning': 'the combination of a steady dance rhythm, uplifting synth timbres, and a major‑key harmonic loop conveys a sense of excitement and positivity.'}], 'contextHypotheses': [{'text': 'contemporary club scene', 'category': 'scene', 'confidence': 0.7, 'supportRefs': [1, 2, 3, 4], 'reasoning': 'the track’s production style and arrangement are typical of modern electronic dance music played in nightclubs and festivals.'}, {'text': '2020s EDM', 'category': 'era', 'confidence': 0.6, 'supportRefs': [1, 2, 3, 4], 'reasoning': 'the use of bright synth leads, a deep bass foundation, and a steady four‑on‑the‑floor beat are hallmarks of 2020s electronic dance music.'}], 'signatureRelations': [{'id': 1, 'text': 'drum‑bass‑synth interplay', 'supportRefs': [1, 2, 3, 4], 'confidence': 0.8, 'reasoning': 'the kick and bass lock together rhythmically while the synth
[Music Flamingo] SANITIZED PACKET SENT TO MUSIC SHOWER (max 6000 chars)
{
  "audibleObservations": [
    {
      "text": "steady 4/4 pulse",
      "category": "rhythm",
      "confidence": 0.9,
      "reasoningHints": "clear four-on-the-floor kick and snare pattern with consistent",
      "id": "1"
    },
    {
      "text": "bright synth lead",
      "category": "instrumentation",
      "confidence": 0.8,
      "reasoningHints": "a high‑frequency melodic synth line that carries the main hook.",
      "id": "2"
    },
    {
      "text": "repetitive chord progression",
      "category": "arrangement",
      "confidence": 0.7,
      "reasoningHints": "simple major‑key loop that repeats throughout reinforcing a danceable",
      "sourceCategory": "harmony",
      "id": "5"
    },
    {
      "text": "driving electronic drums",
      "category": "instrumentation",
      "confidence": 0.9,
      "reasoningHints": "punchy kick snappy snare and crisp hi‑hats typical of club‑oriented",
      "id": "3"
    },
    {
      "text": "deep synth bass",
      "category": "instrumentation",
      "confidence": 0.8,
      "reasoningHints": "sub‑bass synth providing a solid low‑end foundation.",
      "id": "4"
    }
  ],
  "signatureRelations": [
    {
      "text": "drum‑bass‑synth interplay",
      "confidence": 0.62,
      "reasoningHints": "",
      "supportRefs": [
        "1",
        "2",
        "3",
        "4"
      ],
      "id": "1"
    }
  ],
  "styleCues": [
    {
      "text": "electronic dance production",
      "confidence": 0.9,
      "reasoningHints": "the combination of a steady four‑on‑the‑floor beat bright synth timbres",
      "supportRefs": [
        "1",
        "2",
        "3",
        "4"
      ],
      "id": "1"
    }
  ],
  "uncertainties": [
    "instrument source ambiguity"
  ],
  "genreHypotheses": [
    {
      "label": "electronic dance music",
      "confidence": 0.8,
      "reasoningHints": "the track’s steady 4/4 pulse synth‑driven arrangement and club‑ready",
      "supportRefs": [
        "1",
        "2",
        "3",
        "4"
      ],
      "id": "g1"
    },
    {
      "label": "progressive house",
      "confidence": 0.5,
      "reasoningHints": "the repetitive major‑key chord loop and the emphasis on a melodic synth",
      "supportRefs": [
        "1",
        "2",
        "3",
        "4"
      ],
      "id": "g2"
    }
  ],
  "aestheticConcepts": [
    {
      "text": "bright and uplifting",
      "confidence": 0.7,
      "reasoningHints": "the bright synth lead and major‑key harmony create a positive",
      "supportRefs": [
        "2"
      ]
    },
    {
      "text": "dancefloor energy",
      "confidence": 0.8,
      "reasoningHints": "the driving beat and deep bass drive the track’s kinetic momentum suited",
      "supportRefs": [
        "1",
        "3",
        "4"
      ]
    }
  ],
  "impressions": [
    {
      "text": "energetic and optimistic",
      "confidence": 0.9,
      "reasoningHints": "the combination of a steady dance rhythm uplifting synth timbres and a",
      "supportRefs": [
        "1",
        "2",
        "3",
        "4"
      ]
    }
  ],
  "contextHypotheses": [
    {
      "text": "contemporary club scene",
      "category": "scene",
      "confidence": 0.7,
      "reasoningHints": "the track’s production style and arrangement are typical of modern",
      "supportRefs": [
        "1",
        "2",
        "3",
        "4"
      ]
    },
    {
      "text": "2020s EDM",
      "category": "era",
      "confidence": 0.6,
      "reasoningHints": "the use of bright synth leads a deep bass foundation and a steady",
      "supportRefs": [
        "1",
        "2",
        "3",
        "4"
      ]
    }
  ],
  "packetDiagnostics": {
    "rawItemCount": 14,
    "acceptedConceptCount": 14,
    "duplicateOrRejectedCount": 0,
    "quarantinedCount": 0,
    "fieldCounts": {
      "audibleObservations": 5,
      "signatureRelations": 1,
      "styleCues": 1,
      "genreHypotheses": 2,
      "contextHypotheses": 2,
      "aestheticConcepts": 2,
      "impressions": 1
    }
  }
}
[Music Flamingo] END PACKET

Inference complete in 116.4s. Packet parsed: ['audibleObservations', 'signatureRelations', 'styleCues', 'uncertainties', 'genreHypotheses', 'aestheticConcepts', 'impressions', 'contextHypotheses', 'packetDiagnostics']
Running Flamingo forensic listening...
[Music Flamingo] input tokens=1001; generation budget=400
[Music Flamingo] FORENSIC RESPONSE (25.5s)
1. Yes, the track is built around a heavily processed, distorted, and chopped vocal sample that is looped throughout the piece. The sample is taken from a pre-existing recording and is used as the primary melodic and rhythmic element.
2. Yes, the vocal sample is in Japanese. It is pitch‑shifted, time‑stretched, and chopped, giving it a robotic, glitch‑like timbre.
3. Yes, the main loop repeats identically as a loop, with the vocal sample and synth elements cycling in a tight, repetitive pattern.
4. The main loop is filtered and side‑chained to the kick drum, creating a pumping effect. The overall production is raw and lo‑fi, with heavy distortion and bit‑crushing applied to the sample.
5. The source material of the vocal sample appears to be from an older recording, likely from the 1980s or 1990s, while the surrounding production is contemporary and heavily processed.
[Music Flamingo] FORENSIC ANSWERS [{"key": "sampled", "answer": "yes", "cue": "the track is built around a heavily processed, distorted, and chopped vocal sample that is looped throughout the piece. The sample is taken from a pre-existing"}, {"key": "vocals", "answer": "yes", "cue": "the vocal sample is in Japanese. It is pitch‑shifted, time‑stretched, and chopped, giving it a robotic, glitch‑like timbre."}, {"key": "loop", "answer": "yes", "cue": "the main loop repeats identically as a loop, with the vocal sample and synth elements cycling in a tight, repetitive pattern."}, {"key": "processing", "answer": "unsure", "cue": "The main loop is filtered and side‑chained to the kick drum, creating a pumping effect. The overall production is raw and lo‑fi, with heavy distortion and"}, {"key": "sourcePeriod", "answer": "unsure", "cue": "The source material of the vocal sample appears to be from an older recording, likely from the 1980s or 1990s, while the surrounding production is contemporary"}]
Running Flamingo structured deep-listening inference...
[Music Flamingo] input tokens=2090; generation budget=1024

[Music Flamingo] RAW MODEL RESPONSE (max 6000 chars)
{'audibleObservations': [{'id': 1, 'text': 'fast, driving electronic beat', 'category': 'rhythm', 'confidence': 0.95, 'reasoning': 'steady 4/4 pulse with a strong kick on every downbeat and a crisp snare on the backbeat, typical of high‑energy electronic dance music.'}, {'id': 2, 'text': 'bright, arpeggiated synth lead', 'category': 'instrumentation', 'confidence': 0.95, 'reasoning': 'a high‑frequency, rapidly repeating synth line that cuts through the mix, providing melodic motion and a sense of forward momentum.'}, {'id': 3, 'text': 'deep, resonant synth bass', 'category': 'instrumentation', 'confidence': 0.95, 'reasoning': 'a low‑end, sustained synth bass that underpins the rhythm and adds weight to the groove.'}, {'id': 4, 'text': 'wide, immersive stereo field', 'category': 'production', 'confidence': 0.95, 'reasoning': 'the mix is spread across the stereo spectrum, with the lead synth panned left‑right and the bass and drums centered, creating a spacious, club‑ready sound.'}, {'id': 5, 'text': 'clean, polished mastering', 'category': 'production', 'confidence': 0.95, 'reasoning': 'the track is mastered with a bright EQ curve, tight compression on the drums, and a loud, consistent overall level that keeps the energy high throughout.'}], 'signatureRelations': [{'id': 1, 'text': 'lead synth and bass lock in a tight rhythmic groove', 'supportRefs': [1, 2, 3], 'confidence': 0.95, 'reasoning': 'the arpeggiated lead and the deep bass play in sync, reinforcing the driving pulse and creating a cohesive rhythmic foundation.'}, {'id': 2, 'text': 'drums and bass form a solid low‑end foundation', 'supportRefs': [1, 3], 'confidence': 0.95, 'reasoning': 'the kick drum and bass work together to anchor the track, giving it a powerful, dance‑floor‑ready low end.'}], 'styleCues': [{'id': 1, 'text': 'electronic dance music production', 'supportRefs': [1, 2, 3, 4], 'confidence': 0.95, 'reasoning': 'the combination of a fast electronic beat, bright arpeggiated synths, and a deep synth bass is characteristic of EDM, especially progressive or trance‑style tracks.'}], 'uncertainties': ['instrumentation ambiguity', 'genre ambiguity'], 'genreHypotheses': [{'label': 'electronic dance music', 'confidence': 0.95, 'supportRefs': [1, 2, 3, 4], 'reasoning': 'the track’s fast tempo, driving beat, and synth‑centric arrangement are typical of EDM, suggesting a club or festival context.'}, {'label': 'progressive trance', 'confidence': 0.7, 'supportRefs': [1, 2, 3, 4], 'reasoning': 'the arpeggiated lead and wide stereo imaging are common in progressive trance, which often builds tension through layered synths and a steady, uplifting rhythm.'}], 'aestheticConcepts': [{'text': 'energetic, futuristic', 'confidence': 0.95, 'supportRefs': [1, 2, 3, 4], 'reasoning': 'the bright synth timbres, fast tempo, and polished production convey a sense of forward‑looking energy and a futuristic club atmosphere.'}, {'text': 'dance‑floor intensity', 'confidence': 0.95, 'supportRefs': [1, 2, 3, 4], 'reasoning': 'the relentless beat and deep bass drive the listener to move, creating an intense, kinetic listening experience.'}], 'impressions': [{'text': 'exciting, uplifting', 'confidence': 0.95, 'supportRefs': [1, 2, 3, 4], 'reasoning': 'the combination of a fast tempo, bright synths, and a solid low‑end groove produces an uplifting, high‑energy mood that feels both exhilarating and forward‑moving.'}], 'contextHypotheses': [{'text': 'modern club setting', 'category': 'scene', 'confidence': 0.95, 'supportRefs': [1, 2, 3, 4], 'reasoning': 'the track’s polished EDM production and driving rhythm are typical of contemporary club music, suggesting it would be played in a dance‑floor environment
[Music Flamingo] SANITIZED PACKET SENT TO MUSIC SHOWER (max 6000 chars)
{
  "audibleObservations": [
    {
      "text": "fast driving electronic beat",
      "category": "rhythm",
      "confidence": 0.95,
      "reasoningHints": "steady 4/4 pulse with a strong kick on every downbeat and a crisp snare",
      "id": "1"
    },
    {
      "text": "bright arpeggiated synth lead",
      "category": "instrumentation",
      "confidence": 0.95,
      "reasoningHints": "a high‑frequency rapidly repeating synth line that cuts through the mix",
      "id": "2"
    },
    {
      "text": "wide immersive stereo field",
      "category": "production",
      "confidence": 0.95,
      "reasoningHints": "the mix is spread across the stereo spectrum with the lead synth panned",
      "id": "4"
    },
    {
      "text": "deep resonant synth bass",
      "category": "instrumentation",
      "confidence": 0.95,
      "reasoningHints": "a low‑end sustained synth bass that underpins the rhythm and adds weight",
      "id": "3"
    },
    {
      "text": "clean polished mastering",
      "category": "production",
      "confidence": 0.95,
      "reasoningHints": "the track is mastered with a bright EQ curve tight compression on the",
      "id": "5"
    }
  ],
  "signatureRelations": [
    {
      "text": "lead synth and bass lock in a tight rhythmic groove",
      "confidence": 0.95,
      "reasoningHints": "the arpeggiated lead and the deep bass play in sync reinforcing the",
      "supportRefs": [
        "1",
        "2",
        "3"
      ],
      "id": "1"
    },
    {
      "text": "drums and bass form a solid low‑end foundation",
      "confidence": 0.95,
      "reasoningHints": "the kick drum and bass work together to anchor the track giving it a",
      "supportRefs": [
        "1",
        "3"
      ],
      "id": "2"
    }
  ],
  "styleCues": [
    {
      "text": "electronic dance music production",
      "confidence": 0.95,
      "reasoningHints": "the combination of a fast electronic beat bright arpeggiated synths and",
      "supportRefs": [
        "1",
        "2",
        "3",
        "4"
      ],
      "id": "1"
    }
  ],
  "uncertainties": [
    "instrumentation ambiguity",
    "genre ambiguity"
  ],
  "genreHypotheses": [
    {
      "label": "electronic dance music",
      "confidence": 0.95,
      "reasoningHints": "the track’s fast tempo driving beat and synth‑centric arrangement are",
      "supportRefs": [
        "1",
        "2",
        "3",
        "4"
      ],
      "id": "g1"
    },
    {
      "label": "progressive trance",
      "confidence": 0.7,
      "reasoningHints": "the arpeggiated lead and wide stereo imaging are common in progressive",
      "supportRefs": [
        "1",
        "2",
        "3",
        "4"
      ],
      "id": "g2"
    }
  ],
  "aestheticConcepts": [
    {
      "text": "energetic futuristic",
      "confidence": 0.95,
      "reasoningHints": "the bright synth timbres fast tempo and polished production convey a",
      "supportRefs": [
        "1",
        "2",
        "3",
        "4"
      ]
    },
    {
      "text": "dance‑floor intensity",
      "confidence": 0.95,
      "reasoningHints": "the relentless beat and deep bass drive the listener to move creating an",
      "supportRefs": [
        "1",
        "2",
        "3",
        "4"
      ]
    }
  ],
  "impressions": [
    {
      "text": "exciting uplifting",
      "confidence": 0.95,
      "reasoningHints": "the combination of a fast tempo bright synths and a solid low‑end groove",
      "supportRefs": [
        "1",
        "2",
        "3",
        "4"
      ]
    }
  ],
  "contextHypotheses": [
    {
      "text": "modern club setting",
      "category": "scene",
      "confidence": 0.95,
      "reasoningHints": "",
      "supportRefs": [
        "1",
        "2",
        "3",
        "4"
      ]
    }
  ],
  "packetDiagnostics": {
    "rawItemCount": 14,
    "acceptedConceptCount": 14,
    "duplicateOrRejectedCount": 0,
    "quarantinedCount": 0,
    "fieldCounts": {
      "audibleObservations": 5,
      "signatureRelations": 2,
      "styleCues": 1,
      "genreHypotheses": 2,
      "contextHypotheses": 1,
      "aestheticConcepts": 2,
      "impressions": 1
    }
  }
}
[Music Flamingo] END PACKET

Inference complete in 117.4s. Packet parsed: ['audibleObservations', 'signatureRelations', 'styleCues', 'uncertainties', 'genreHypotheses', 'aestheticConcepts', 'impressions', 'contextHypotheses', 'packetDiagnostics']
Running Flamingo forensic listening...
[Music Flamingo] input tokens=1001; generation budget=400
[Music Flamingo] FORENSIC RESPONSE (20.7s)
1. Yes, the track is built around a prominent, repetitive vocal sample that is clearly taken from a pre-existing recording. The sample is looped throughout the piece, forming the core melodic and rhythmic material.
2. No, there are no original vocals. The only vocal element is the sampled phrase, which is not pitch-shifted, time-stretched, chopped, or filtered beyond the natural processing of the sample itself.
3. The sampled phrase repeats identically as a loop, forming the main hook of the track.
4. The production around the sample is relatively clean, with subtle filtering and light compression applied to keep the loop tight and present in the mix.
5. The source material of the sample appears to be from an older recording, as indicated by its lo-fi texture and the way it is treated in the new arrangement.
[Music Flamingo] FORENSIC ANSWERS [{"key": "sampled", "answer": "yes", "cue": "the track is built around a prominent, repetitive vocal sample that is clearly taken from a pre-existing recording. The sample is looped throughout the piece"}, {"key": "vocals", "answer": "no", "cue": "there are no original vocals. The only vocal element is the sampled phrase, which is not pitch-shifted, time-stretched, chopped, or filtered beyond the natural"}, {"key": "loop", "answer": "yes", "cue": "The sampled phrase repeats identically as a loop, forming the main hook of the track.", "inferred": true}, {"key": "processing", "answer": "unsure", "cue": "The production around the sample is relatively clean, with subtle filtering and light compression applied to keep the loop tight and present in the mix."}, {"key": "sourcePeriod", "answer": "unsure", "cue": "The source material of the sample appears to be from an older recording, as indicated by its lo-fi texture and the way it is treated in the new arrangement."}]
Running Flamingo structured deep-listening inference...
[Music Flamingo] input tokens=2090; generation budget=1024

[Music Flamingo] RAW MODEL RESPONSE (max 6000 chars)
{"audibleObservations": [{"id": 1, "text": "fast, driving electronic beat", "category": "rhythm", "confidence": 0.9, "reasoning": "steady 4/4 pulse with a strong kick on every downbeat and a crisp snare on the backbeat, typical of high‑energy electronic dance music"}, {"id": 2, "text": "bright, layered synth leads", "category": "instrumentation", "confidence": 0.8, "reasoning": "multiple synth voices playing melodic hooks and arpeggiated patterns, often with a saw‑tooth or supersaw timbre and side‑chain compression that makes them pump with the kick"}, {"id": 3, "text": "punchy, compressed electronic drums", "category": "instrumentation", "confidence": 0.7, "reasoning": "tight kick, snappy snare, and hi‑hat patterns that emphasize the off‑beats, all processed with heavy limiting and transient shaping to keep the rhythm tight"}, {"id": 4, "text": "deep, driving synth bass", "category": "instrumentation", "confidence": 0.6, "reasoning": "a low‑frequency synth bass that follows a simple, repetitive pattern, providing a solid foundation and reinforcing the kick drum"}, {"id": 5, "text": "repetitive, hook‑like synth melody", "category": "instrumentation", "confidence": 0.5, "reasoning": "a lead synth line that repeats a short motif, often using a bright, resonant timbre and slight portamento to create a memorable hook"}, {"id": 6, "text": "wide, immersive stereo field", "category": "production", "confidence": 0.8, "reasoning": "synths and effects are panned to create a spacious soundstage, with reverbs and delays that give depth and a sense of movement"}, {"id": 7, "text": "high‑energy, club‑oriented dynamics", "category": "dynamics", "confidence": 0.7, "reasoning": "the track maintains a consistently high volume level, with occasional drops where the bass and drums momentarily pull back before a sudden return to full intensity"}], "signatureRelations": [{"id": 1, "text": "beat and synth layers lock together", "supportRefs": [1, 2, 3, 4], "confidence": 0.6, "reasoning": "the kick and snare lock with the bass, while the synth leads and arpeggios reinforce the rhythmic drive"}, {"id": 2, "text": "bass and kick reinforce each other", "supportRefs": [4, 1], "confidence": 0.5, "reasoning": "the low‑end synth bass and the kick drum are tightly synchronized, creating a powerful low‑frequency foundation"}], "styleCues": [{"id": 1, "text": "electronic dance music production", "confidence": 0.8, "supportRefs": [1, 2, 3, 4, 5, 6, 7]}, {"id": 2, "text": "synth‑driven arrangement", "confidence": 0.7, "supportRefs": [2, 5, 6, 7]}], "uncertainties": ["instrumentation details unclear", "exact genre label not confirmed"], "genreHypotheses": [{"label": "electronic dance music", "confidence": 0.8, "supportRefs": [1, 2, 3, 4, 5, 6, 7]}, {"label": "EDM", "confidence": 0.7, "supportRefs": [1, 2, 3, 4, 5, 6, 7]}], "aestheticConcepts": [{"text": "energetic, club‑ready", "confidence": 0.9, "supportRefs": [1, 6, 7]}, {"text": "bright, uplifting", "confidence": 0.6, "supportRefs": [2, 5, 7]}], "impressions": [{"text": "exciting, forward‑moving", "confidence": 0.8, "supportRefs": [1, 6, 7]}, {"text": "driven, relentless", "confidence": 0.5, "supportRefs": [1, 4, 7]}], "contextHypotheses": [{"text": "modern club environment", "confidence": 0.7, "supportRefs": [1, 6, 7]}, {"text": "contemporary electronic production", "confidence": 0.6, "supportRefs": [1, 2, 3
[Music Flamingo] SANITIZED PACKET SENT TO MUSIC SHOWER (max 6000 chars)
{
  "audibleObservations": [
    {
      "text": "fast driving electronic beat",
      "category": "rhythm",
      "confidence": 0.9,
      "reasoningHints": "steady 4/4 pulse with a strong kick on every downbeat and a crisp snare",
      "id": "1"
    },
    {
      "text": "bright layered synth leads",
      "category": "instrumentation",
      "confidence": 0.8,
      "reasoningHints": "multiple synth voices playing melodic hooks and arpeggiated patterns",
      "id": "2"
    },
    {
      "text": "wide immersive stereo field",
      "category": "production",
      "confidence": 0.8,
      "reasoningHints": "synths and effects are panned to create a spacious soundstage with",
      "id": "6"
    },
    {
      "text": "high‑energy club‑oriented dynamics",
      "category": "dynamics",
      "confidence": 0.7,
      "reasoningHints": "the track maintains a consistently high volume level with occasional",
      "id": "7"
    },
    {
      "text": "punchy compressed electronic drums",
      "category": "instrumentation",
      "confidence": 0.7,
      "reasoningHints": "tight kick snappy snare and hi‑hat patterns that emphasize the off‑beats",
      "id": "3"
    },
    {
      "text": "deep driving synth bass",
      "category": "instrumentation",
      "confidence": 0.6,
      "reasoningHints": "a low‑frequency synth bass that follows a simple repetitive pattern",
      "id": "4"
    },
    {
      "text": "repetitive hook‑like synth melody",
      "category": "instrumentation",
      "confidence": 0.5,
      "reasoningHints": "a lead synth line that repeats a short motif often using a bright",
      "id": "5"
    }
  ],
  "signatureRelations": [
    {
      "text": "beat and synth layers lock together",
      "confidence": 0.6,
      "reasoningHints": "the kick and snare lock with the bass while the synth leads and",
      "supportRefs": [
        "1",
        "2",
        "3",
        "4"
      ],
      "id": "1"
    },
    {
      "text": "bass and kick reinforce each other",
      "confidence": 0.5,
      "reasoningHints": "the low‑end synth bass and the kick drum are tightly synchronized",
      "supportRefs": [
        "4",
        "1"
      ],
      "id": "2"
    }
  ],
  "styleCues": [
    {
      "text": "electronic dance music production",
      "confidence": 0.8,
      "reasoningHints": "",
      "supportRefs": [
        "1",
        "2",
        "3",
        "4",
        "5",
        "6",
        "7"
      ],
      "id": "1"
    },
    {
      "text": "synth‑driven arrangement",
      "confidence": 0.7,
      "reasoningHints": "",
      "supportRefs": [
        "2",
        "5",
        "6",
        "7"
      ],
      "id": "2"
    }
  ],
  "uncertainties": [
    "instrumentation details unclear",
    "exact genre label not confirmed"
  ],
  "genreHypotheses": [
    {
      "label": "electronic dance music",
      "confidence": 0.8,
      "reasoningHints": "",
      "supportRefs": [
        "1",
        "2",
        "3",
        "4",
        "5",
        "6",
        "7"
      ],
      "id": "g1"
    },
    {
      "label": "EDM",
      "confidence": 0.7,
      "reasoningHints": "",
      "supportRefs": [
        "1",
        "2",
        "3",
        "4",
        "5",
        "6",
        "7"
      ],
      "id": "g2"
    }
  ],
  "aestheticConcepts": [
    {
      "text": "energetic club‑ready",
      "confidence": 0.9,
      "reasoningHints": "",
      "supportRefs": [
        "1",
        "6",
        "7"
      ]
    },
    {
      "text": "bright uplifting",
      "confidence": 0.6,
      "reasoningHints": "",
      "supportRefs": [
        "2",
        "5",
        "7"
      ]
    }
  ],
  "impressions": [
    {
      "text": "exciting forward‑moving",
      "confidence": 0.8,
      "reasoningHints": "",
      "supportRefs": [
        "1",
        "6",
        "7"
      ]
    },
    {
      "text": "driven relentless",
      "confidence": 0.5,
      "reasoningHints": "",
      "supportRefs": [
        "1",
        "4",
        "7"
      ]
    }
  ],
  "contextHypotheses": [
    {
      "text": "modern club environment",
      "category": "scene",
      "confidence": 0.7,
      "reasoningHints": "",
      "supportRefs": [
        "1",
        "6",
        "7"
      ]
    },
    {
      "text": "contemporary electronic production",
      "category": "scene",
      "confidence": 0.6,
      "reasoningHints": "",
      "supportRefs": []
    }
  ],
  "packetDiagnostics": {
    "rawItemCount": 19,
    "acceptedConceptCount": 19,
    "duplicateOrRejectedCount": 0,
    "quarantinedCount": 0,
    "fieldCounts": {
      "audibleObservations": 7,
      "signatureRelations": 2,
      "styleCues": 2,
      "genreHypotheses": 2,
      "contextHypotheses": 2,
      "aestheticConcepts": 2,
      "impressions": 2
    }
  }
}
[Music Flamingo] END PACKET

Inference complete in 117.3s. Packet parsed: ['audibleObservations', 'signatureRelations', 'styleCues', 'uncertainties', 'genreHypotheses', 'aestheticConcepts', 'impressions', 'contextHypotheses', 'packetDiagnostics']
Running Flamingo forensic listening...
[Music Flamingo] input tokens=1001; generation budget=400
[Music Flamingo] FORENSIC RESPONSE (27.1s)
1. Yes, the track is built around a prominent vocal sample that is looped throughout, serving as the main hook. The sample is taken from a pre-existing recording and is repeated verbatim, forming the core of the arrangement.
2. Yes, there are vocals. They are in English and are heavily processed: pitch‑shifted, time‑stretched, and chopped, giving them a robotic, almost synthetic timbre. The processing is extreme, turning the voice into a rhythmic and melodic element rather than a natural performance.
3. Yes, the main vocal sample repeats identically as a loop, forming the central hook of the track.
4. The main loop and groove are heavily compressed and side‑chained, creating a pumping effect that drives the rhythm forward. The overall mix is bright and polished, with a wide stereo image and crisp high‑frequency sheen.
5. The vocal sample sounds like it is taken from a mid‑2000s pop or R&B source, while the surrounding production is contemporary, suggesting a blend of older sample material with modern electronic production techniques.
[Music Flamingo] FORENSIC ANSWERS [{"key": "sampled", "answer": "yes", "cue": "the track is built around a prominent vocal sample that is looped throughout, serving as the main hook. The sample is taken from a pre-existing recording and is"}, {"key": "vocals", "answer": "yes", "cue": "there are vocals. They are in English and are heavily processed: pitch‑shifted, time‑stretched, and chopped, giving them a robotic, almost synthetic timbre. The"}, {"key": "loop", "answer": "yes", "cue": "the main vocal sample repeats identically as a loop, forming the central hook of the track."}, {"key": "processing", "answer": "unsure", "cue": "The main loop and groove are heavily compressed and side‑chained, creating a pumping effect that drives the rhythm forward. The overall mix is bright and"}, {"key": "sourcePeriod", "answer": "unsure", "cue": "The vocal sample sounds like it is taken from a mid‑2000s pop or R&B source, while the surrounding production is contemporary, suggesting a blend of older"}]
Running Flamingo structured deep-listening inference...
[Music Flamingo] input tokens=2090; generation budget=1024

[Music Flamingo] RAW MODEL RESPONSE (max 6000 chars)
{'audibleObservations': [{'id': 1, 'text': 'fast, driving electronic beat', 'category': 'rhythm', 'confidence': 0.95, 'reasoning': 'steady 4/4 pulse with a strong kick on every downbeat and a crisp snare on the backbeat, typical of high‑energy electronic dance music.'}, {'id': 2, 'text': 'bright, layered synth leads', 'category': 'instrumentation', 'confidence': 0.95, 'reasoning': 'multiple synth voices playing melodic hooks and arpeggiated patterns, often panned wide to create a spacious stereo field.'}, {'id': 3, 'text': 'tight, compressed bassline', 'category': 'instrumentation', 'confidence': 0.95, 'reasoning': 'a punchy, side‑chained sub‑bass that locks with the kick drum to drive the groove forward.'}, {'id': 4, 'text': 'repetitive, hook‑like vocal sample', 'category': 'vocal', 'confidence': 0.95, 'reasoning': 'a short, processed vocal snippet that repeats a catchy phrase, treated with reverb and delay to sit as a melodic element rather than a lyrical narrative.'}, {'id': 5, 'text': 'wide, polished stereo imaging', 'category': 'production', 'confidence': 0.95, 'reasoning': 'the mix emphasizes separation of synth layers, with subtle panning and a glossy mastering chain that keeps the track loud and club‑ready.'}], 'signatureRelations': [{'id': 1, 'text': 'beat and synth interplay', 'supportRefs': [1, 2, 3], 'confidence': 0.95, 'reasoning': 'the driving beat and bright synth leads are tightly synchronized, creating a cohesive rhythmic and melodic loop that defines the track's core identity.'}, {'id': 2, 'text': 'bass and kick lock', 'supportRefs': [1, 3], 'confidence': 0.95, 'reasoning': 'the bassline and kick drum are side‑chained, producing a pulsating low‑end that reinforces the beat's momentum.'}, {'id': 3, 'text': 'vocal sample as melodic hook', 'supportRefs': [4], 'confidence': 0.95, 'reasoning': 'the vocal sample is treated as a lead melodic element, repeating a hook that drives the track's catchiness.'}], 'styleCues': [{'id': 1, 'text': 'electronic dance production', 'supportRefs': [1, 2, 3, 4], 'confidence': 0.95, 'reasoning': 'the combination of a fast 4/4 beat, bright synth leads, a punchy bassline, and a repetitive vocal hook are characteristic of contemporary EDM styles.'}], 'uncertainties': ['instrumentation ambiguity', 'vocal sample source'], 'genreHypotheses': [{'label': 'electronic dance music', 'confidence': 0.95, 'supportRefs': [1, 2, 3, 4], 'reasoning': 'the track's core elements—steady 4/4 rhythm, synth‑driven melodies, side‑chained bass, and a hook‑style vocal sample—are typical of mainstream EDM subgenres such as progressive house or electro‑pop.'}, {'label': 'EDM', 'confidence': 0.95, 'supportRefs': [1, 2, 3, 4], 'reasoning': 'the production style, with a polished mix, wide stereo imaging, and emphasis on dancefloor energy, aligns with the broader EDM genre.'}], 'aestheticConcepts': [{'text': 'energetic, club‑ready', 'confidence': 0.95, 'supportRefs': [1, 2, 3, 4], 'reasoning': 'the fast tempo, driving beat, and bright synths create a sense of forward motion and excitement, typical of tracks designed for dance venues.'}, {'text': 'modern electronic production', 'confidence': 0.95, 'supportRefs': [1, 2, 3, 4], 'reasoning': 'the use of side‑chain compression, wide stereo spread, and a clean, loud mix reflects contemporary EDM production aesthetics.'}], 'impressions': [{'text': 'uplifting, high‑energy', 'confidence': 0.95, 'supportRefs': [1, 2, 3, 4], 'reasoning': 'the combination of a fast beat, bright synths, and a repetitive vocal hook conveys a feeling of excitement and positivity.'}, {'text': 'dancefloor focus',
[Music Flamingo] SANITIZED PACKET SENT TO MUSIC SHOWER (max 6000 chars)
{
  "audibleObservations": [
    {
      "text": "fast driving electronic beat",
      "category": "rhythm",
      "confidence": 0.95,
      "reasoningHints": "steady 4/4 pulse with a strong kick on every downbeat and a crisp snare",
      "id": "1"
    },
    {
      "text": "bright layered synth leads",
      "category": "instrumentation",
      "confidence": 0.95,
      "reasoningHints": "multiple synth voices playing melodic hooks and arpeggiated patterns",
      "id": "2"
    },
    {
      "text": "repetitive hook‑like vocal sample",
      "category": "performance",
      "confidence": 0.95,
      "reasoningHints": "a short processed vocal snippet that repeats a catchy phrase treated",
      "sourceCategory": "vocal",
      "id": "4"
    },
    {
      "text": "wide polished stereo imaging",
      "category": "production",
      "confidence": 0.95,
      "reasoningHints": "the mix emphasizes separation of synth layers with subtle panning and a",
      "id": "5"
    },
    {
      "text": "tight compressed bassline",
      "category": "instrumentation",
      "confidence": 0.95,
      "reasoningHints": "a punchy side‑chained sub‑bass that locks with the kick drum to drive",
      "id": "3"
    }
  ],
  "signatureRelations": [
    {
      "text": "beat and synth interplay",
      "confidence": 0.95,
      "reasoningHints": "the driving beat and bright synth leads are tightly synchronized",
      "supportRefs": [
        "1",
        "2",
        "3"
      ],
      "id": "1"
    }
  ],
  "styleCues": [],
  "uncertainties": [],
  "genreHypotheses": [],
  "aestheticConcepts": [],
  "impressions": [],
  "contextHypotheses": [],
  "packetDiagnostics": {
    "rawItemCount": 6,
    "acceptedConceptCount": 6,
    "duplicateOrRejectedCount": 0,
    "quarantinedCount": 0,
    "fieldCounts": {
      "audibleObservations": 5,
      "signatureRelations": 1,
      "styleCues": 0,
      "genreHypotheses": 0,
      "contextHypotheses": 0,
      "aestheticConcepts": 0,
      "impressions": 0
    }
  }
}
[Music Flamingo] END PACKET

Inference complete in 114.4s. Packet parsed: ['audibleObservations', 'signatureRelations', 'styleCues', 'uncertainties', 'genreHypotheses', 'aestheticConcepts', 'impressions', 'contextHypotheses', 'packetDiagnostics']
Running Flamingo forensic listening...
[Music Flamingo] input tokens=1001; generation budget=400
[Music Flamingo] FORENSIC RESPONSE (13.8s)
1. Yes, the track is built around a sampled loop that is repeated throughout, serving as the main groove and harmonic foundation.
2. No, there are no vocals present.
3. Yes, the main loop repeats identically as a loop, forming the core rhythmic and harmonic pattern.
4. The production is heavily compressed and filtered, giving it a lo‑fi, gritty texture.
5. The sampled material suggests an older source, likely from the 1980s or 1990s, while the surrounding production is contemporary.
[Music Flamingo] FORENSIC ANSWERS [{"key": "sampled", "answer": "yes", "cue": "the track is built around a sampled loop that is repeated throughout, serving as the main groove and harmonic foundation."}, {"key": "vocals", "answer": "no", "cue": "there are no vocals present."}, {"key": "loop", "answer": "yes", "cue": "the main loop repeats identically as a loop, forming the core rhythmic and harmonic pattern."}, {"key": "processing", "answer": "unsure", "cue": "The production is heavily compressed and filtered, giving it a lo‑fi, gritty texture."}, {"key": "sourcePeriod", "answer": "unsure", "cue": "The sampled material suggests an older source, likely from the 1980s or 1990s, while the surrounding production is contemporary."}]
Running Flamingo structured deep-listening inference...
[Music Flamingo] input tokens=2091; generation budget=1024

[Music Flamingo] RAW MODEL RESPONSE (max 6000 chars)
{"audibleObservations": [{"id": 1, "text": "fast, driving 4/4 pulse", "category": "rhythm", "confidence": 0.9, "reasoning": "steady quarter‑note pulse with strong backbeat, typical of high‑energy electronic dance music"}, {"id": 2, "text": "synthetic drum machine hits", "category": "instrumentation", "confidence": 0.8, "reasoning": "punchy kick, crisp snare, tight hi‑hats, all synthesized and tightly gated"}, {"id": 3, "text": "repetitive, looped bassline", "category": "instrumentation", "confidence": 0.9, "reasoning": "simple, low‑mid synth bass that repeats every 4 bars, providing a solid foundation"}, {"id": 4, "text": "high‑pitched, heavily processed vocal samples", "category": "instrumentation", "confidence": 0.9, "reasoning": "short, chopped vocal snippets, pitch‑shifted and filtered, used as rhythmic and melodic hooks"}, {"id": 5, "text": "minimal harmonic content", "category": "arrangement", "confidence": 0.8, "reasoning": "mostly static chord or drone, with occasional single‑note synth stabs"}, {"id": 6, "text": "loud, compressed mix", "category": "production", "confidence": 0.9, "reasoning": "maximized loudness, limited dynamic range, heavy side‑chain compression on bass and synths"}], "signatureRelations": [{"id": 1, "text": "drum‑bass‑vocal interplay", "supportRefs": [1, 2, 3], "confidence": 0.8, "reasoning": "drums and bass lock in a tight groove while vocal samples punctuate each bar"}, {"id": 2, "text": "layered synth textures", "supportRefs": [3, 4], "confidence": 0.7, "reasoning": "bass and synth layers are stacked to create a dense, driving wall of sound"}], "styleCues": [{"id": 1, "text": "electronic dance production", "confidence": 0.9, "supportRefs": [1, 2, 3, 4, 5, 6]}, {"id": 2, "text": "sample‑based vocal treatment", "confidence": 0.8, "supportRefs": [4, 5, 6]}], "uncertainties": ["instrument identity ambiguity", "genre label not fully confirmed"], "genreHypotheses": [{"label": "electronic dance music", "confidence": 0.9, "supportRefs": [1, 2, 3, 4, 5, 6]}, {"label": "EDM subgenre not specified", "confidence": 0.8, "supportRefs": [1, 2, 3, 4, 5, 6]}], "aestheticConcepts": [{"text": "high‑energy club atmosphere", "confidence": 0.9, "supportRefs": [1, 2, 3, 4, 5, 6]}, {"text": "driven, relentless momentum", "confidence": 0.8, "supportRefs": [1, 2, 3, 4, 5, 6]}], "impressions": [{"text": "intense, kinetic", "confidence": 0.9, "supportRefs": [1, 2, 3, 4, 5, 6]}, {"text": "focused on rhythm and texture", "confidence": 0.8, "supportRefs": [1, 2, 3, 4, 5, 6]}], "contextHypotheses": [{"text": "modern club setting", "category": "scene", "confidence": 0.8, "supportRefs": [1, 2, 3, 4, 5, 6]}, {"text": "contemporary electronic production", "category": "era", "confidence": 0.7, "supportRefs": [1, 2, 3, 4, 5, 6]}]
[Music Flamingo] SANITIZED PACKET SENT TO MUSIC SHOWER (max 6000 chars)
{
  "audibleObservations": [
    {
      "text": "fast driving 4/4 pulse",
      "category": "rhythm",
      "confidence": 0.9,
      "reasoningHints": "steady quarter‑note pulse with strong backbeat typical of high‑energy",
      "id": "1"
    },
    {
      "text": "synthetic drum machine hits",
      "category": "instrumentation",
      "confidence": 0.8,
      "reasoningHints": "punchy kick crisp snare tight hi‑hats all synthesized and tightly gated",
      "id": "2"
    },
    {
      "text": "minimal harmonic content",
      "category": "arrangement",
      "confidence": 0.8,
      "reasoningHints": "mostly static chord or drone with occasional single‑note synth stabs",
      "id": "5"
    },
    {
      "text": "loud compressed mix",
      "category": "production",
      "confidence": 0.9,
      "reasoningHints": "maximized loudness limited dynamic range heavy side‑chain compression on",
      "id": "6"
    },
    {
      "text": "repetitive looped bassline",
      "category": "instrumentation",
      "confidence": 0.9,
      "reasoningHints": "simple low‑mid synth bass that repeats every 4 bars providing a solid",
      "id": "3"
    },
    {
      "text": "high‑pitched heavily processed vocal samples",
      "category": "instrumentation",
      "confidence": 0.9,
      "reasoningHints": "short chopped vocal snippets pitch‑shifted and filtered used as rhythmic",
      "id": "4"
    }
  ],
  "signatureRelations": [
    {
      "text": "drum‑bass‑vocal interplay",
      "confidence": 0.8,
      "reasoningHints": "drums and bass lock in a tight groove while vocal samples punctuate each",
      "supportRefs": [
        "1",
        "2",
        "3"
      ],
      "id": "1"
    },
    {
      "text": "layered synth textures",
      "confidence": 0.7,
      "reasoningHints": "bass and synth layers are stacked to create a dense driving wall of",
      "supportRefs": [
        "3",
        "4"
      ],
      "id": "2"
    }
  ],
  "styleCues": [
    {
      "text": "electronic dance production",
      "confidence": 0.9,
      "reasoningHints": "",
      "supportRefs": [
        "1",
        "2",
        "3",
        "4",
        "5",
        "6"
      ],
      "id": "1"
    },
    {
      "text": "sample‑based vocal treatment",
      "confidence": 0.8,
      "reasoningHints": "",
      "supportRefs": [
        "4",
        "5",
        "6"
      ],
      "id": "2"
    }
  ],
  "uncertainties": [
    "instrument identity ambiguity",
    "genre label not fully confirmed"
  ],
  "genreHypotheses": [
    {
      "label": "electronic dance music",
      "confidence": 0.9,
      "reasoningHints": "",
      "supportRefs": [
        "1",
        "2",
        "3",
        "4",
        "5",
        "6"
      ],
      "id": "g1"
    },
    {
      "label": "EDM subgenre not specified",
      "confidence": 0.8,
      "reasoningHints": "",
      "supportRefs": [
        "1",
        "2",
        "3",
        "4",
        "5",
        "6"
      ],
      "id": "g2"
    }
  ],
  "aestheticConcepts": [
    {
      "text": "high‑energy club atmosphere",
      "confidence": 0.9,
      "reasoningHints": "",
      "supportRefs": [
        "1",
        "2",
        "3",
        "4",
        "5",
        "6"
      ]
    },
    {
      "text": "driven relentless momentum",
      "confidence": 0.8,
      "reasoningHints": "",
      "supportRefs": [
        "1",
        "2",
        "3",
        "4",
        "5",
        "6"
      ]
    }
  ],
  "impressions": [
    {
      "text": "intense kinetic",
      "confidence": 0.9,
      "reasoningHints": "",
      "supportRefs": [
        "1",
        "2",
        "3",
        "4",
        "5",
        "6"
      ]
    },
    {
      "text": "focused on rhythm and texture",
      "confidence": 0.8,
      "reasoningHints": "",
      "supportRefs": [
        "1",
        "2",
        "3",
        "4",
        "5",
        "6"
      ]
    }
  ],
  "contextHypotheses": [
    {
      "text": "modern club setting",
      "category": "scene",
      "confidence": 0.8,
      "reasoningHints": "",
      "supportRefs": [
        "1",
        "2",
        "3",
        "4",
        "5",
        "6"
      ]
    },
    {
      "text": "contemporary electronic production",
      "category": "era",
      "confidence": 0.7,
      "reasoningHints": "",
      "supportRefs": [
        "1",
        "2",
        "3",
        "4",
        "5",
        "6"
      ]
    }
  ],
  "packetDiagnostics": {
    "rawItemCount": 18,
    "acceptedConceptCount": 18,
    "duplicateOrRejectedCount": 0,
    "quarantinedCount": 0,
    "fieldCounts": {
      "audibleObservations": 6,
      "signatureRelations": 2,
      "styleCues": 2,
      "genreHypotheses": 2,
      "contextHypotheses": 2,
      "aestheticConcepts": 2,
      "impressions": 2
    }
  }
}
[Music Flamingo] END PACKET

Inference complete in 123.4s. Packet parsed: ['audibleObservations', 'signatureRelations', 'styleCues', 'uncertainties', 'genreHypotheses', 'aestheticConcepts', 'impressions', 'contextHypotheses', 'packetDiagnostics']
Running Flamingo forensic listening...
[Music Flamingo] input tokens=1001; generation budget=400
[Music Flamingo] FORENSIC RESPONSE (21.4s)
1. Yes, the track is built around a sampled loop that is repeated throughout, serving as the main groove. The loop is a short, rhythmic fragment that is looped and layered with additional percussive elements.
2. No, there are no vocals in this track.
3. Yes, the main loop repeats identically as a loop, forming the backbone of the piece.
4. The production is deliberately lo‑fi and gritty, with audible filtering and bit‑crushing that give the loop a raw, distorted texture.
5. The source material appears to be from an older recording, as the loop sounds like a sampled fragment from an earlier era, while the surrounding production is a more recent, lo‑fi treatment.
[Music Flamingo] FORENSIC ANSWERS [{"key": "sampled", "answer": "yes", "cue": "the track is built around a sampled loop that is repeated throughout, serving as the main groove. The loop is a short, rhythmic fragment that is looped and"}, {"key": "vocals", "answer": "no", "cue": "there are no vocals in this track."}, {"key": "loop", "answer": "yes", "cue": "the main loop repeats identically as a loop, forming the backbone of the piece."}, {"key": "processing", "answer": "unsure", "cue": "The production is deliberately lo‑fi and gritty, with audible filtering and bit‑crushing that give the loop a raw, distorted texture."}, {"key": "sourcePeriod", "answer": "unsure", "cue": "The source material appears to be from an older recording, as the loop sounds like a sampled fragment from an earlier era, while the surrounding production is a"}]
Running Flamingo structured deep-listening inference (first impression)...
[Music Flamingo] input tokens=803; generation budget=256

[Music Flamingo] RAW MODEL RESPONSE (max 6000 chars)
{'audibleObservations': [{'id': 1, 'text': 'steady electronic rhythm', 'category': 'rhythm', 'confidence': 0.95}, {'id': 2, 'text': 'bright synth lead', 'category': 'instrumentation', 'confidence': 0.95}, {'id': 3, 'text': 'clean digital production', 'category': 'production', 'confidence': 0.95}], 'signatureRelations': [{'id': 1, 'text': 'bright synth lead supports steady electronic rhythm', 'supportRefs': [1, 2], 'confidence': 0.95}], 'uncertainties': ['no clear genre label', 'no vocal presence'], 'genreHypotheses': [{'label': 'electronic dance', 'confidence': 0.5}, {'label': 'synthwave', 'confidence': 0.3}], 'aestheticConcepts': [{'text': 'bright synth aesthetic', 'confidence': 0.8, 'supportRefs': [2]}, {'text': 'clean digital aesthetic', 'confidence': 0.8, 'supportRefs': [3]}], 'impressions': [{'text': 'energetic and uplifting',
[Music Flamingo] SANITIZED PACKET SENT TO MUSIC SHOWER (max 6000 chars)
{
  "audibleObservations": [
    {
      "text": "steady electronic rhythm",
      "category": "rhythm",
      "confidence": 0.95,
      "reasoningHints": "",
      "id": "1"
    },
    {
      "text": "bright synth lead",
      "category": "instrumentation",
      "confidence": 0.95,
      "reasoningHints": "",
      "id": "2"
    },
    {
      "text": "clean digital production",
      "category": "production",
      "confidence": 0.95,
      "reasoningHints": "",
      "id": "3"
    }
  ],
  "signatureRelations": [
    {
      "text": "bright synth lead supports steady electronic rhythm",
      "confidence": 0.95,
      "reasoningHints": "",
      "supportRefs": [
        "1",
        "2"
      ],
      "id": "1"
    }
  ],
  "styleCues": [],
  "uncertainties": [
    "no clear genre label",
    "no vocal presence"
  ],
  "genreHypotheses": [
    {
      "label": "electronic dance",
      "confidence": 0.48,
      "reasoningHints": "",
      "supportRefs": [],
      "id": "g1",
      "provisional": true
    },
    {
      "label": "synthwave",
      "confidence": 0.3,
      "reasoningHints": "",
      "supportRefs": [],
      "id": "g2",
      "provisional": true
    }
  ],
  "aestheticConcepts": [
    {
      "text": "bright synth aesthetic",
      "confidence": 0.8,
      "reasoningHints": "",
      "supportRefs": [
        "2"
      ]
    },
    {
      "text": "clean digital aesthetic",
      "confidence": 0.8,
      "reasoningHints": "",
      "supportRefs": [
        "3"
      ]
    }
  ],
  "impressions": [
    {
      "text": "energetic and uplifting",
      "confidence": 0.6,
      "reasoningHints": "",
      "supportRefs": []
    }
  ],
  "contextHypotheses": [],
  "packetDiagnostics": {
    "rawItemCount": 9,
    "acceptedConceptCount": 9,
    "duplicateOrRejectedCount": 0,
    "quarantinedCount": 0,
    "fieldCounts": {
      "audibleObservations": 3,
      "signatureRelations": 1,
      "styleCues": 0,
      "genreHypotheses": 2,
      "contextHypotheses": 0,
      "aestheticConcepts": 2,
      "impressions": 1
    }
  }
}
[Music Flamingo] END PACKET

Inference complete in 33.3s. Packet parsed: ['audibleObservations', 'signatureRelations', 'styleCues', 'uncertainties', 'genreHypotheses', 'aestheticConcepts', 'impressions', 'contextHypotheses', 'packetDiagnostics']
Running Flamingo forensic listening...
[Music Flamingo] input tokens=1001; generation budget=400
[Music Flamingo] FORENSIC RESPONSE (22.7s)
1. Yes, the track is built around a prominent, repetitive vocal sample that is clearly taken from a pre-existing recording. The sample is looped throughout the piece, forming the core melodic and rhythmic hook.
2. Yes, there are vocals. They are in English, delivered in a clear, melodic style, and are heavily processed with pitch‑shifting, time‑stretching, and filtering, giving them a robotic, almost synthetic timbre.
3. Yes, the main vocal sample and the underlying groove repeat identically as a loop, creating a hypnotic, driving feel.
4. The main loop and groove are heavily processed with filtering and sidechain compression, giving them a tight, pumping feel typical of modern electronic production.
5. The source material of the vocal sample sounds like it is from an older recording, suggesting a vintage or retro source, while the surrounding production is contemporary.
[Music Flamingo] FORENSIC ANSWERS [{"key": "sampled", "answer": "yes", "cue": "the track is built around a prominent, repetitive vocal sample that is clearly taken from a pre-existing recording. The sample is looped throughout the piece"}, {"key": "vocals", "answer": "yes", "cue": "there are vocals. They are in English, delivered in a clear, melodic style, and are heavily processed with pitch‑shifting, time‑stretching, and filtering"}, {"key": "loop", "answer": "yes", "cue": "the main vocal sample and the underlying groove repeat identically as a loop, creating a hypnotic, driving feel."}, {"key": "processing", "answer": "unsure", "cue": "The main loop and groove are heavily processed with filtering and sidechain compression, giving them a tight, pumping feel typical of modern electronic"}, {"key": "sourcePeriod", "answer": "unsure", "cue": "The source material of the vocal sample sounds like it is from an older recording, suggesting a vintage or retro source, while the surrounding production is"}]
Running Flamingo structured deep-listening inference...
[Music Flamingo] input tokens=2089; generation budget=1024

[Music Flamingo] RAW MODEL RESPONSE (max 6000 chars)
{'audibleObservations': [{'id': 1, 'text': 'steady 4/4 pulse', 'category': 'rhythm', 'confidence': 0.9, 'reasoning': 'clear downbeat on each beat, regular subdivision of 16th notes, no swing or syncopation.'}, {'id': 2, 'text': 'synth bass with sidechain compression', 'category': 'instrumentation', 'confidence': 0.8, 'reasoning': 'low‑end electronic bass that ducks under the kick drum, typical of EDM.'}, {'id': 3, 'text': 'bright synth lead melody', 'category': 'instrumentation', 'confidence': 0.8, 'reasoning': 'high‑frequency synth line playing a simple, repetitive motif.'}, {'id': 4, 'text': 'four‑on‑the‑floor kick drum', 'category': 'rhythm', 'confidence': 0.9, 'reasoning': 'kick on every quarter note, driving the dance groove.'}, {'id': 5, 'text': 'closed hi‑hat on off‑beats', 'category': 'rhythm', 'confidence': 0.8, 'reasoning': 'steady closed hi‑hat on the 2nd and 4th sixteenth notes of each beat.'}, {'id': 6, 'text': 'minimal percussive fills', 'category': 'rhythm', 'confidence': 0.6, 'reasoning': 'only occasional short fills, no complex pattern.'}, {'id': 7, 'text': 'repetitive synth chord pads', 'category': 'instrumentation', 'confidence': 0.7, 'reasoning': 'sustained chords that repeat every 4–8 bars, providing harmonic backdrop.'}, {'id': 8, 'text': 'clean, compressed mix', 'category': 'production', 'confidence': 0.8, 'reasoning': 'loud overall level, limited dynamic range, typical of club‑oriented EDM.'}], 'signatureRelations': [{'id': 1, 'text': 'kick and bass lock in phase', 'supportRefs': [4, 5], 'confidence': 0.9, 'reasoning': 'kick and bass are synchronized, reinforcing the pulse.'}, {'id': 2, 'text': 'lead synth layered over chord pads', 'supportRefs': [3, 7], 'confidence': 0.8, 'reasoning': 'lead melody sits atop the repeating chord progression, creating a simple melodic hook.'}, {'id': 3, 'text': 'hi‑hat accentuates off‑beats', 'supportRefs': [5], 'confidence': 0.7, 'reasoning': 'closed hi‑hat emphasizes the off‑beat subdivisions, adding rhythmic texture.'}], 'styleCues': [{'id': 1, 'text': 'four‑on‑the‑floor kick', 'confidence': 0.9, 'supportRefs': [4, 5]}, {'id': 2, 'text': 'synth bass with sidechain', 'confidence': 0.8, 'supportRefs': [2, 4]}, {'id': 3, 'text': 'bright lead synth', 'confidence': 0.7, 'supportRefs': [3, 7]}, {'id': 4, 'text': 'minimal percussive fills', 'confidence': 0.5, 'supportRefs': [6]}], 'uncertainties': ['no vocal presence', 'no lyrical content'], 'genreHypotheses': [{'label': 'EDM', 'confidence': 0.9, 'supportRefs': [1, 2, 3, 4, 5, 6, 7, 8]}, {'label': 'dance‑floor track', 'confidence': 0.8, 'supportRefs': [1, 2, 3, 4, 5, 6, 7, 8]}], 'aestheticConcepts': [{'text': 'energetic', 'confidence': 0.8, 'supportRefs': [1, 4, 5, 6, 7, 8]}, {'text': 'bright', 'confidence': 0.7, 'supportRefs': [3, 7]}], 'impressions': [{'text': 'driving', 'confidence': 0.6, 'supportRefs': [1, 4, 5, 6, 7, 8]}, {'text': 'hypnotic', 'confidence': 0.5, 'supportRefs': [1, 2, 3, 4, 5, 6, 7, 8]}], 'contextHypotheses': [{'text': 'club setting', '
[Music Flamingo] SANITIZED PACKET SENT TO MUSIC SHOWER (max 6000 chars)
{
  "audibleObservations": [
    {
      "text": "steady 4/4 pulse",
      "category": "rhythm",
      "confidence": 0.9,
      "reasoningHints": "clear downbeat on each beat regular subdivision of 16th notes no swing",
      "id": "1"
    },
    {
      "text": "synth bass with sidechain compression",
      "category": "instrumentation",
      "confidence": 0.8,
      "reasoningHints": "low‑end electronic bass that ducks under the kick drum typical of EDM.",
      "id": "2"
    },
    {
      "text": "clean compressed mix",
      "category": "production",
      "confidence": 0.8,
      "reasoningHints": "loud overall level limited dynamic range typical of club‑oriented EDM.",
      "id": "8"
    },
    {
      "text": "bright synth lead melody",
      "category": "instrumentation",
      "confidence": 0.8,
      "reasoningHints": "high‑frequency synth line playing a simple repetitive motif.",
      "id": "3"
    },
    {
      "text": "four‑on‑the‑floor kick drum",
      "category": "rhythm",
      "confidence": 0.9,
      "reasoningHints": "kick on every quarter note driving the dance groove.",
      "id": "4"
    },
    {
      "text": "closed hi‑hat on off‑beats",
      "category": "rhythm",
      "confidence": 0.8,
      "reasoningHints": "steady closed hi‑hat on the 2nd and 4th sixteenth notes of each beat.",
      "id": "5"
    },
    {
      "text": "repetitive synth chord pads",
      "category": "instrumentation",
      "confidence": 0.7,
      "reasoningHints": "sustained chords that repeat every 4–8 bars providing harmonic backdrop.",
      "id": "7"
    },
    {
      "text": "minimal percussive fills",
      "category": "rhythm",
      "confidence": 0.6,
      "reasoningHints": "only occasional short fills no complex pattern.",
      "id": "6"
    }
  ],
  "signatureRelations": [
    {
      "text": "kick and bass lock in phase",
      "confidence": 0.9,
      "reasoningHints": "kick and bass are synchronized reinforcing the pulse.",
      "supportRefs": [
        "4",
        "5"
      ],
      "id": "1"
    },
    {
      "text": "lead synth layered over chord pads",
      "confidence": 0.8,
      "reasoningHints": "lead melody sits atop the repeating chord progression creating a simple",
      "supportRefs": [
        "3",
        "7"
      ],
      "id": "2"
    },
    {
      "text": "hi‑hat accentuates off‑beats",
      "confidence": 0.7,
      "reasoningHints": "closed hi‑hat emphasizes the off‑beat subdivisions adding rhythmic",
      "supportRefs": [
        "5"
      ],
      "id": "3"
    }
  ],
  "styleCues": [
    {
      "text": "four‑on‑the‑floor kick",
      "confidence": 0.9,
      "reasoningHints": "",
      "supportRefs": [
        "4",
        "5"
      ],
      "id": "1"
    },
    {
      "text": "synth bass with sidechain",
      "confidence": 0.8,
      "reasoningHints": "",
      "supportRefs": [
        "2",
        "4"
      ],
      "id": "2"
    },
    {
      "text": "bright lead synth",
      "confidence": 0.7,
      "reasoningHints": "",
      "supportRefs": [
        "3",
        "7"
      ],
      "id": "3"
    },
    {
      "text": "minimal percussive fills",
      "confidence": 0.5,
      "reasoningHints": "",
      "supportRefs": [
        "6"
      ],
      "id": "4"
    }
  ],
  "uncertainties": [
    "no vocal presence",
    "no lyrical content"
  ],
  "genreHypotheses": [
    {
      "label": "EDM",
      "confidence": 0.9,
      "reasoningHints": "",
      "supportRefs": [
        "1",
        "2",
        "3",
        "4",
        "5",
        "6",
        "7",
        "8"
      ],
      "id": "g1"
    },
    {
      "label": "dance‑floor track",
      "confidence": 0.8,
      "reasoningHints": "",
      "supportRefs": [
        "1",
        "2",
        "3",
        "4",
        "5",
        "6",
        "7",
        "8"
      ],
      "id": "g2"
    }
  ],
  "aestheticConcepts": [
    {
      "text": "energetic",
      "confidence": 0.8,
      "reasoningHints": "",
      "supportRefs": [
        "1",
        "4",
        "5",
        "6",
        "7",
        "8"
      ]
    },
    {
      "text": "bright",
      "confidence": 0.7,
      "reasoningHints": "",
      "supportRefs": [
        "3",
        "7"
      ]
    }
  ],
  "impressions": [
    {
      "text": "driving",
      "confidence": 0.6,
      "reasoningHints": "",
      "supportRefs": [
        "1",
        "4",
        "5",
        "6",
        "7",
        "8"
      ]
    },
    {
      "text": "hypnotic",
      "confidence": 0.5,
      "reasoningHints": "",
      "supportRefs": [
        "1",
        "2",
        "3",
        "4",
        "5",
        "6",
        "7",
        "8"
      ]
    }
  ],
  "contextHypotheses": [
    {
      "text": "club setting",
      "category": "scene",
      "confidence": 0.6,
      "reasoningHints": "",
      "supportRefs": []
    }
  ],
  "packetDiagnostics": {
    "rawItemCount": 22,
    "acceptedConceptCount": 22,
    "duplicateOrRejectedCount": 0,
    "quarantinedCount": 0,
    "fieldCounts": {
      "audibleObservations": 8,
      "signatureRelations": 3,
      "styleCues": 4,
      "genreHypotheses": 2,
      "contextHypotheses": 1,
      "aestheticConcepts": 2,
      "impressions": 2
    }
  }
}
[Music Flamingo] END PACKET

Inference complete in 141.1s. Packet parsed: ['audibleObservations', 'signatureRelations', 'styleCues', 'uncertainties', 'genreHypotheses', 'aestheticConcepts', 'impressions', 'contextHypotheses', 'packetDiagnostics']
Running Flamingo forensic listening...
[Music Flamingo] input tokens=1001; generation budget=400
[Music Flamingo] FORENSIC RESPONSE (19.2s)
1. Yes, the track is built around a sampled loop that is looped and layered throughout, giving it a distinct source material feel.
2. Yes, there are vocals. They are in English, and the vocal samples are heavily processed with pitch‑shifting, time‑stretching, and filtering, creating a chopped, almost robotic texture.
3. Yes, a short vocal phrase repeats identically as a loop, forming the main hook.
4. The main loop is filtered and side‑chained, giving it a pumping feel, and the overall production is polished with modern compression and stereo widening.
5. The source material appears to be from an older recording, likely from the 1980s or 1990s, as indicated by the vintage sample quality and the way it is treated in the mix.
[Music Flamingo] FORENSIC ANSWERS [{"key": "sampled", "answer": "yes", "cue": "the track is built around a sampled loop that is looped and layered throughout, giving it a distinct source material feel."}, {"key": "vocals", "answer": "yes", "cue": "there are vocals. They are in English, and the vocal samples are heavily processed with pitch‑shifting, time‑stretching, and filtering, creating a chopped"}, {"key": "loop", "answer": "yes", "cue": "a short vocal phrase repeats identically as a loop, forming the main hook."}, {"key": "processing", "answer": "unsure", "cue": "The main loop is filtered and side‑chained, giving it a pumping feel, and the overall production is polished with modern compression and stereo widening."}, {"key": "sourcePeriod", "answer": "unsure", "cue": "The source material appears to be from an older recording, likely from the 1980s or 1990s, as indicated by the vintage sample quality and the way it is treated"}]
Running Flamingo structured deep-listening inference...
[Music Flamingo] input tokens=2090; generation budget=1024
[Music Flamingo] NOTE: fewer items than the model sent: audibleObservations 22->8

[Music Flamingo] RAW MODEL RESPONSE (max 6000 chars)
{'audibleObservations': [{'id': 1, 'text': 'steady 4/4 pulse', 'category': 'rhythm', 'confidence': 0.9, 'reasoning': 'clear downbeat on each beat, regular subdivision of 4', 'uncertainty': 'could be electronic or acoustic drum kit'}, {'id': 2, 'text': 'synth bass with long sustain', 'category': 'instrumentation', 'confidence': 0.8, 'reasoning': 'low-frequency synth tone, long decay, no percussive attack'}, {'id': 3, 'text': 'minimal percussive elements', 'category': 'instrumentation', 'confidence': 0.6, 'reasoning': 'only faint hi-hat or click, no full drum kit'}, {'id': 4, 'text': 'simple chordal pad', 'category': 'instrumentation', 'confidence': 0.7, 'reasoning': 'soft, sustained synth chords, no arpeggiation'}, {'id': 5, 'text': 'vocal line with melodic contour', 'category': 'vocal performance', 'confidence': 0.8, 'reasoning': 'clear pitch, slight vibrato, no harshness or screaming'}, {'id': 6, 'text': 'repetitive melodic hook', 'category': 'melodic content', 'confidence': 0.9, 'reasoning': 'short melodic phrase repeated several times'}, {'id': 7, 'text': 'sparse arrangement', 'category': 'arrangement', 'confidence': 0.5, 'reasoning': 'few layers, mostly bass and vocal, no dense instrumentation'}, {'id': 8, 'text': 'consistent dynamics', 'category': 'dynamics', 'confidence': 0.8, 'reasoning': 'volume stays relatively constant, no dramatic crescendos or drops'}, {'id': 9, 'text': 'clean production', 'category': 'production', 'confidence': 0.7, 'reasoning': 'minimal processing, clear separation of elements, modest reverb'}, {'id': 10, 'text': 'no prominent drums', 'category': 'instrumentation', 'confidence': 0.6, 'reasoning': 'drums are either absent or very low in the mix'}, {'id': 11, 'text': 'synth pad background', 'category': 'instrumentation', 'confidence': 0.8, 'reasoning': 'soft, sustained synth chords, no percussive attack'}, {'id': 12, 'text': 'vocal melody repeats', 'category': 'vocal performance', 'confidence': 0.9, 'reasoning': 'same melodic phrase each time, no variation'}, {'id': 13, 'text': 'steady tempo', 'category': 'rhythm', 'confidence': 0.9, 'reasoning': 'consistent beat throughout, no tempo changes'}, {'id': 14, 'text': 'minimalistic arrangement', 'category': 'arrangement', 'confidence': 0.6, 'reasoning': 'few elements, focus on vocal and bass'}, {'id': 15, 'text': 'clean mix', 'category': 'production', 'confidence': 0.8, 'reasoning': 'clear vocal presence, balanced levels, modest compression'}, {'id': 16, 'text': 'no heavy effects', 'category': 'production', 'confidence': 0.7, 'reasoning': 'little distortion, reverb, or delay, mostly dry vocal'}, {'id': 17, 'text': 'simple chord progression', 'category': 'harmony', 'confidence': 0.7, 'reasoning': 'repeating two or three chords, no complex modulation'}, {'id': 18, 'text': 'steady 4/4 pulse', 'category': 'rhythm', 'confidence': 0.9, 'reasoning': 'clear downbeat on each beat, regular subdivision of 4'}, {'id': 19, 'text': 'synth bass with long sustain', 'category': 'instrumentation', 'confidence': 0.8, 'reasoning': 'low-frequency synth tone, long decay, no percussive attack'}, {'id': 20, 'text': 'minimal percussive elements', 'category': 'instrumentation', 'confidence': 0.6, 'reasoning': 'only faint hi-hat or click, no full drum kit'}, {'id': 21, 'text': 'simple chordal pad', 'category': 'instrumentation', 'confidence': 0.7, 'reasoning': 'soft, sustained synth chords, no arpeggiation'}, {'id': 22, 'text':
[Music Flamingo] SANITIZED PACKET SENT TO MUSIC SHOWER (max 6000 chars)
{
  "audibleObservations": [
    {
      "text": "steady 4/4 pulse",
      "category": "rhythm",
      "confidence": 0.9,
      "reasoningHints": "clear downbeat on each beat regular subdivision of 4",
      "id": "1"
    },
    {
      "text": "synth bass with long sustain",
      "category": "instrumentation",
      "confidence": 0.8,
      "reasoningHints": "low-frequency synth tone long decay no percussive attack",
      "id": "2"
    },
    {
      "text": "vocal line with melodic contour",
      "category": "performance",
      "confidence": 0.8,
      "reasoningHints": "clear pitch slight vibrato no harshness or screaming",
      "sourceCategory": "vocal performance",
      "id": "5"
    },
    {
      "text": "repetitive melodic hook",
      "category": "arrangement",
      "confidence": 0.9,
      "reasoningHints": "short melodic phrase repeated several times",
      "sourceCategory": "melodic content",
      "id": "6"
    },
    {
      "text": "sparse arrangement",
      "category": "arrangement",
      "confidence": 0.5,
      "reasoningHints": "few layers mostly bass and vocal no dense instrumentation",
      "id": "7"
    },
    {
      "text": "consistent dynamics",
      "category": "dynamics",
      "confidence": 0.8,
      "reasoningHints": "volume stays relatively constant no dramatic crescendos or drops",
      "id": "8"
    },
    {
      "text": "clean production",
      "category": "production",
      "confidence": 0.7,
      "reasoningHints": "minimal processing clear separation of elements modest reverb",
      "id": "9"
    },
    {
      "text": "simple chord progression",
      "category": "arrangement",
      "confidence": 0.7,
      "reasoningHints": "repeating two or three chords no complex modulation",
      "sourceCategory": "harmony",
      "id": "17"
    }
  ],
  "signatureRelations": [],
  "styleCues": [],
  "uncertainties": [],
  "genreHypotheses": [],
  "aestheticConcepts": [],
  "impressions": [],
  "contextHypotheses": [],
  "packetDiagnostics": {
    "rawItemCount": 22,
    "acceptedConceptCount": 8,
    "duplicateOrRejectedCount": 14,
    "quarantinedCount": 0,
    "fieldCounts": {
      "audibleObservations": 8,
      "signatureRelations": 0,
      "styleCues": 0,
      "genreHypotheses": 0,
      "contextHypotheses": 0,
      "aestheticConcepts": 0,
      "impressions": 0
    }
  }
}
[Music Flamingo] END PACKET

Inference complete in 125.7s. Packet parsed: ['audibleObservations', 'signatureRelations', 'styleCues', 'uncertainties', 'genreHypotheses', 'aestheticConcepts', 'impressions', 'contextHypotheses', 'packetDiagnostics']
Running Flamingo forensic listening...
[Music Flamingo] input tokens=1001; generation budget=400
[Music Flamingo] FORENSIC RESPONSE (15.4s)
1. Yes, the track is built around a sampled loop that is repeated throughout, forming the main groove.
2. No, there are no vocals.
3. Yes, the main loop repeats identically as a loop.
4. The main loop is processed with filtering and sidechain compression, giving it a tight, pumping feel.
5. The source material appears to be from an older recording, likely from the 1970s or 1980s, as suggested by the warm, slightly lo‑fi texture of the sample.
[Music Flamingo] FORENSIC ANSWERS [{"key": "sampled", "answer": "yes", "cue": "the track is built around a sampled loop that is repeated throughout, forming the main groove."}, {"key": "vocals", "answer": "no", "cue": "there are no vocals."}, {"key": "loop", "answer": "yes", "cue": "the main loop repeats identically as a loop."}, {"key": "processing", "answer": "unsure", "cue": "The main loop is processed with filtering and sidechain compression, giving it a tight, pumping feel."}, {"key": "sourcePeriod", "answer": "unsure", "cue": "The source material appears to be from an older recording, likely from the 1970s or 1980s, as suggested by the warm, slightly lo‑fi texture of the sample."}]
Running Flamingo structured deep-listening inference...
[Music Flamingo] input tokens=2090; generation budget=1024

[Music Flamingo] RAW MODEL RESPONSE (max 6000 chars)
{'audibleObservations': [{'id': 1, 'text': 'steady 4/4 pulse', 'category': 'rhythm', 'confidence': 0.9, 'reasoning': 'clear, consistent downbeat on every beat'}, {'id': 2, 'text': 'tight, punchy kick drum', 'category': 'instrumentation', 'confidence': 0.8, 'reasoning': 'dominant low‑end thump with short decay, typical of electronic dance music.'}, {'id': 3, 'text': 'bright, percussive hi‑hats', 'category': 'instrumentation', 'confidence': 0.8, 'reasoning': 'sharp, staccato hi‑hat patterns that accentuate the off‑beats.'}, {'id': 4, 'text': 'repetitive synth bassline', 'category': 'instrumentation', 'confidence': 0.8, 'reasoning': 'simple, looped low‑frequency synth that locks with the kick.'}, {'id': 5, 'text': 'layered synth pads', 'category': 'instrumentation', 'confidence': 0.7, 'reasoning': 'warm, sustained chords that fill the mid‑range without complex melodic movement.'}, {'id': 6, 'text': 'minimal melodic content', 'category': 'arrangement', 'confidence': 0.9, 'reasoning': 'no distinct lead melody; focus on groove and texture.'}, {'id': 7, 'text': 'steady volume level', 'category': 'production', 'confidence': 0.9, 'reasoning': 'consistent loudness throughout, suggesting a polished, club‑ready mix.'}], 'signatureRelations': [{'id': 1, 'text': 'kick and bass lock', 'category': 'rhythm', 'confidence': 0.8, 'reasoning': 'the kick drum and synth bass are tightly synchronized, creating a solid low‑end foundation.'}, {'id': 2, 'text': 'hi‑hat syncopation', 'category': 'rhythm', 'confidence': 0.7, 'reasoning': 'the hi‑hat pattern adds syncopated accents that contrast with the straight kick.'}, {'id': 3, 'text': 'pad layering', 'category': 'arrangement', 'confidence': 0.6, 'reasoning': 'the synth pads are layered to provide harmonic support while keeping the mix uncluttered.'}], 'styleCues': [{'id': 1, 'text': 'electronic drum kit', 'category': 'instrumentation', 'confidence': 0.8, 'reasoning': 'the kick, snare, and hi‑hat sounds are synthesized rather than acoustic, indicating a fully electronic production.'}, {'id': 2, 'text': 'synth bass with side‑chain compression', 'category': 'production', 'confidence': 0.7, 'reasoning': 'the bassline ducks under the kick, a common technique in EDM to enhance groove and clarity.'}], 'uncertainties': ['instrumentation ambiguity', 'genre ambiguity'], 'genreHypotheses': [{'label': 'electronic dance music', 'confidence': 0.6, 'supportRefs': [1, 2, 3, 4, 5, 6, 7], 'reasoning': 'the combination of a steady 4/4 beat, punchy electronic drums, a simple synth bass, and minimal melodic content is characteristic of many EDM sub‑genres.'}, {'label': 'minimal techno', 'confidence': 0.4, 'supportRefs': [1, 2, 3, 4, 5, 6, 7], 'reasoning': 'the focus on rhythm, the repetitive bassline, and the sparse arrangement align with minimal techno aesthetics.'}], 'aestheticConcepts': [{'text': 'hypnotic groove', 'confidence': 0.7, 'supportRefs': [1, 2, 3, 4, 5, 6, 7], 'reasoning': 'the steady pulse and looping bass create a trance‑like, immersive feel.'}, {'text': 'club‑floor energy', 'confidence': 0.6, 'supportRefs': [1, 2, 3, 4, 5, 6, 7], 'reasoning': 'the consistent volume and driving rhythm are designed to sustain high energy on a dance floor.'}], 'impressions': [{'text': 'energetic, forward‑moving', 'confidence': 0.8, 'supportRefs': [1, 2, 3, 4, 5, 6, 7], 'reasoning': 'the track’s steady beat and punchy drums convey a sense of momentum and
[Music Flamingo] SANITIZED PACKET SENT TO MUSIC SHOWER (max 6000 chars)
{
  "audibleObservations": [
    {
      "text": "steady 4/4 pulse",
      "category": "rhythm",
      "confidence": 0.9,
      "reasoningHints": "clear consistent downbeat on every beat",
      "id": "1"
    },
    {
      "text": "tight punchy kick drum",
      "category": "instrumentation",
      "confidence": 0.8,
      "reasoningHints": "dominant low‑end thump with short decay typical of electronic dance",
      "id": "2"
    },
    {
      "text": "minimal melodic content",
      "category": "arrangement",
      "confidence": 0.9,
      "reasoningHints": "no distinct lead melody focus on groove and texture.",
      "id": "6"
    },
    {
      "text": "steady volume level",
      "category": "production",
      "confidence": 0.9,
      "reasoningHints": "consistent loudness throughout suggesting a polished club‑ready mix.",
      "id": "7"
    },
    {
      "text": "bright percussive hi‑hats",
      "category": "instrumentation",
      "confidence": 0.8,
      "reasoningHints": "sharp staccato hi‑hat patterns that accentuate the off‑beats.",
      "id": "3"
    },
    {
      "text": "repetitive synth bassline",
      "category": "instrumentation",
      "confidence": 0.8,
      "reasoningHints": "simple looped low‑frequency synth that locks with the kick.",
      "id": "4"
    },
    {
      "text": "layered synth pads",
      "category": "instrumentation",
      "confidence": 0.7,
      "reasoningHints": "warm sustained chords that fill the mid‑range without complex melodic",
      "id": "5"
    }
  ],
  "signatureRelations": [
    {
      "text": "kick and bass lock",
      "confidence": 0.8,
      "reasoningHints": "the kick drum and synth bass are tightly synchronized creating a solid",
      "supportRefs": [],
      "id": "1"
    },
    {
      "text": "hi‑hat syncopation",
      "confidence": 0.7,
      "reasoningHints": "the hi‑hat pattern adds syncopated accents that contrast with the",
      "supportRefs": [],
      "id": "2"
    },
    {
      "text": "pad layering",
      "confidence": 0.6,
      "reasoningHints": "the synth pads are layered to provide harmonic support while keeping the",
      "supportRefs": [],
      "id": "3"
    }
  ],
  "styleCues": [
    {
      "text": "electronic drum kit",
      "confidence": 0.8,
      "reasoningHints": "the kick snare and hi‑hat sounds are synthesized rather than acoustic",
      "supportRefs": [],
      "id": "1"
    },
    {
      "text": "synth bass with side‑chain compression",
      "confidence": 0.7,
      "reasoningHints": "the bassline ducks under the kick a common technique in EDM to enhance",
      "supportRefs": [],
      "id": "2"
    }
  ],
  "uncertainties": [
    "instrumentation ambiguity",
    "genre ambiguity"
  ],
  "genreHypotheses": [
    {
      "label": "electronic dance music",
      "confidence": 0.6,
      "reasoningHints": "the combination of a steady 4/4 beat punchy electronic drums a simple",
      "supportRefs": [
        "1",
        "2",
        "3",
        "4",
        "5",
        "6",
        "7"
      ],
      "id": "g1"
    },
    {
      "label": "minimal techno",
      "confidence": 0.4,
      "reasoningHints": "the focus on rhythm the repetitive bassline and the sparse arrangement",
      "supportRefs": [
        "1",
        "2",
        "3",
        "4",
        "5",
        "6",
        "7"
      ],
      "id": "g2"
    }
  ],
  "aestheticConcepts": [
    {
      "text": "hypnotic groove",
      "confidence": 0.7,
      "reasoningHints": "the steady pulse and looping bass create a trance‑like immersive feel.",
      "supportRefs": [
        "1",
        "2",
        "3",
        "4",
        "5",
        "6",
        "7"
      ]
    },
    {
      "text": "club‑floor energy",
      "confidence": 0.6,
      "reasoningHints": "the consistent volume and driving rhythm are designed to sustain high",
      "supportRefs": [
        "1",
        "2",
        "3",
        "4",
        "5",
        "6",
        "7"
      ]
    }
  ],
  "impressions": [
    {
      "text": "energetic forward‑moving",
      "confidence": 0.8,
      "reasoningHints": "",
      "supportRefs": [
        "1",
        "2",
        "3",
        "4",
        "5",
        "6",
        "7"
      ]
    }
  ],
  "contextHypotheses": [],
  "packetDiagnostics": {
    "rawItemCount": 17,
    "acceptedConceptCount": 17,
    "duplicateOrRejectedCount": 0,
    "quarantinedCount": 0,
    "fieldCounts": {
      "audibleObservations": 7,
      "signatureRelations": 3,
      "styleCues": 2,
      "genreHypotheses": 2,
      "contextHypotheses": 0,
      "aestheticConcepts": 2,
      "impressions": 1
    }
  }
}
[Music Flamingo] END PACKET

Inference complete in 127.6s. Packet parsed: ['audibleObservations', 'signatureRelations', 'styleCues', 'uncertainties', 'genreHypotheses', 'aestheticConcepts', 'impressions', 'contextHypotheses', 'packetDiagnostics']
Running Flamingo forensic listening...
[Music Flamingo] input tokens=1001; generation budget=400
[Music Flamingo] FORENSIC RESPONSE (32.5s)
1. Yes, the track is built around a sampled loop that is looped throughout the piece. The loop is a short, repetitive melodic fragment that is used as the main groove and is clearly taken from a pre-existing recording.
2. Yes, there are vocals. The vocal style is a confident, rhythmic rap delivery. The timbre is clear and direct, with a slightly processed, almost robotic quality. The vocals are pitch‑corrected with autotune, and they are heavily compressed and placed in a spacious reverb and delay. The language is English.
3. Yes, the main vocal hook repeats identically as a loop. The phrase “I just wanna make that you know that’s what I’m saying” is repeated throughout the track, functioning as the central hook.
4. The main loop is filtered, giving it a lo‑fi, slightly muffled character. The overall mix is heavily compressed, creating a tight, punchy feel, and the stereo field is wide, with the loop and vocals centered.
5. The sampled loop sounds like it is from an older recording, likely from the 1990s or early 2000s, while the surrounding production is modern, polished, and high‑fidelity.
[Music Flamingo] FORENSIC ANSWERS [{"key": "sampled", "answer": "yes", "cue": "the track is built around a sampled loop that is looped throughout the piece. The loop is a short, repetitive melodic fragment that is used as the main groove"}, {"key": "vocals", "answer": "yes", "cue": "there are vocals. The vocal style is a confident, rhythmic rap delivery. The timbre is clear and direct, with a slightly processed, almost robotic quality. The"}, {"key": "loop", "answer": "yes", "cue": "the main vocal hook repeats identically as a loop. The phrase “I just wanna make that you know that’s what I’m saying” is repeated throughout the track"}, {"key": "processing", "answer": "unsure", "cue": "The main loop is filtered, giving it a lo‑fi, slightly muffled character. The overall mix is heavily compressed, creating a tight, punchy feel, and the stereo"}, {"key": "sourcePeriod", "answer": "unsure", "cue": "The sampled loop sounds like it is from an older recording, likely from the 1990s or early 2000s, while the surrounding production is modern, polished, and"}]
Running Flamingo structured deep-listening inference...
[Music Flamingo] input tokens=2090; generation budget=1024
Inference cancelled: superseded during generation
Client already disconnected; 409 not delivered.
Running Flamingo structured deep-listening inference (first impression)...
[Music Flamingo] input tokens=803; generation budget=256

[Music Flamingo] RAW MODEL RESPONSE (max 6000 chars)
{'audibleObservations': [{'id': 1, 'text': 'fast electronic rhythm', 'category': 'rhythm', 'confidence': 0.95}, {'id': 2, 'text': 'synth bassline', 'category': 'instrumentation', 'confidence': 0.95}, {'id': 3, 'text': 'repetitive vocal sample', 'category': 'performance', 'confidence': 0.95}], 'signatureRelations': [{'id': 1, 'text': 'loop-based arrangement', 'supportRefs': [1, 2, 3], 'confidence': 0.85}, {'id': 2, 'text': 'minimalist production', 'supportRefs': [1, 2, 3], 'confidence': 0.75}], 'uncertainties': ['no clear genre label', 'no explicit mood cue'], 'genreHypotheses': [{'label': 'electronic dance', 'confidence': 0.3}, {'label': 'experimental electronic', 'confidence': 0.2}], 'aestheticConcepts': [{'text': 'glitchcore', 'confidence': 0.4, 'supportRefs': [1
[Music Flamingo] SANITIZED PACKET SENT TO MUSIC SHOWER (max 6000 chars)
{
  "audibleObservations": [
    {
      "text": "fast electronic rhythm",
      "category": "rhythm",
      "confidence": 0.95,
      "reasoningHints": "",
      "id": "1"
    },
    {
      "text": "synth bassline",
      "category": "instrumentation",
      "confidence": 0.95,
      "reasoningHints": "",
      "id": "2"
    },
    {
      "text": "repetitive vocal sample",
      "category": "performance",
      "confidence": 0.95,
      "reasoningHints": "",
      "id": "3"
    }
  ],
  "signatureRelations": [
    {
      "text": "loop-based arrangement",
      "confidence": 0.85,
      "reasoningHints": "",
      "supportRefs": [
        "1",
        "2",
        "3"
      ],
      "id": "1"
    },
    {
      "text": "minimalist production",
      "confidence": 0.75,
      "reasoningHints": "",
      "supportRefs": [
        "1",
        "2",
        "3"
      ],
      "id": "2"
    }
  ],
  "styleCues": [],
  "uncertainties": [
    "no clear genre label",
    "no explicit mood cue"
  ],
  "genreHypotheses": [
    {
      "label": "electronic dance",
      "confidence": 0.3,
      "reasoningHints": "",
      "supportRefs": [],
      "id": "g1",
      "provisional": true
    },
    {
      "label": "experimental electronic",
      "confidence": 0.2,
      "reasoningHints": "",
      "supportRefs": [],
      "id": "g2",
      "provisional": true
    }
  ],
  "aestheticConcepts": [
    {
      "text": "glitchcore",
      "confidence": 0.62,
      "reasoningHints": "",
      "supportRefs": []
    }
  ],
  "impressions": [],
  "contextHypotheses": [],
  "packetDiagnostics": {
    "rawItemCount": 8,
    "acceptedConceptCount": 8,
    "duplicateOrRejectedCount": 0,
    "quarantinedCount": 0,
    "fieldCounts": {
      "audibleObservations": 3,
      "signatureRelations": 2,
      "styleCues": 0,
      "genreHypotheses": 2,
      "contextHypotheses": 0,
      "aestheticConcepts": 1,
      "impressions": 0
    }
  }
}
[Music Flamingo] END PACKET

Inference complete in 35.2s. Packet parsed: ['audibleObservations', 'signatureRelations', 'styleCues', 'uncertainties', 'genreHypotheses', 'aestheticConcepts', 'impressions', 'contextHypotheses', 'packetDiagnostics']
Running Flamingo forensic listening...
[Music Flamingo] input tokens=1001; generation budget=400
Inference cancelled: superseded during generation
Client already disconnected; 409 not delivered.
Running Flamingo structured deep-listening inference (first impression)...
[Music Flamingo] input tokens=803; generation budget=256

[Music Flamingo] RAW MODEL RESPONSE (max 6000 chars)
{'audibleObservations': [{'id': 1, 'text': 'steady electronic pulse', 'category': 'rhythm', 'confidence': 0.95}, {'id': 2, 'text': 'synth pad texture', 'category': 'instrumentation', 'confidence': 0.95}, {'id': 3, 'text': 'minimalist arrangement', 'category': 'arrangement', 'confidence': 0.95}], 'signatureRelations': [{'id': 1, 'text': 'pulse supports synth pad', 'supportRefs': [1, 2], 'confidence': 0.95}], 'uncertainties': ['no clear genre cue', 'no vocal presence'], 'genreHypotheses': [{'label': 'ambient electronic', 'confidence': 0.3}, {'label': 'minimal techno', 'confidence': 0.3}], 'aestheticConcepts': [{'text': 'minimalcore', 'confidence': 0.5, 'supportRefs': [1, 2]}, {'text': 'ambientcore', 'confidence': 0.5, 'supportRefs': [1, 2]}], 'impressions': ['calm', 'contemplative
[Music Flamingo] SANITIZED PACKET SENT TO MUSIC SHOWER (max 6000 chars)
{
  "audibleObservations": [
    {
      "text": "steady electronic pulse",
      "category": "rhythm",
      "confidence": 0.95,
      "reasoningHints": "",
      "id": "1"
    },
    {
      "text": "synth pad texture",
      "category": "instrumentation",
      "confidence": 0.95,
      "reasoningHints": "",
      "id": "2"
    },
    {
      "text": "minimalist arrangement",
      "category": "arrangement",
      "confidence": 0.95,
      "reasoningHints": "",
      "id": "3"
    }
  ],
  "signatureRelations": [
    {
      "text": "pulse supports synth pad",
      "confidence": 0.95,
      "reasoningHints": "",
      "supportRefs": [
        "1",
        "2"
      ],
      "id": "1"
    }
  ],
  "styleCues": [],
  "uncertainties": [
    "no clear genre cue",
    "no vocal presence"
  ],
  "genreHypotheses": [
    {
      "label": "ambient electronic",
      "confidence": 0.3,
      "reasoningHints": "",
      "supportRefs": [],
      "id": "g1",
      "provisional": true
    },
    {
      "label": "minimal techno",
      "confidence": 0.3,
      "reasoningHints": "",
      "supportRefs": [],
      "id": "g2",
      "provisional": true
    }
  ],
  "aestheticConcepts": [
    {
      "text": "minimalcore",
      "confidence": 0.5,
      "reasoningHints": "",
      "supportRefs": [
        "1",
        "2"
      ]
    },
    {
      "text": "ambientcore",
      "confidence": 0.5,
      "reasoningHints": "",
      "supportRefs": [
        "1",
        "2"
      ]
    }
  ],
  "impressions": [
    {
      "text": "calm",
      "confidence": 0.6,
      "reasoningHints": "",
      "supportRefs": []
    }
  ],
  "contextHypotheses": [],
  "packetDiagnostics": {
    "rawItemCount": 9,
    "acceptedConceptCount": 9,
    "duplicateOrRejectedCount": 0,
    "quarantinedCount": 0,
    "fieldCounts": {
      "audibleObservations": 3,
      "signatureRelations": 1,
      "styleCues": 0,
      "genreHypotheses": 2,
      "contextHypotheses": 0,
      "aestheticConcepts": 2,
      "impressions": 1
    }
  }
}
[Music Flamingo] END PACKET

Inference complete in 33.8s. Packet parsed: ['audibleObservations', 'signatureRelations', 'styleCues', 'uncertainties', 'genreHypotheses', 'aestheticConcepts', 'impressions', 'contextHypotheses', 'packetDiagnostics']
Running Flamingo forensic listening...
[Music Flamingo] input tokens=1001; generation budget=400
[Music Flamingo] FORENSIC RESPONSE (21.4s)
1. Yes, the track is built around a sampled loop that is looped and layered throughout, serving as the main groove and harmonic foundation.
2. Yes, there are vocals. They are in English, heavily processed with pitch‑shifting, time‑stretching, and filtering, giving them a robotic, almost vocoder‑like timbre.
3. Yes, a short vocal phrase repeats identically as a loop, forming the core hook of the track.
4. The main loop and groove are heavily filtered and compressed, with sidechain pumping that creates a pulsing, club‑ready feel.
5. The sampled material appears to be from an older source, likely from the late 1990s to early 2000s, while the surrounding production is contemporary, reflecting modern electronic dance music aesthetics.
[Music Flamingo] FORENSIC ANSWERS [{"key": "sampled", "answer": "yes", "cue": "the track is built around a sampled loop that is looped and layered throughout, serving as the main groove and harmonic foundation."}, {"key": "vocals", "answer": "yes", "cue": "there are vocals. They are in English, heavily processed with pitch‑shifting, time‑stretching, and filtering, giving them a robotic, almost vocoder‑like timbre."}, {"key": "loop", "answer": "yes", "cue": "a short vocal phrase repeats identically as a loop, forming the core hook of the track."}, {"key": "processing", "answer": "unsure", "cue": "The main loop and groove are heavily filtered and compressed, with sidechain pumping that creates a pulsing, club‑ready feel."}, {"key": "sourcePeriod", "answer": "unsure", "cue": "The sampled material appears to be from an older source, likely from the late 1990s to early 2000s, while the surrounding production is contemporary, reflecting"}]
Running Flamingo structured deep-listening inference...
[Music Flamingo] input tokens=2089; generation budget=1024

[Music Flamingo] RAW MODEL RESPONSE (max 6000 chars)
{'audibleObservations': [{'id': 1, 'text': 'steady 4/4 pulse', 'category': 'rhythm', 'confidence': 0.95, 'reasoning': 'clear, consistent downbeat on every beat, no swing or syncopation.'}, {'id': 2, 'text': 'synth bass with long sustain', 'category': 'instrumentation', 'confidence': 0.95, 'reasoning': 'low-frequency synth tone that holds notes for several beats, providing a continuous harmonic foundation.'}, {'id': 3, 'text': 'simple electronic drum kit', 'category': 'instrumentation', 'confidence': 0.95, 'reasoning': 'basic kick, snare, and hi-hat sounds typical of a drum machine, programmed in a straightforward pattern.'}, {'id': 4, 'text': 'repetitive melodic synth line', 'category': 'instrumentation', 'confidence': 0.95, 'reasoning': 'bright, high-pitched synth voice that repeats a short motif throughout the segment.'}, {'id': 5, 'text': 'minimal dynamic variation', 'category': 'dynamics', 'confidence': 0.95, 'reasoning': 'volume stays constant; no crescendos, decrescendos, or sudden drops.'}], 'signatureRelations': [{'id': 1, 'text': 'bass and drums lock in tight groove', 'supportRefs': [2, 3, 4], 'confidence': 0.95, 'reasoning': 'the synth bass and drum pattern play together in a unified rhythmic pocket, reinforcing each other.'}, {'id': 2, 'text': 'melody repeats over static harmony', 'supportRefs': [4, 5], 'confidence': 0.95, 'reasoning': 'the melodic synth line cycles over the same chordal backdrop, creating a looped texture.'}], 'styleCues': [{'id': 1, 'text': 'minimalist electronic production', 'confidence': 0.95, 'reasoning': 'the arrangement is sparse, with few layers and a clean mix that emphasizes the core elements.'}, {'id': 2, 'text': 'synth bass as harmonic anchor', 'confidence': 0.95, 'reasoning': 'the bass synth carries the harmonic progression, giving the track a grounded feel.'}], 'uncertainties': ['instrument identity ambiguous'], 'genreHypotheses': [{'label': 'electronic', 'confidence': 0.95, 'supportRefs': [1, 2, 3, 4, 5], 'reasoning': 'the combination of a steady 4/4 beat, synth bass, simple drum programming, and repetitive melodic synth aligns with many electronic subgenres.'}, {'label': 'ambient electronic', 'confidence': 0.7, 'supportRefs': [1, 2, 3, 4, 5], 'reasoning': 'the minimal arrangement, lack of aggressive elements, and focus on texture suggest an ambient or downtempo electronic style.'}], 'aestheticConcepts': [{'text': 'minimalist', 'confidence': 0.95, 'supportRefs': [1, 2, 3, 4, 5], 'reasoning': 'the track’s sparse instrumentation and steady pulse create a restrained, uncluttered soundscape.'}, {'text': 'hypnotic loop', 'confidence': 0.95, 'supportRefs': [4], 'reasoning': 'the repetitive melodic synth line induces a trance‑like, looping effect.'}], 'impressions': [{'text': 'calm and steady', 'confidence': 0.95, 'supportRefs': [1, 2, 3, 4, 5], 'reasoning': 'the consistent rhythm and unchanging dynamics produce a tranquil, unvarying mood.'}], 'contextHypotheses': [{'text': 'contemporary electronic production', 'category': 'scene', 'confidence': 0.95, 'supportRefs': [1, 2, 3, 4, 5], 'reasoning': 'the clean, minimal mix and use of synth elements are characteristic of modern electronic music production.'}, {'text': 'ambient soundscape', 'category': 'scene', 'confidence': 0.7, 'supportRefs': [1, 2, 3, 4, 5], 'reasoning': 'the track’s focus on texture and repetition aligns with ambient music’s emphasis on atmosphere over narrative.'}]
[Music Flamingo] SANITIZED PACKET SENT TO MUSIC SHOWER (max 6000 chars)
{
  "audibleObservations": [
    {
      "text": "steady 4/4 pulse",
      "category": "rhythm",
      "confidence": 0.95,
      "reasoningHints": "clear consistent downbeat on every beat no swing or syncopation.",
      "id": "1"
    },
    {
      "text": "synth bass with long sustain",
      "category": "instrumentation",
      "confidence": 0.95,
      "reasoningHints": "low-frequency synth tone that holds notes for several beats providing a",
      "id": "2"
    },
    {
      "text": "minimal dynamic variation",
      "category": "dynamics",
      "confidence": 0.95,
      "reasoningHints": "volume stays constant no crescendos decrescendos or sudden drops.",
      "id": "5"
    },
    {
      "text": "simple electronic drum kit",
      "category": "instrumentation",
      "confidence": 0.95,
      "reasoningHints": "basic kick snare and hi-hat sounds typical of a drum machine programmed",
      "id": "3"
    },
    {
      "text": "repetitive melodic synth line",
      "category": "instrumentation",
      "confidence": 0.95,
      "reasoningHints": "bright high-pitched synth voice that repeats a short motif throughout",
      "id": "4"
    }
  ],
  "signatureRelations": [
    {
      "text": "bass and drums lock in tight groove",
      "confidence": 0.95,
      "reasoningHints": "the synth bass and drum pattern play together in a unified rhythmic",
      "supportRefs": [
        "2",
        "3",
        "4"
      ],
      "id": "1"
    },
    {
      "text": "melody repeats over static harmony",
      "confidence": 0.95,
      "reasoningHints": "the melodic synth line cycles over the same chordal backdrop creating a",
      "supportRefs": [
        "4",
        "5"
      ],
      "id": "2"
    }
  ],
  "styleCues": [
    {
      "text": "minimalist electronic production",
      "confidence": 0.95,
      "reasoningHints": "the arrangement is sparse with few layers and a clean mix that",
      "supportRefs": [],
      "id": "1"
    },
    {
      "text": "synth bass as harmonic anchor",
      "confidence": 0.95,
      "reasoningHints": "the bass synth carries the harmonic progression giving the track a",
      "supportRefs": [],
      "id": "2"
    }
  ],
  "uncertainties": [
    "instrument identity ambiguous"
  ],
  "genreHypotheses": [
    {
      "label": "electronic",
      "confidence": 0.95,
      "reasoningHints": "the combination of a steady 4/4 beat synth bass simple drum programming",
      "supportRefs": [
        "1",
        "2",
        "3",
        "4",
        "5"
      ],
      "id": "g1"
    },
    {
      "label": "ambient electronic",
      "confidence": 0.7,
      "reasoningHints": "the minimal arrangement lack of aggressive elements and focus on texture",
      "supportRefs": [
        "1",
        "2",
        "3",
        "4",
        "5"
      ],
      "id": "g2"
    }
  ],
  "aestheticConcepts": [
    {
      "text": "minimalist",
      "confidence": 0.95,
      "reasoningHints": "the track’s sparse instrumentation and steady pulse create a restrained",
      "supportRefs": [
        "1",
        "2",
        "3",
        "4",
        "5"
      ]
    },
    {
      "text": "hypnotic loop",
      "confidence": 0.95,
      "reasoningHints": "the repetitive melodic synth line induces a trance‑like looping effect.",
      "supportRefs": [
        "4"
      ]
    }
  ],
  "impressions": [
    {
      "text": "calm and steady",
      "confidence": 0.95,
      "reasoningHints": "the consistent rhythm and unchanging dynamics produce a tranquil",
      "supportRefs": [
        "1",
        "2",
        "3",
        "4",
        "5"
      ]
    }
  ],
  "contextHypotheses": [
    {
      "text": "contemporary electronic production",
      "category": "scene",
      "confidence": 0.95,
      "reasoningHints": "the clean minimal mix and use of synth elements are characteristic of",
      "supportRefs": [
        "1",
        "2",
        "3",
        "4",
        "5"
      ]
    },
    {
      "text": "ambient soundscape",
      "category": "scene",
      "confidence": 0.7,
      "reasoningHints": "the track’s focus on texture and repetition aligns with ambient music’s",
      "supportRefs": [
        "1",
        "2",
        "3",
        "4",
        "5"
      ]
    }
  ],
  "packetDiagnostics": {
    "rawItemCount": 16,
    "acceptedConceptCount": 16,
    "duplicateOrRejectedCount": 0,
    "quarantinedCount": 0,
    "fieldCounts": {
      "audibleObservations": 5,
      "signatureRelations": 2,
      "styleCues": 2,
      "genreHypotheses": 2,
      "contextHypotheses": 2,
      "aestheticConcepts": 2,
      "impressions": 1
    }
  }
}
[Music Flamingo] END PACKET

Inference complete in 142.8s. Packet parsed: ['audibleObservations', 'signatureRelations', 'styleCues', 'uncertainties', 'genreHypotheses', 'aestheticConcepts', 'impressions', 'contextHypotheses', 'packetDiagnostics']
Running Flamingo forensic listening...
[Music Flamingo] input tokens=1001; generation budget=400
[Music Flamingo] FORENSIC RESPONSE (19.5s)
1. Yes, the track uses a pre‑existing vocal sample. The vocal sample is taken from a pre‑existing recording and is looped throughout the track.
2. Yes, there are vocals. The language is English. The vocal sample is pitch‑shifted and time‑stretched, and it is filtered.
3. Yes, the phrase “Howlin’ and growlin’” repeats identically as a loop.
4. The main loop and groove are processed with filtering and sidechain pumping.
5. The vocal sample sounds like it is from a 1980s source, while the rest of the production is modern.
[Music Flamingo] FORENSIC ANSWERS [{"key": "sampled", "answer": "yes", "cue": "the track uses a pre‑existing vocal sample. The vocal sample is taken from a pre‑existing recording and is looped throughout the track."}, {"key": "vocals", "answer": "yes", "cue": "there are vocals. The language is English. The vocal sample is pitch‑shifted and time‑stretched, and it is filtered."}, {"key": "loop", "answer": "yes", "cue": "the phrase “Howlin’ and growlin’” repeats identically as a loop."}, {"key": "processing", "answer": "unsure", "cue": "The main loop and groove are processed with filtering and sidechain pumping."}, {"key": "sourcePeriod", "answer": "unsure", "cue": "The vocal sample sounds like it is from a 1980s source, while the rest of the production is modern."}]
Running Flamingo structured deep-listening inference...
[Music Flamingo] input tokens=2090; generation budget=1024
Inference cancelled: superseded during generation
Client already disconnected; 409 not delivered.
Running Flamingo structured deep-listening inference (first impression)...
[Music Flamingo] input tokens=803; generation budget=256
Inference cancelled: superseded during generation
Client already disconnected; 409 not delivered.
Running Flamingo structured deep-listening inference (first impression)...
[Music Flamingo] input tokens=803; generation budget=256
Inference cancelled: superseded during generation
Client already disconnected; 409 not delivered.
Running Flamingo structured deep-listening inference (first impression)...
[Music Flamingo] input tokens=803; generation budget=256

[Music Flamingo] RAW MODEL RESPONSE (max 6000 chars)
{'audibleObservations': [{'id': 1, 'text': 'fast electronic rhythm', 'category': 'rhythm', 'confidence': 0.95}, {'id': 2, 'text': 'synth bassline', 'category': 'instrumentation', 'confidence': 0.95}, {'id': 3, 'text': 'processed vocal samples', 'category': 'performance', 'confidence': 0.95}], 'signatureRelations': [{'id': 1, 'text': 'rhythmic drive', 'supportRefs': ['fast electronic rhythm', 'synth bassline'], 'confidence': 0.95}], 'uncertainties': ['no clear genre label', 'no clear vocal style'], 'genreHypotheses': [{'label': 'electronic dance', 'confidence': 0.5}, {'label': 'experimental electronic', 'confidence': 0.3}], 'aestheticConcepts': [{'text': 'glitchy electronic', 'confidence': 0.7, 'supportRefs': ['processed vocal samples', 'fast electronic rhythm']}, {'text': 'hypnotic synth', 'confidence': 0.6, 'supportRefs': ['synth bass
[Music Flamingo] SANITIZED PACKET SENT TO MUSIC SHOWER (max 6000 chars)
{
  "audibleObservations": [
    {
      "text": "fast electronic rhythm",
      "category": "rhythm",
      "confidence": 0.95,
      "reasoningHints": "",
      "id": "1"
    },
    {
      "text": "synth bassline",
      "category": "instrumentation",
      "confidence": 0.95,
      "reasoningHints": "",
      "id": "2"
    },
    {
      "text": "processed vocal samples",
      "category": "performance",
      "confidence": 0.95,
      "reasoningHints": "",
      "id": "3"
    }
  ],
  "signatureRelations": [
    {
      "text": "rhythmic drive",
      "confidence": 0.95,
      "reasoningHints": "",
      "supportRefs": [
        "fastelectronicrhythm",
        "synthbassline"
      ],
      "id": "1"
    }
  ],
  "styleCues": [],
  "uncertainties": [
    "no clear genre label",
    "no clear vocal style"
  ],
  "genreHypotheses": [
    {
      "label": "electronic dance",
      "confidence": 0.48,
      "reasoningHints": "",
      "supportRefs": [],
      "id": "g1",
      "provisional": true
    },
    {
      "label": "experimental electronic",
      "confidence": 0.3,
      "reasoningHints": "",
      "supportRefs": [],
      "id": "g2",
      "provisional": true
    }
  ],
  "aestheticConcepts": [
    {
      "text": "glitchy electronic",
      "confidence": 0.7,
      "reasoningHints": "",
      "supportRefs": [
        "processedvocalsamples",
        "fastelectronicrhythm"
      ]
    },
    {
      "text": "hypnotic synth",
      "confidence": 0.62,
      "reasoningHints": "",
      "supportRefs": []
    }
  ],
  "impressions": [],
  "contextHypotheses": [],
  "packetDiagnostics": {
    "rawItemCount": 8,
    "acceptedConceptCount": 8,
    "duplicateOrRejectedCount": 0,
    "quarantinedCount": 0,
    "fieldCounts": {
      "audibleObservations": 3,
      "signatureRelations": 1,
      "styleCues": 0,
      "genreHypotheses": 2,
      "contextHypotheses": 0,
      "aestheticConcepts": 2,
      "impressions": 0
    }
  }
}
[Music Flamingo] END PACKET

Inference complete in 37.4s. Packet parsed: ['audibleObservations', 'signatureRelations', 'styleCues', 'uncertainties', 'genreHypotheses', 'aestheticConcepts', 'impressions', 'contextHypotheses', 'packetDiagnostics']
Running Flamingo forensic listening...
[Music Flamingo] input tokens=1001; generation budget=400
[Music Flamingo] FORENSIC RESPONSE (32.1s)
1. Yes, the track is built around a heavily processed vocal sample that is looped and used as a rhythmic element. The sample is pitch‑shifted and time‑stretched, giving it a robotic, almost synthetic timbre. The sample is also filtered and side‑chained to the kick drum, creating a pumping effect that is a hallmark of modern trap production.
2. The vocal sample is in English, but it is heavily processed: pitch‑shifted, time‑stretched, and filtered, making the original timbre and gender indistinguishable. The delivery is chopped and used more as a percussive texture than a melodic line.
3. The phrase “for the new era” is repeated throughout the track, functioning as a looped hook that anchors the arrangement.
4. The main loop is filtered and side‑chained, with a pronounced pumping effect that emphasizes the kick drum. The overall mix is loud and compressed, typical of contemporary trap.
5. The vocal sample sounds like it is taken from a mid‑2000s pop or R&B recording, with a lo‑fi, filtered quality that suggests it was lifted from an older source and then re‑contextualized in a modern trap framework.
[Music Flamingo] FORENSIC ANSWERS [{"key": "sampled", "answer": "yes", "cue": "the track is built around a heavily processed vocal sample that is looped and used as a rhythmic element. The sample is pitch‑shifted and time‑stretched, giving"}, {"key": "vocals", "answer": "unsure", "cue": "The vocal sample is in English, but it is heavily processed: pitch‑shifted, time‑stretched, and filtered, making the original timbre and gender"}, {"key": "loop", "answer": "yes", "cue": "The phrase “for the new era” is repeated throughout the track, functioning as a looped hook that anchors the arrangement.", "inferred": true}, {"key": "processing", "answer": "unsure", "cue": "The main loop is filtered and side‑chained, with a pronounced pumping effect that emphasizes the kick drum. The overall mix is loud and compressed, typical of"}, {"key": "sourcePeriod", "answer": "unsure", "cue": "The vocal sample sounds like it is taken from a mid‑2000s pop or R&B recording, with a lo‑fi, filtered quality that suggests it was lifted from an older source"}]
Running Flamingo structured deep-listening inference...
[Music Flamingo] input tokens=2089; generation budget=1024
Inference cancelled: superseded during generation
Client already disconnected; 409 not delivered.
Running Flamingo structured deep-listening inference (first impression)...
[Music Flamingo] input tokens=803; generation budget=256

[Music Flamingo] RAW MODEL RESPONSE (max 6000 chars)
{'audibleObservations': [{'id': 1, 'text': 'instrumental electronic', 'category': 'instrumentation', 'confidence': 0.95}, {'id': 2, 'text': 'steady 4/4 beat', 'category': 'rhythm', 'confidence': 0.95}, {'id': 3, 'text': 'synth bassline', 'category': 'instrumentation', 'confidence': 0.95}], 'signatureRelations': [{'id': 1, 'text': 'beat-driven electronic', 'supportRefs': ['instrumental electronic', 'steady 4/4 beat'], 'confidence': 0.85}], 'uncertainties': ['no clear genre label', 'no vocal presence'], 'genreHypotheses': [{'label': 'electronic', 'confidence': 0.75, 'supportRefs': ['instrumental electronic', 'steady 4/4 beat']}, {'label': 'ambient', 'confidence': 0.5, 'supportRefs': ['synth bassline']}, {'label': 'minimal techno', 'confidence': 0.3, 'supportRefs': ['instrumental electronic', 'steady 4/4 beat
[Music Flamingo] SANITIZED PACKET SENT TO MUSIC SHOWER (max 6000 chars)
{
  "audibleObservations": [
    {
      "text": "instrumental electronic",
      "category": "instrumentation",
      "confidence": 0.95,
      "reasoningHints": "",
      "id": "1"
    },
    {
      "text": "steady 4/4 beat",
      "category": "rhythm",
      "confidence": 0.95,
      "reasoningHints": "",
      "id": "2"
    },
    {
      "text": "synth bassline",
      "category": "instrumentation",
      "confidence": 0.95,
      "reasoningHints": "",
      "id": "3"
    }
  ],
  "signatureRelations": [
    {
      "text": "beat-driven electronic",
      "confidence": 0.85,
      "reasoningHints": "",
      "supportRefs": [
        "instrumentalelectronic",
        "steady44beat"
      ],
      "id": "1"
    }
  ],
  "styleCues": [],
  "uncertainties": [
    "no clear genre label",
    "no vocal presence"
  ],
  "genreHypotheses": [
    {
      "label": "electronic",
      "confidence": 0.48,
      "reasoningHints": "",
      "supportRefs": [
        "instrumentalelectronic",
        "steady44beat"
      ],
      "id": "g1",
      "provisional": true
    },
    {
      "label": "ambient",
      "confidence": 0.48,
      "reasoningHints": "",
      "supportRefs": [
        "synthbassline"
      ],
      "id": "g2",
      "provisional": true
    },
    {
      "label": "minimal techno",
      "confidence": 0.3,
      "reasoningHints": "",
      "supportRefs": [
        "instrumentalelectronic"
      ],
      "id": "g3",
      "provisional": true
    }
  ],
  "aestheticConcepts": [],
  "impressions": [],
  "contextHypotheses": [],
  "packetDiagnostics": {
    "rawItemCount": 7,
    "acceptedConceptCount": 7,
    "duplicateOrRejectedCount": 0,
    "quarantinedCount": 0,
    "fieldCounts": {
      "audibleObservations": 3,
      "signatureRelations": 1,
      "styleCues": 0,
      "genreHypotheses": 3,
      "contextHypotheses": 0,
      "aestheticConcepts": 0,
      "impressions": 0
    }
  }
}
[Music Flamingo] END PACKET

Inference complete in 37.8s. Packet parsed: ['audibleObservations', 'signatureRelations', 'styleCues', 'uncertainties', 'genreHypotheses', 'aestheticConcepts', 'impressions', 'contextHypotheses', 'packetDiagnostics']
Running Flamingo forensic listening...
[Music Flamingo] input tokens=1001; generation budget=400
Inference cancelled: superseded during generation
Client already disconnected; 409 not delivered.
Running Flamingo structured deep-listening inference (first impression)...
[Music Flamingo] input tokens=803; generation budget=256

[Music Flamingo] RAW MODEL RESPONSE (max 6000 chars)
{'audibleObservations': [{'id': 1, 'text': 'steady four-on-the-floor', 'category': 'rhythm', 'confidence': 0.95}, {'id': 2, 'text': 'bright synth lead', 'category': 'instrumentation', 'confidence': 0.95}, {'id': 3, 'text': 'clean electronic production', 'category': 'production', 'confidence': 0.95}], 'signatureRelations': [{'id': 1, 'text': 'four-on-the-floor and synth lead', 'supportRefs': [1, 2], 'confidence': 0.85}, {'id': 2, 'text': 'clean production and steady beat', 'supportRefs': [1, 3], 'confidence': 0.85}], 'uncertainties': ['no clear genre label', 'no vocal presence'], 'genreHypotheses': [{'label': 'dance', 'confidence': 0.65, 'supportRefs': [1, 2, 3]}, {'label': 'electronic', 'confidence': 0.65, 'supportRefs': [1, 2, 3]}], 'aesthetic
[Music Flamingo] SANITIZED PACKET SENT TO MUSIC SHOWER (max 6000 chars)
{
  "audibleObservations": [
    {
      "text": "steady four-on-the-floor",
      "category": "rhythm",
      "confidence": 0.95,
      "reasoningHints": "",
      "id": "1"
    },
    {
      "text": "bright synth lead",
      "category": "instrumentation",
      "confidence": 0.95,
      "reasoningHints": "",
      "id": "2"
    },
    {
      "text": "clean electronic production",
      "category": "production",
      "confidence": 0.95,
      "reasoningHints": "",
      "id": "3"
    }
  ],
  "signatureRelations": [
    {
      "text": "four-on-the-floor and synth lead",
      "confidence": 0.85,
      "reasoningHints": "",
      "supportRefs": [
        "1",
        "2"
      ],
      "id": "1"
    },
    {
      "text": "clean production and steady beat",
      "confidence": 0.85,
      "reasoningHints": "",
      "supportRefs": [
        "1",
        "3"
      ],
      "id": "2"
    }
  ],
  "styleCues": [],
  "uncertainties": [
    "no clear genre label",
    "no vocal presence"
  ],
  "genreHypotheses": [
    {
      "label": "dance",
      "confidence": 0.48,
      "reasoningHints": "",
      "supportRefs": [
        "1",
        "2",
        "3"
      ],
      "id": "g1",
      "provisional": true
    },
    {
      "label": "electronic",
      "confidence": 0.48,
      "reasoningHints": "",
      "supportRefs": [
        "1",
        "2",
        "3"
      ],
      "id": "g2",
      "provisional": true
    }
  ],
  "aestheticConcepts": [],
  "impressions": [],
  "contextHypotheses": [],
  "packetDiagnostics": {
    "rawItemCount": 7,
    "acceptedConceptCount": 7,
    "duplicateOrRejectedCount": 0,
    "quarantinedCount": 0,
    "fieldCounts": {
      "audibleObservations": 3,
      "signatureRelations": 2,
      "styleCues": 0,
      "genreHypotheses": 2,
      "contextHypotheses": 0,
      "aestheticConcepts": 0,
      "impressions": 0
    }
  }
}
[Music Flamingo] END PACKET

Inference complete in 32.7s. Packet parsed: ['audibleObservations', 'signatureRelations', 'styleCues', 'uncertainties', 'genreHypotheses', 'aestheticConcepts', 'impressions', 'contextHypotheses', 'packetDiagnostics']
Running Flamingo forensic listening...
[Music Flamingo] input tokens=1001; generation budget=400
[Music Flamingo] FORENSIC RESPONSE (22.9s)
1. Yes, the track is built around a prominent, repetitive synth loop that sounds like a sampled or looped phrase, giving it a distinct, loop‑based character.
2. No, there are no vocals in this track.
3. Yes, the main loop repeats identically throughout the piece, forming the core groove.
4. The production is clean and high‑fidelity, with a wide stereo image and consistent volume levels, suggesting a modern, polished mixing approach rather than heavy distortion or lo‑fi processing.
5. The source material appears to be from a mid‑2000s or earlier era, as indicated by the timbre and sound design of the synth loop, while the surrounding production is contemporary.
[Music Flamingo] FORENSIC ANSWERS [{"key": "sampled", "answer": "yes", "cue": "the track is built around a prominent, repetitive synth loop that sounds like a sampled or looped phrase, giving it a distinct, loop‑based character."}, {"key": "vocals", "answer": "no", "cue": "there are no vocals in this track."}, {"key": "loop", "answer": "yes", "cue": "the main loop repeats identically throughout the piece, forming the core groove."}, {"key": "processing", "answer": "unsure", "cue": "The production is clean and high‑fidelity, with a wide stereo image and consistent volume levels, suggesting a modern, polished mixing approach rather than"}, {"key": "sourcePeriod", "answer": "unsure", "cue": "The source material appears to be from a mid‑2000s or earlier era, as indicated by the timbre and sound design of the synth loop, while the surrounding"}]
Running Flamingo structured deep-listening inference...
[Music Flamingo] input tokens=2089; generation budget=1024
Inference cancelled: superseded during generation
Client already disconnected; 409 not delivered.
Running Flamingo structured deep-listening inference (first impression)...
[Music Flamingo] input tokens=803; generation budget=256

[Music Flamingo] RAW MODEL RESPONSE (max 6000 chars)
{'audibleObservations': [{'id': 1, 'text': 'fast electronic rhythm', 'category': 'rhythm', 'confidence': 0.95}, {'id': 2, 'text': 'bright synth melody', 'category': 'instrumentation', 'confidence': 0.95}, {'id': 3, 'text': 'energetic, playful', 'category': 'performance', 'confidence': 0.95}], 'signatureRelations': [{'id': 1, 'text': 'bright synth melody supports fast electronic rhythm', 'supportRefs': [1, 2], 'confidence': 0.95}], 'uncertainties': ['no clear genre label', 'no clear vocal style'], 'genreHypotheses': [{'label': 'electronic dance', 'confidence': 0.5}, {'label': 'chiptune', 'confidence': 0.3}], 'aestheticConcepts': [{'text': 'bright synth aesthetic', 'confidence': 0.8, 'supportRefs': [2]}, {'text': 'playful electronic aesthetic', 'confidence': 0.7, 'supportRefs': [3]}], 'impressions': ['energetic', 'play
[Music Flamingo] SANITIZED PACKET SENT TO MUSIC SHOWER (max 6000 chars)
{
  "audibleObservations": [
    {
      "text": "fast electronic rhythm",
      "category": "rhythm",
      "confidence": 0.95,
      "reasoningHints": "",
      "id": "1"
    },
    {
      "text": "bright synth melody",
      "category": "instrumentation",
      "confidence": 0.95,
      "reasoningHints": "",
      "id": "2"
    },
    {
      "text": "energetic playful",
      "category": "performance",
      "confidence": 0.95,
      "reasoningHints": "",
      "id": "3"
    }
  ],
  "signatureRelations": [
    {
      "text": "bright synth melody supports fast electronic rhythm",
      "confidence": 0.95,
      "reasoningHints": "",
      "supportRefs": [
        "1",
        "2"
      ],
      "id": "1"
    }
  ],
  "styleCues": [],
  "uncertainties": [
    "no clear genre label",
    "no clear vocal style"
  ],
  "genreHypotheses": [
    {
      "label": "electronic dance",
      "confidence": 0.48,
      "reasoningHints": "",
      "supportRefs": [],
      "id": "g1",
      "provisional": true
    },
    {
      "label": "chiptune",
      "confidence": 0.3,
      "reasoningHints": "",
      "supportRefs": [],
      "id": "g2",
      "provisional": true
    }
  ],
  "aestheticConcepts": [
    {
      "text": "bright synth aesthetic",
      "confidence": 0.8,
      "reasoningHints": "",
      "supportRefs": [
        "2"
      ]
    },
    {
      "text": "playful electronic aesthetic",
      "confidence": 0.7,
      "reasoningHints": "",
      "supportRefs": [
        "3"
      ]
    }
  ],
  "impressions": [
    {
      "text": "energetic",
      "confidence": 0.6,
      "reasoningHints": "",
      "supportRefs": []
    }
  ],
  "contextHypotheses": [],
  "packetDiagnostics": {
    "rawItemCount": 9,
    "acceptedConceptCount": 9,
    "duplicateOrRejectedCount": 0,
    "quarantinedCount": 0,
    "fieldCounts": {
      "audibleObservations": 3,
      "signatureRelations": 1,
      "styleCues": 0,
      "genreHypotheses": 2,
      "contextHypotheses": 0,
      "aestheticConcepts": 2,
      "impressions": 1
    }
  }
}
[Music Flamingo] END PACKET

Inference complete in 35.1s. Packet parsed: ['audibleObservations', 'signatureRelations', 'styleCues', 'uncertainties', 'genreHypotheses', 'aestheticConcepts', 'impressions', 'contextHypotheses', 'packetDiagnostics']
Running Flamingo forensic listening...
[Music Flamingo] input tokens=1001; generation budget=400
[Music Flamingo] FORENSIC RESPONSE (20.3s)
1. The track is built around a prominent, repetitive synth loop that sounds like a sampled or looped element, giving it a slightly lo‑fi, nostalgic texture. The main groove is constructed from this loop, which is layered with additional synth parts and a drum pattern.
2. There are no vocals in the track.
3. The main synth loop repeats identically throughout the piece, forming the core groove.
4. The production emphasizes a lo‑fi aesthetic, with subtle tape‑style saturation and a warm, slightly compressed sound that gives the track a vintage feel.
5. The overall recording and production style suggests a 1990s‑era electronic aesthetic, with a nostalgic, lo‑fi character that contrasts with the more modern, polished elements of the arrangement.
[Music Flamingo] FORENSIC ANSWERS [{"key": "sampled", "answer": "yes", "cue": "The track is built around a prominent, repetitive synth loop that sounds like a sampled or looped element, giving it a slightly lo‑fi, nostalgic texture. The", "inferred": true}, {"key": "vocals", "answer": "unsure", "cue": "There are no vocals in the track."}, {"key": "loop", "answer": "yes", "cue": "The main synth loop repeats identically throughout the piece, forming the core groove.", "inferred": true}, {"key": "processing", "answer": "unsure", "cue": "The production emphasizes a lo‑fi aesthetic, with subtle tape‑style saturation and a warm, slightly compressed sound that gives the track a vintage feel."}, {"key": "sourcePeriod", "answer": "unsure", "cue": "The overall recording and production style suggests a 1990s‑era electronic aesthetic, with a nostalgic, lo‑fi character that contrasts with the more modern"}]
Running Flamingo structured deep-listening inference...
[Music Flamingo] input tokens=2089; generation budget=1024
Inference cancelled: superseded during generation
Client already disconnected; 409 not delivered.
Running Flamingo structured deep-listening inference (first impression)...
[Music Flamingo] input tokens=803; generation budget=256

[Music Flamingo] RAW MODEL RESPONSE (max 6000 chars)
{'audibleObservations': [{'id': 1, 'text': 'spoken Korean', 'category': 'performance', 'confidence': 0.95}, {'id': 2, 'text': 'multiple speakers', 'category': 'performance', 'confidence': 0.95}, {'id': 3, 'text': 'no musical accompaniment', 'category': 'arrangement', 'confidence': 0.95}], 'signatureRelations': [{'id': 1, 'text': 'dialogue', 'supportRefs': 'multiple speakers', 'confidence': 0.95}, {'id': 2, 'text': 'informal conversation', 'supportRefs': 'spoken Korean', 'confidence': 0.95}], 'uncertainties': ['no musical context', 'no explicit genre cues'], 'genreHypotheses': [{'label': 'spoken word', 'confidence': 0.95, 'supportRefs': 'multiple speakers, spoken Korean'}, {'label': 'informal dialogue', 'confidence': 0.95, 'supportRefs': 'no musical accompaniment'}], 'aestheticConcepts': [{'text': 'conversational', 'confidence': 0
[Music Flamingo] SANITIZED PACKET SENT TO MUSIC SHOWER (max 6000 chars)
{
  "audibleObservations": [
    {
      "text": "spoken Korean",
      "category": "performance",
      "confidence": 0.95,
      "reasoningHints": "",
      "id": "1"
    },
    {
      "text": "no musical accompaniment",
      "category": "arrangement",
      "confidence": 0.95,
      "reasoningHints": "",
      "id": "3"
    },
    {
      "text": "multiple speakers",
      "category": "performance",
      "confidence": 0.95,
      "reasoningHints": "",
      "id": "2"
    }
  ],
  "signatureRelations": [
    {
      "text": "dialogue",
      "confidence": 0.95,
      "reasoningHints": "",
      "supportRefs": [],
      "id": "1"
    },
    {
      "text": "informal conversation",
      "confidence": 0.95,
      "reasoningHints": "",
      "supportRefs": [],
      "id": "2"
    }
  ],
  "styleCues": [],
  "uncertainties": [
    "no musical context",
    "no explicit genre cues"
  ],
  "genreHypotheses": [
    {
      "label": "spoken word",
      "confidence": 0.48,
      "reasoningHints": "",
      "supportRefs": [],
      "id": "g1",
      "provisional": true
    },
    {
      "label": "informal dialogue",
      "confidence": 0.48,
      "reasoningHints": "",
      "supportRefs": [],
      "id": "g2",
      "provisional": true
    }
  ],
  "aestheticConcepts": [
    {
      "text": "conversational",
      "confidence": 0.62,
      "reasoningHints": "",
      "supportRefs": []
    }
  ],
  "impressions": [],
  "contextHypotheses": [],
  "packetDiagnostics": {
    "rawItemCount": 8,
    "acceptedConceptCount": 8,
    "duplicateOrRejectedCount": 0,
    "quarantinedCount": 0,
    "fieldCounts": {
      "audibleObservations": 3,
      "signatureRelations": 2,
      "styleCues": 0,
      "genreHypotheses": 2,
      "contextHypotheses": 0,
      "aestheticConcepts": 1,
      "impressions": 0
    }
  }
}
[Music Flamingo] END PACKET

Inference complete in 37.8s. Packet parsed: ['audibleObservations', 'signatureRelations', 'styleCues', 'uncertainties', 'genreHypotheses', 'aestheticConcepts', 'impressions', 'contextHypotheses', 'packetDiagnostics']
Running Flamingo forensic listening...
[Music Flamingo] input tokens=1001; generation budget=400
[Music Flamingo] FORENSIC RESPONSE (11.2s)
1. No, the main loop is performed or programmed for this track; no parts are taken from a pre-existing recording.
2. No, there are no vocals.
3. No, no phrase or bar repeats identically as a loop.
4. The main loop is processed with filtering and sidechain pumping.
5. The source material is from the 1990s, as indicated by the original sample.
[Music Flamingo] FORENSIC ANSWERS [{"key": "sampled", "answer": "no", "cue": "the main loop is performed or programmed for this track; no parts are taken from a pre-existing recording."}, {"key": "vocals", "answer": "no", "cue": "there are no vocals."}, {"key": "loop", "answer": "no", "cue": "no phrase or bar repeats identically as a loop."}, {"key": "processing", "answer": "unsure", "cue": "The main loop is processed with filtering and sidechain pumping."}, {"key": "sourcePeriod", "answer": "unsure", "cue": "The source material is from the 1990s, as indicated by the original sample."}]
Running Flamingo structured deep-listening inference...
[Music Flamingo] input tokens=2089; generation budget=1024

[Music Flamingo] RAW MODEL RESPONSE (max 6000 chars)
{'audibleObservations': [{'id': 1, 'text': 'fast, driving 4/4 pulse', 'category': 'rhythm', 'confidence': 0.9, 'reasoning': 'steady quarter‑note pulse with a strong backbeat accent, typical of high‑energy dance music.'}, {'id': 2, 'text': 'tight, punchy drum kit', 'category': 'instrumentation', 'confidence': 0.8, 'reasoning': 'kick, snare, and hi‑hat patterns are clearly audible and tightly locked to the pulse.'}, {'id': 3, 'text': 'synth bass with a strong, repetitive low‑end', 'category': 'instrumentation', 'confidence': 0.7, 'reasoning': 'a prominent, side‑chain‑compressed synth bass line drives the groove and reinforces the pulse.'}, {'id': 4, 'text': 'bright, layered synth pads and leads', 'category': 'instrumentation', 'confidence': 0.6, 'reasoning': 'multiple synth layers provide melodic hooks and harmonic texture, typical of electronic dance productions.'}, {'id': 5, 'text': 'clean, polished production', 'category': 'production', 'confidence': 0.8, 'reasoning': 'the mix is clear and balanced, with each element occupying its own frequency band and stereo space.'}, {'id': 6, 'text': 'moderate stereo width', 'category': 'production', 'confidence': 0.5, 'reasoning': 'elements are spread across the stereo field, giving a sense of space without extreme panning.'}, {'id': 7, 'text': 'consistent volume and dynamics', 'category': 'dynamics', 'confidence': 0.7, 'reasoning': 'the track maintains a steady energy level throughout, with no major dynamic shifts.'}], 'signatureRelations': [{'id': 1, 'text': 'drum and bass lock', 'category': 'rhythm', 'confidence': 0.8, 'reasoning': 'the kick and bass are tightly synchronized, creating a driving low‑frequency foundation.'}, {'id': 2, 'text': 'synth layers interweave', 'category': 'instrumentation', 'confidence': 0.6, 'reasoning': 'melodic synth lines and pads are layered to create a rich harmonic texture while preserving rhythmic clarity.'}, {'id': 3, 'text': 'steady pulse underpins all elements', 'category': 'rhythm', 'confidence': 0.9, 'reasoning': 'the 4/4 pulse is the backbone of the arrangement, supporting every other musical element.'}], 'styleCues': [{'id': 1, 'text': 'electronic dance production', 'category': 'production', 'confidence': 0.8, 'reasoning': 'the track features a clean, polished mix with clear separation of elements, typical of modern EDM.'}, {'id': 2, 'text': 'synth‑driven bassline', 'category': 'instrumentation', 'confidence': 0.7, 'reasoning': 'the prominent synth bass provides a strong, repetitive low‑end that is characteristic of dance music.'}, {'id': 3, 'text': 'bright synth leads', 'category': 'instrumentation', 'confidence': 0.6, 'reasoning': 'layered synth leads add melodic interest and are a common feature in electronic dance tracks.'}, {'id': 4, 'text': 'steady 4/4 beat', 'category': 'rhythm', 'confidence': 0.8, 'reasoning': 'the consistent quarter‑note pulse is a hallmark of dance music and drives the track forward.'}], 'uncertainties': ['instrumentation details', 'exact genre label'], 'genreHypotheses': [{'label': 'electronic dance music', 'confidence': 0.7, 'supportRefs': [1, 2, 3, 4, 5, 6, 7], 'reasoning': 'the combination of a fast 4/4 pulse, punchy drums, synth bass, and bright synth leads strongly aligns with EDM conventions.'}, {'label': 'dance‑pop', 'confidence': 0.5, 'supportRefs': [1, 2, 3, 4, 5, 6, 7], 'reasoning': 'the track’s clean production, steady beat, and melodic synth elements are also typical of contemporary dance‑pop.'}], 'aestheticConcepts': [{'text': 'energetic, club‑ready', 'confidence': 0.8, 'supportRefs': [1, 2, 3, 4, 5, 6, 7], 'reasoning': 'the fast pulse
[Music Flamingo] SANITIZED PACKET SENT TO MUSIC SHOWER (max 6000 chars)
{
  "audibleObservations": [
    {
      "text": "fast driving 4/4 pulse",
      "category": "rhythm",
      "confidence": 0.9,
      "reasoningHints": "steady quarter‑note pulse with a strong backbeat accent typical of",
      "id": "1"
    },
    {
      "text": "tight punchy drum kit",
      "category": "instrumentation",
      "confidence": 0.8,
      "reasoningHints": "kick snare and hi‑hat patterns are clearly audible and tightly locked to",
      "id": "2"
    },
    {
      "text": "clean polished production",
      "category": "production",
      "confidence": 0.8,
      "reasoningHints": "the mix is clear and balanced with each element occupying its own",
      "id": "5"
    },
    {
      "text": "consistent volume and dynamics",
      "category": "dynamics",
      "confidence": 0.7,
      "reasoningHints": "the track maintains a steady energy level throughout with no major",
      "id": "7"
    },
    {
      "text": "synth bass with a strong repetitive low‑end",
      "category": "instrumentation",
      "confidence": 0.7,
      "reasoningHints": "a prominent side‑chain‑compressed synth bass line drives the groove and",
      "id": "3"
    },
    {
      "text": "moderate stereo width",
      "category": "production",
      "confidence": 0.5,
      "reasoningHints": "elements are spread across the stereo field giving a sense of space",
      "id": "6"
    },
    {
      "text": "bright layered synth pads and leads",
      "category": "instrumentation",
      "confidence": 0.6,
      "reasoningHints": "multiple synth layers provide melodic hooks and harmonic texture typical",
      "id": "4"
    }
  ],
  "signatureRelations": [
    {
      "text": "drum and bass lock",
      "confidence": 0.8,
      "reasoningHints": "the kick and bass are tightly synchronized creating a driving",
      "supportRefs": [],
      "id": "1"
    },
    {
      "text": "synth layers interweave",
      "confidence": 0.6,
      "reasoningHints": "melodic synth lines and pads are layered to create a rich harmonic",
      "supportRefs": [],
      "id": "2"
    },
    {
      "text": "steady pulse underpins all elements",
      "confidence": 0.9,
      "reasoningHints": "the 4/4 pulse is the backbone of the arrangement supporting every other",
      "supportRefs": [],
      "id": "3"
    }
  ],
  "styleCues": [
    {
      "text": "electronic dance production",
      "confidence": 0.8,
      "reasoningHints": "the track features a clean polished mix with clear separation of",
      "supportRefs": [],
      "id": "1"
    },
    {
      "text": "synth‑driven bassline",
      "confidence": 0.7,
      "reasoningHints": "the prominent synth bass provides a strong repetitive low‑end that is",
      "supportRefs": [],
      "id": "2"
    },
    {
      "text": "bright synth leads",
      "confidence": 0.6,
      "reasoningHints": "layered synth leads add melodic interest and are a common feature in",
      "supportRefs": [],
      "id": "3"
    },
    {
      "text": "steady 4/4 beat",
      "confidence": 0.8,
      "reasoningHints": "the consistent quarter‑note pulse is a hallmark of dance music and",
      "supportRefs": [],
      "id": "4"
    }
  ],
  "uncertainties": [
    "instrumentation details",
    "exact genre label"
  ],
  "genreHypotheses": [
    {
      "label": "electronic dance music",
      "confidence": 0.7,
      "reasoningHints": "the combination of a fast 4/4 pulse punchy drums synth bass and bright",
      "supportRefs": [
        "1",
        "2",
        "3",
        "4",
        "5",
        "6",
        "7"
      ],
      "id": "g1"
    },
    {
      "label": "dance‑pop",
      "confidence": 0.5,
      "reasoningHints": "the track’s clean production steady beat and melodic synth elements are",
      "supportRefs": [
        "1",
        "2",
        "3",
        "4",
        "5",
        "6",
        "7"
      ],
      "id": "g2"
    }
  ],
  "aestheticConcepts": [
    {
      "text": "energetic club‑ready",
      "confidence": 0.8,
      "reasoningHints": "",
      "supportRefs": [
        "1",
        "2",
        "3",
        "4",
        "5",
        "6",
        "7"
      ]
    }
  ],
  "impressions": [],
  "contextHypotheses": [],
  "packetDiagnostics": {
    "rawItemCount": 17,
    "acceptedConceptCount": 17,
    "duplicateOrRejectedCount": 0,
    "quarantinedCount": 0,
    "fieldCounts": {
      "audibleObservations": 7,
      "signatureRelations": 3,
      "styleCues": 4,
      "genreHypotheses": 2,
      "contextHypotheses": 0,
      "aestheticConcepts": 1,
      "impressions": 0
    }
  }
}
[Music Flamingo] END PACKET

Inference complete in 117.6s. Packet parsed: ['audibleObservations', 'signatureRelations', 'styleCues', 'uncertainties', 'genreHypotheses', 'aestheticConcepts', 'impressions', 'contextHypotheses', 'packetDiagnostics']
Running Flamingo forensic listening...
[Music Flamingo] input tokens=1001; generation budget=400
[Music Flamingo] FORENSIC RESPONSE (33.2s)
1. The main loop is taken from a pre-existing recording, likely a short sample or looped phrase, as it sounds like a repeated fragment rather than a live performance.
2. There are no vocals in the main loop; the only vocal elements are brief spoken Korean snippets at the very beginning and end, which are not part of the musical loop.
3. The main loop does not repeat identically as a loop; it is a short, one‑time phrase that is looped for the duration of the track.
4. The loop is processed with a lo‑fi aesthetic: low‑bit sampling, mild tape‑style saturation, and a subtle low‑pass filter that gives it a gritty, degraded texture.
5. The source material of the loop sounds like it is from an older, possibly 8‑bit or early digital sample, while the surrounding production is a more recent, lo‑fi electronic style.
[Music Flamingo] FORENSIC ANSWERS [{"key": "sampled", "answer": "yes", "cue": "The main loop is taken from a pre-existing recording, likely a short sample or looped phrase, as it sounds like a repeated fragment rather than a live", "inferred": true}, {"key": "vocals", "answer": "unsure", "cue": "There are no vocals in the main loop; the only vocal elements are brief spoken Korean snippets at the very beginning and end, which are not part of the musical"}, {"key": "loop", "answer": "no", "cue": "The main loop does not repeat identically as a loop; it is a short, one‑time phrase that is looped for the duration of the track.", "inferred": true}, {"key": "processing", "answer": "unsure", "cue": "The loop is processed with a lo‑fi aesthetic: low‑bit sampling, mild tape‑style saturation, and a subtle low‑pass filter that gives it a gritty, degraded"}, {"key": "sourcePeriod", "answer": "unsure", "cue": "The source material of the loop sounds like it is from an older, possibly 8‑bit or early digital sample, while the surrounding production is a more recent"}]
Running Flamingo structured deep-listening inference...
[Music Flamingo] input tokens=2090; generation budget=1024
Inference cancelled: superseded during generation
Client already disconnected; 409 not delivered.
Running Flamingo structured deep-listening inference (first impression)...
[Music Flamingo] input tokens=803; generation budget=256

[Music Flamingo] RAW MODEL RESPONSE (max 6000 chars)
{'audibleObservations': [{'id': 1, 'text': 'steady electronic beat', 'category': 'rhythm', 'confidence': 0.95}, {'id': 2, 'text': 'synth bassline', 'category': 'instrumentation', 'confidence': 0.95}, {'id': 3, 'text': 'minimalist arrangement', 'category': 'arrangement', 'confidence': 0.85}], 'signatureRelations': [{'id': 1, 'text': 'beat-driven structure', 'supportRefs': 'beat', 'confidence': 0.8}, {'id': 2, 'text': 'bass-focused groove', 'supportRefs': 'bassline', 'confidence': 0.75}], 'uncertainties': ['no clear melodic content', 'no vocal presence'], 'genreHypotheses': [{'label': 'electronic', 'confidence': 0.6, 'supportRefs': 'beat, bassline'}, {'label': 'minimal techno', 'confidence': 0.4, 'supportRefs': 'minimalist arrangement'}], 'aestheticConcepts': [{'text': 'cold digital', 'confidence': 0.5
[Music Flamingo] SANITIZED PACKET SENT TO MUSIC SHOWER (max 6000 chars)
{
  "audibleObservations": [
    {
      "text": "steady electronic beat",
      "category": "rhythm",
      "confidence": 0.95,
      "reasoningHints": "",
      "id": "1"
    },
    {
      "text": "synth bassline",
      "category": "instrumentation",
      "confidence": 0.95,
      "reasoningHints": "",
      "id": "2"
    },
    {
      "text": "minimalist arrangement",
      "category": "arrangement",
      "confidence": 0.85,
      "reasoningHints": "",
      "id": "3"
    }
  ],
  "signatureRelations": [
    {
      "text": "beat-driven structure",
      "confidence": 0.8,
      "reasoningHints": "",
      "supportRefs": [],
      "id": "1"
    },
    {
      "text": "bass-focused groove",
      "confidence": 0.75,
      "reasoningHints": "",
      "supportRefs": [],
      "id": "2"
    }
  ],
  "styleCues": [],
  "uncertainties": [
    "no clear melodic content",
    "no vocal presence"
  ],
  "genreHypotheses": [
    {
      "label": "electronic",
      "confidence": 0.48,
      "reasoningHints": "",
      "supportRefs": [],
      "id": "g1",
      "provisional": true
    },
    {
      "label": "minimal techno",
      "confidence": 0.4,
      "reasoningHints": "",
      "supportRefs": [],
      "id": "g2",
      "provisional": true
    }
  ],
  "aestheticConcepts": [
    {
      "text": "cold digital",
      "confidence": 0.62,
      "reasoningHints": "",
      "supportRefs": []
    }
  ],
  "impressions": [],
  "contextHypotheses": [],
  "packetDiagnostics": {
    "rawItemCount": 8,
    "acceptedConceptCount": 8,
    "duplicateOrRejectedCount": 0,
    "quarantinedCount": 0,
    "fieldCounts": {
      "audibleObservations": 3,
      "signatureRelations": 2,
      "styleCues": 0,
      "genreHypotheses": 2,
      "contextHypotheses": 0,
      "aestheticConcepts": 1,
      "impressions": 0
    }
  }
}
[Music Flamingo] END PACKET

Inference complete in 39.5s. Packet parsed: ['audibleObservations', 'signatureRelations', 'styleCues', 'uncertainties', 'genreHypotheses', 'aestheticConcepts', 'impressions', 'contextHypotheses', 'packetDiagnostics']
Running Flamingo forensic listening...
[Music Flamingo] input tokens=1001; generation budget=400
[Music Flamingo] FORENSIC RESPONSE (28.2s)
1. Yes, the track is built around a prominent, repetitive vocal sample that is clearly taken from a pre-existing recording. The sample is looped throughout the piece, forming the core melodic and rhythmic hook.
2. No, there are no original vocals. The only vocal element is the sampled phrase, which is not pitch-shifted, time-stretched, chopped, or filtered beyond the natural processing of the sample itself.
3. The main loop and vocal sample repeat identically as a loop, creating a continuous, hypnotic groove.
4. The production emphasizes a lo-fi aesthetic, with subtle filtering and mild saturation that give the track a warm, slightly degraded texture.
5. The source material of the vocal sample suggests an older recording, likely from the late 1970s to early 1980s, while the surrounding production is contemporary, blending vintage sampling techniques with modern electronic processing.
[Music Flamingo] FORENSIC ANSWERS [{"key": "sampled", "answer": "yes", "cue": "the track is built around a prominent, repetitive vocal sample that is clearly taken from a pre-existing recording. The sample is looped throughout the piece"}, {"key": "vocals", "answer": "no", "cue": "there are no original vocals. The only vocal element is the sampled phrase, which is not pitch-shifted, time-stretched, chopped, or filtered beyond the natural"}, {"key": "loop", "answer": "yes", "cue": "The main loop and vocal sample repeat identically as a loop, creating a continuous, hypnotic groove.", "inferred": true}, {"key": "processing", "answer": "unsure", "cue": "The production emphasizes a lo-fi aesthetic, with subtle filtering and mild saturation that give the track a warm, slightly degraded texture."}, {"key": "sourcePeriod", "answer": "unsure", "cue": "The source material of the vocal sample suggests an older recording, likely from the late 1970s to early 1980s, while the surrounding production is"}]
Running Flamingo structured deep-listening inference...
[Music Flamingo] input tokens=2089; generation budget=1024
[Music Flamingo] NOTE: fewer items than the model sent: styleCues 5->4

[Music Flamingo] RAW MODEL RESPONSE (max 6000 chars)
{'audibleObservations': [{'id': 1, 'text': 'steady 4/4 pulse', 'category': 'rhythm', 'confidence': 0.9, 'reasoning': 'clear four-on-the-floor kick and snare pattern with consistent subdivision.'}, {'id': 2, 'text': 'synth bass with sidechain', 'category': 'instrumentation', 'confidence': 0.8, 'reasoning': 'deep, sustained synth bass that ducks under the kick drum, typical of EDM.'}, {'id': 3, 'text': 'bright synth lead melody', 'category': 'instrumentation', 'confidence': 0.9, 'reasoning': 'high‑frequency, arpeggiated synth line that carries the main hook.'}, {'id': 4, 'text': 'wide stereo imaging', 'category': 'production', 'confidence': 0.7, 'reasoning': 'panned synth pads and effects create a spacious soundstage.'}, {'id': 5, 'text': 'compressed dynamics', 'category': 'production', 'confidence': 0.6, 'reasoning': 'overall loudness is high and uniformly compressed, typical of club‑oriented EDM.'}], 'signatureRelations': [{'id': 1, 'text': 'kick and bass lock in tight syncopation', 'supportRefs': [1, 2], 'confidence': 0.8, 'reasoning': 'the kick drum and side‑chained bass pulse together, reinforcing the groove.'}, {'id': 2, 'text': 'lead synth and vocal samples interlock rhythmically', 'supportRefs': [3, 5], 'confidence': 0.7, 'reasoning': 'the melodic synth line and vocal chops are rhythmically aligned, creating a call‑and‑response feel.'}], 'styleCues': [{'id': 1, 'text': 'electronic drum kit', 'confidence': 0.9, 'supportRefs': [1]}, {'id': 2, 'text': 'synth bass with sidechain', 'confidence': 0.8, 'supportRefs': [2]}, {'id': 3, 'text': 'bright, high‑pitched synth lead', 'confidence': 0.7, 'supportRefs': [3]}, {'id': 4, 'text': 'wide stereo imaging', 'confidence': 0.6, 'supportRefs': [4]}, {'id': 5, 'text': 'compressed dynamics', 'confidence': 0.5, 'supportRefs': [5]}], 'uncertainties': ['instrumentation ambiguity', 'vocal sample source'], 'genreHypotheses': [{'label': 'EDM', 'confidence': 0.9, 'supportRefs': [1, 2, 3, 4, 5]}, {'label': 'House', 'confidence': 0.7, 'supportRefs': [1, 2, 3, 4, 5]}], 'aestheticConcepts': [{'text': 'energetic club atmosphere', 'confidence': 0.8, 'supportRefs': [1, 2, 3, 4, 5]}, {'text': 'modern electronic production', 'confidence': 0.6, 'supportRefs': [1, 2, 4, 5]}], 'impressions': [{'text': 'driven, uplifting', 'confidence': 0.7, 'supportRefs': [1, 3, 5]}, {'text': 'dancefloor focus', 'confidence': 0.5, 'supportRefs': [1, 2, 4, 5]}], 'contextHypotheses': [{'text': 'contemporary club music', 'category': 'scene', 'confidence': 0.8, 'supportRefs': [1, 2, 3, 4, 5]}, {'text': 'late‑2010s EDM production style', 'category': 'era', 'confidence': 0.6, 'supportRefs': [1, 2, 3, 4, 5]}]}
[Music Flamingo] SANITIZED PACKET SENT TO MUSIC SHOWER (max 6000 chars)
{
  "audibleObservations": [
    {
      "text": "steady 4/4 pulse",
      "category": "rhythm",
      "confidence": 0.9,
      "reasoningHints": "clear four-on-the-floor kick and snare pattern with consistent",
      "id": "1"
    },
    {
      "text": "synth bass with sidechain",
      "category": "instrumentation",
      "confidence": 0.8,
      "reasoningHints": "deep sustained synth bass that ducks under the kick drum typical of EDM.",
      "id": "2"
    },
    {
      "text": "wide stereo imaging",
      "category": "production",
      "confidence": 0.7,
      "reasoningHints": "panned synth pads and effects create a spacious soundstage.",
      "id": "4"
    },
    {
      "text": "bright synth lead melody",
      "category": "instrumentation",
      "confidence": 0.9,
      "reasoningHints": "high‑frequency arpeggiated synth line that carries the main hook.",
      "id": "3"
    },
    {
      "text": "compressed dynamics",
      "category": "production",
      "confidence": 0.6,
      "reasoningHints": "overall loudness is high and uniformly compressed typical of",
      "id": "5"
    }
  ],
  "signatureRelations": [
    {
      "text": "kick and bass lock in tight syncopation",
      "confidence": 0.8,
      "reasoningHints": "the kick drum and side‑chained bass pulse together reinforcing the",
      "supportRefs": [
        "1",
        "2"
      ],
      "id": "1"
    },
    {
      "text": "lead synth and vocal samples interlock rhythmically",
      "confidence": 0.7,
      "reasoningHints": "the melodic synth line and vocal chops are rhythmically aligned creating",
      "supportRefs": [
        "3",
        "5"
      ],
      "id": "2"
    }
  ],
  "styleCues": [
    {
      "text": "electronic drum kit",
      "confidence": 0.9,
      "reasoningHints": "",
      "supportRefs": [
        "1"
      ],
      "id": "1"
    },
    {
      "text": "synth bass with sidechain",
      "confidence": 0.8,
      "reasoningHints": "",
      "supportRefs": [
        "2"
      ],
      "id": "2"
    },
    {
      "text": "bright high‑pitched synth lead",
      "confidence": 0.7,
      "reasoningHints": "",
      "supportRefs": [
        "3"
      ],
      "id": "3"
    },
    {
      "text": "wide stereo imaging",
      "confidence": 0.6,
      "reasoningHints": "",
      "supportRefs": [
        "4"
      ],
      "id": "4"
    }
  ],
  "uncertainties": [
    "instrumentation ambiguity",
    "vocal sample source"
  ],
  "genreHypotheses": [
    {
      "label": "EDM",
      "confidence": 0.9,
      "reasoningHints": "",
      "supportRefs": [
        "1",
        "2",
        "3",
        "4",
        "5"
      ],
      "id": "g1"
    },
    {
      "label": "House",
      "confidence": 0.7,
      "reasoningHints": "",
      "supportRefs": [
        "1",
        "2",
        "3",
        "4",
        "5"
      ],
      "id": "g2"
    }
  ],
  "aestheticConcepts": [
    {
      "text": "energetic club atmosphere",
      "confidence": 0.8,
      "reasoningHints": "",
      "supportRefs": [
        "1",
        "2",
        "3",
        "4",
        "5"
      ]
    },
    {
      "text": "modern electronic production",
      "confidence": 0.6,
      "reasoningHints": "",
      "supportRefs": [
        "1",
        "2",
        "4",
        "5"
      ]
    }
  ],
  "impressions": [
    {
      "text": "driven uplifting",
      "confidence": 0.7,
      "reasoningHints": "",
      "supportRefs": [
        "1",
        "3",
        "5"
      ]
    },
    {
      "text": "dancefloor focus",
      "confidence": 0.5,
      "reasoningHints": "",
      "supportRefs": [
        "1",
        "2",
        "4",
        "5"
      ]
    }
  ],
  "contextHypotheses": [
    {
      "text": "contemporary club music",
      "category": "scene",
      "confidence": 0.8,
      "reasoningHints": "",
      "supportRefs": [
        "1",
        "2",
        "3",
        "4",
        "5"
      ]
    },
    {
      "text": "late‑2010s EDM production style",
      "category": "era",
      "confidence": 0.6,
      "reasoningHints": "",
      "supportRefs": [
        "1",
        "2",
        "3",
        "4",
        "5"
      ]
    }
  ],
  "packetDiagnostics": {
    "rawItemCount": 20,
    "acceptedConceptCount": 19,
    "duplicateOrRejectedCount": 1,
    "quarantinedCount": 0,
    "fieldCounts": {
      "audibleObservations": 5,
      "signatureRelations": 2,
      "styleCues": 4,
      "genreHypotheses": 2,
      "contextHypotheses": 2,
      "aestheticConcepts": 2,
      "impressions": 2
    }
  }
}
[Music Flamingo] END PACKET

Inference complete in 153.5s. Packet parsed: ['audibleObservations', 'signatureRelations', 'styleCues', 'uncertainties', 'genreHypotheses', 'aestheticConcepts', 'impressions', 'contextHypotheses', 'packetDiagnostics']
Running Flamingo forensic listening...
[Music Flamingo] input tokens=1001; generation budget=400
[Music Flamingo] FORENSIC RESPONSE (24.1s)
1. Yes, the track is built around a prominent sampled loop that repeats throughout, serving as the main groove. The loop is clearly a pre-existing recording, likely from an older source, and is looped and layered with additional elements.
2. No, there are no vocals in this track.
3. Yes, the main loop repeats identically as a loop, forming the backbone of the arrangement.
4. The main loop is processed with filtering and sidechain compression, giving it a tight, pumping feel that is characteristic of modern electronic production.
5. The source material of the sampled loop suggests an older recording period, while the surrounding production is contemporary, indicating a blend of vintage sample usage with current electronic music techniques.
[Music Flamingo] FORENSIC ANSWERS [{"key": "sampled", "answer": "yes", "cue": "the track is built around a prominent sampled loop that repeats throughout, serving as the main groove. The loop is clearly a pre-existing recording, likely"}, {"key": "vocals", "answer": "no", "cue": "there are no vocals in this track."}, {"key": "loop", "answer": "yes", "cue": "the main loop repeats identically as a loop, forming the backbone of the arrangement."}, {"key": "processing", "answer": "unsure", "cue": "The main loop is processed with filtering and sidechain compression, giving it a tight, pumping feel that is characteristic of modern electronic production."}, {"key": "sourcePeriod", "answer": "unsure", "cue": "The source material of the sampled loop suggests an older recording period, while the surrounding production is contemporary, indicating a blend of vintage"}]
Running Flamingo structured deep-listening inference...
[Music Flamingo] input tokens=2090; generation budget=1024
Inference cancelled: superseded during generation
Client already disconnected; 409 not delivered.
Running Flamingo structured deep-listening inference (first impression)...
[Music Flamingo] input tokens=803; generation budget=256

[Music Flamingo] RAW MODEL RESPONSE (max 6000 chars)
{'audibleObservations': [{'id': 1, 'text': 'driving electronic rhythm', 'category': 'rhythm', 'confidence': 0.95}, {'id': 2, 'text': 'synth bassline', 'category': 'instrumentation', 'confidence': 0.95}, {'id': 3, 'text': 'repetitive electronic loop', 'category': 'arrangement', 'confidence': 0.95}], 'signatureRelations': [{'id': 1, 'text': 'loop-based structure', 'supportRefs': [1, 3], 'confidence': 0.85}, {'id': 2, 'text': 'steady 4/4 pulse', 'supportRefs': [1], 'confidence': 0.85}], 'uncertainties': ['no clear melodic content', 'no vocal presence'], 'genreHypotheses': [{'label': 'electronic dance', 'confidence': 0.65, 'supportRefs': [1, 2, 3]}, {'label': 'minimal techno', 'confidence': 0.45, 'supportRefs': [1, 2, 3]}], 'aesthetic
[Music Flamingo] SANITIZED PACKET SENT TO MUSIC SHOWER (max 6000 chars)
{
  "audibleObservations": [
    {
      "text": "driving electronic rhythm",
      "category": "rhythm",
      "confidence": 0.95,
      "reasoningHints": "",
      "id": "1"
    },
    {
      "text": "synth bassline",
      "category": "instrumentation",
      "confidence": 0.95,
      "reasoningHints": "",
      "id": "2"
    },
    {
      "text": "repetitive electronic loop",
      "category": "arrangement",
      "confidence": 0.95,
      "reasoningHints": "",
      "id": "3"
    }
  ],
  "signatureRelations": [
    {
      "text": "loop-based structure",
      "confidence": 0.85,
      "reasoningHints": "",
      "supportRefs": [
        "1",
        "3"
      ],
      "id": "1"
    },
    {
      "text": "steady 4/4 pulse",
      "confidence": 0.85,
      "reasoningHints": "",
      "supportRefs": [
        "1"
      ],
      "id": "2"
    }
  ],
  "styleCues": [],
  "uncertainties": [
    "no clear melodic content",
    "no vocal presence"
  ],
  "genreHypotheses": [
    {
      "label": "electronic dance",
      "confidence": 0.48,
      "reasoningHints": "",
      "supportRefs": [
        "1",
        "2",
        "3"
      ],
      "id": "g1",
      "provisional": true
    },
    {
      "label": "minimal techno",
      "confidence": 0.45,
      "reasoningHints": "",
      "supportRefs": [
        "1",
        "2",
        "3"
      ],
      "id": "g2",
      "provisional": true
    }
  ],
  "aestheticConcepts": [],
  "impressions": [],
  "contextHypotheses": [],
  "packetDiagnostics": {
    "rawItemCount": 7,
    "acceptedConceptCount": 7,
    "duplicateOrRejectedCount": 0,
    "quarantinedCount": 0,
    "fieldCounts": {
      "audibleObservations": 3,
      "signatureRelations": 2,
      "styleCues": 0,
      "genreHypotheses": 2,
      "contextHypotheses": 0,
      "aestheticConcepts": 0,
      "impressions": 0
    }
  }
}
[Music Flamingo] END PACKET

Inference complete in 45.8s. Packet parsed: ['audibleObservations', 'signatureRelations', 'styleCues', 'uncertainties', 'genreHypotheses', 'aestheticConcepts', 'impressions', 'contextHypotheses', 'packetDiagnostics']
Running Flamingo forensic listening...
[Music Flamingo] input tokens=1001; generation budget=400
[Music Flamingo] FORENSIC RESPONSE (24.0s)
1. Yes, the track is built around a sampled loop. The main groove is a looped excerpt from an older recording, and the vocal sample is also a sampled phrase.
2. Yes, there are vocals. They are in English, heavily pitch‑shifted, time‑stretched, and chopped, giving them a robotic, glitchy texture.
3. Yes, the main loop repeats identically throughout the track, forming the core groove.
4. The main loop is processed with filtering and sidechain compression, creating a pumping effect that emphasizes the rhythm.
5. The source material appears to be from an older recording, likely from the late 1990s to early 2000s, while the surrounding production is contemporary.
[Music Flamingo] FORENSIC ANSWERS [{"key": "sampled", "answer": "yes", "cue": "the track is built around a sampled loop. The main groove is a looped excerpt from an older recording, and the vocal sample is also a sampled phrase."}, {"key": "vocals", "answer": "yes", "cue": "there are vocals. They are in English, heavily pitch‑shifted, time‑stretched, and chopped, giving them a robotic, glitchy texture."}, {"key": "loop", "answer": "yes", "cue": "the main loop repeats identically throughout the track, forming the core groove."}, {"key": "processing", "answer": "unsure", "cue": "The main loop is processed with filtering and sidechain compression, creating a pumping effect that emphasizes the rhythm."}, {"key": "sourcePeriod", "answer": "unsure", "cue": "The source material appears to be from an older recording, likely from the late 1990s to early 2000s, while the surrounding production is contemporary."}]
Running Flamingo structured deep-listening inference...
[Music Flamingo] input tokens=2089; generation budget=1024

[Music Flamingo] RAW MODEL RESPONSE (max 6000 chars)
{'audibleObservations': [{'id': 1, 'text': 'steady 4/4 pulse', 'category': 'rhythm', 'confidence': 0.95, 'reasoning': 'clear, consistent downbeat on every beat'}, {'id': 2, 'text': 'tight, punchy kick drum', 'category': 'instrumentation', 'confidence': 0.95, 'reasoning': 'dominant low‑end thump with short decay, typical of electronic dance music.'}, {'id': 3, 'text': 'bright, percussive synth stabs', 'category': 'instrumentation', 'confidence': 0.95, 'reasoning': 'short, sharp synth hits that accent the off‑beats.'}, {'id': 4, 'text': 'repetitive, loop‑based arrangement', 'category': 'arrangement', 'confidence': 0.95, 'reasoning': 'the same 8‑measure cell repeats without major variation, creating a hypnotic groove.'}, {'id': 5, 'text': 'minimal dynamic variation', 'category': 'dynamics', 'confidence': 0.95, 'reasoning': 'volume stays constant throughout, emphasizing a club‑oriented, dance‑floor focus.'}], 'signatureRelations': [{'id': 1, 'text': 'kick and synth stabs lock in syncopation', 'supportRefs': [1, 2, 3], 'confidence': 0.95, 'reasoning': 'the kick lands on the downbeat while the synth stabs hit on the off‑beats, creating a classic four‑on‑the‑floor feel.'}, {'id': 2, 'text': 'looped bassline underpins the groove', 'supportRefs': [1, 4], 'confidence': 0.95, 'reasoning': 'a simple, repeating bass pattern reinforces the steady pulse and provides a solid foundation for the synth stabs.'}], 'styleCues': [{'id': 1, 'text': 'electronic drum machine sound', 'confidence': 0.95, 'reasoning': 'the kick drum has a synthetic, compressed character typical of EDM production.'}, {'id': 2, 'text': 'synthetic stabs with short decay', 'confidence': 0.95, 'reasoning': 'the percussive synth hits are short, bright, and heavily processed, a hallmark of modern electronic dance music.'}], 'uncertainties': ['instrument source ambiguity'], 'genreHypotheses': [{'label': 'electronic dance music', 'confidence': 0.95, 'supportRefs': [1, 2, 3, 4, 5], 'reasoning': 'the combination of a steady four‑on‑the‑floor kick, repetitive loop structure, and synthetic stabs is characteristic of EDM.'}, {'label': 'house', 'confidence': 0.7, 'supportRefs': [1, 2, 3, 4], 'reasoning': 'the four‑on‑the‑floor rhythm and minimal dynamic shifts are typical of house music.'}], 'aestheticConcepts': [{'text': 'hypnotic groove', 'confidence': 0.95, 'supportRefs': [1, 4], 'reasoning': 'the looped arrangement and constant pulse create a trance‑like, immersive feel.'}, {'text': 'club‑ready energy', 'confidence': 0.95, 'supportRefs': [1, 2, 3, 5], 'reasoning': 'the track is designed for dance‑floor impact, with a driving beat and minimal melodic distraction.'}], 'impressions': [{'text': 'energetic, forward‑moving', 'confidence': 0.95, 'supportRefs': [1, 2, 3, 4, 5], 'reasoning': 'the steady rhythm and repetitive structure encourage continuous movement.'}, {'text': 'minimalist, functional', 'confidence': 0.95, 'supportRefs': [1, 4, 5], 'reasoning': 'the track relies on a few core elements—kick, bass, and synth stabs—to maintain momentum without elaborate ornamentation.'}], 'contextHypotheses': [{'text': 'modern club environment', 'category': 'scene', 'confidence': 0.95, 'supportRefs': [1, 2, 3, 4, 5], 'reasoning': 'the production style and rhythmic focus align with contemporary electronic dance venues.'}, {'text': 'late‑2010s to 2020s EDM', 'category': 'era', 'confidence': 0.8, 'supportRefs': [1, 2, 3, 
[Music Flamingo] SANITIZED PACKET SENT TO MUSIC SHOWER (max 6000 chars)
{
  "audibleObservations": [
    {
      "text": "steady 4/4 pulse",
      "category": "rhythm",
      "confidence": 0.95,
      "reasoningHints": "clear consistent downbeat on every beat",
      "id": "1"
    },
    {
      "text": "tight punchy kick drum",
      "category": "instrumentation",
      "confidence": 0.95,
      "reasoningHints": "dominant low‑end thump with short decay typical of electronic dance",
      "id": "2"
    },
    {
      "text": "repetitive loop‑based arrangement",
      "category": "arrangement",
      "confidence": 0.95,
      "reasoningHints": "the same 8‑measure cell repeats without major variation creating a",
      "id": "4"
    },
    {
      "text": "minimal dynamic variation",
      "category": "dynamics",
      "confidence": 0.95,
      "reasoningHints": "volume stays constant throughout emphasizing a club‑oriented dance‑floor",
      "id": "5"
    },
    {
      "text": "bright percussive synth stabs",
      "category": "instrumentation",
      "confidence": 0.95,
      "reasoningHints": "short sharp synth hits that accent the off‑beats.",
      "id": "3"
    }
  ],
  "signatureRelations": [
    {
      "text": "kick and synth stabs lock in syncopation",
      "confidence": 0.95,
      "reasoningHints": "the kick lands on the downbeat while the synth stabs hit on the",
      "supportRefs": [
        "1",
        "2",
        "3"
      ],
      "id": "1"
    },
    {
      "text": "looped bassline underpins the groove",
      "confidence": 0.95,
      "reasoningHints": "a simple repeating bass pattern reinforces the steady pulse and provides",
      "supportRefs": [
        "1",
        "4"
      ],
      "id": "2"
    }
  ],
  "styleCues": [
    {
      "text": "electronic drum machine sound",
      "confidence": 0.95,
      "reasoningHints": "the kick drum has a synthetic compressed character typical of EDM",
      "supportRefs": [],
      "id": "1"
    },
    {
      "text": "synthetic stabs with short decay",
      "confidence": 0.95,
      "reasoningHints": "the percussive synth hits are short bright and heavily processed a",
      "supportRefs": [],
      "id": "2"
    }
  ],
  "uncertainties": [
    "instrument source ambiguity"
  ],
  "genreHypotheses": [
    {
      "label": "electronic dance music",
      "confidence": 0.95,
      "reasoningHints": "the combination of a steady four‑on‑the‑floor kick repetitive loop",
      "supportRefs": [
        "1",
        "2",
        "3",
        "4",
        "5"
      ],
      "id": "g1"
    },
    {
      "label": "house",
      "confidence": 0.7,
      "reasoningHints": "the four‑on‑the‑floor rhythm and minimal dynamic shifts are typical of",
      "supportRefs": [
        "1",
        "2",
        "3",
        "4"
      ],
      "id": "g2"
    }
  ],
  "aestheticConcepts": [
    {
      "text": "hypnotic groove",
      "confidence": 0.95,
      "reasoningHints": "the looped arrangement and constant pulse create a trance‑like immersive",
      "supportRefs": [
        "1",
        "4"
      ]
    },
    {
      "text": "club‑ready energy",
      "confidence": 0.95,
      "reasoningHints": "the track is designed for dance‑floor impact with a driving beat and",
      "supportRefs": [
        "1",
        "2",
        "3",
        "5"
      ]
    }
  ],
  "impressions": [
    {
      "text": "energetic forward‑moving",
      "confidence": 0.95,
      "reasoningHints": "the steady rhythm and repetitive structure encourage continuous",
      "supportRefs": [
        "1",
        "2",
        "3",
        "4",
        "5"
      ]
    },
    {
      "text": "minimalist functional",
      "confidence": 0.95,
      "reasoningHints": "the track relies on a few core elements—kick bass and synth stabs—to",
      "supportRefs": [
        "1",
        "4",
        "5"
      ]
    }
  ],
  "contextHypotheses": [
    {
      "text": "modern club environment",
      "category": "scene",
      "confidence": 0.95,
      "reasoningHints": "the production style and rhythmic focus align with contemporary",
      "supportRefs": [
        "1",
        "2",
        "3",
        "4",
        "5"
      ]
    },
    {
      "text": "late‑2010s to 2020s EDM",
      "category": "era",
      "confidence": 0.6,
      "reasoningHints": "",
      "supportRefs": []
    }
  ],
  "packetDiagnostics": {
    "rawItemCount": 17,
    "acceptedConceptCount": 17,
    "duplicateOrRejectedCount": 0,
    "quarantinedCount": 0,
    "fieldCounts": {
      "audibleObservations": 5,
      "signatureRelations": 2,
      "styleCues": 2,
      "genreHypotheses": 2,
      "contextHypotheses": 2,
      "aestheticConcepts": 2,
      "impressions": 2
    }
  }
}
[Music Flamingo] END PACKET

Inference complete in 136.0s. Packet parsed: ['audibleObservations', 'signatureRelations', 'styleCues', 'uncertainties', 'genreHypotheses', 'aestheticConcepts', 'impressions', 'contextHypotheses', 'packetDiagnostics']
Running Flamingo forensic listening...
[Music Flamingo] input tokens=1001; generation budget=400
[Music Flamingo] FORENSIC RESPONSE (15.5s)
1. Yes, the track is built around a prominent, repetitive synth loop that sounds like a sampled or looped element, giving it a slightly lo‑fi, nostalgic texture.
2. No, there are no vocals in this track.
3. Yes, the main synth loop repeats identically throughout the piece, forming the core groove.
4. The main loop is processed with subtle filtering and mild saturation, giving it a warm, slightly degraded character.
5. The source material appears to be from an older recording, likely from the 1980s, as indicated by the lo‑fi synth timbre and the overall production style.
[Music Flamingo] FORENSIC ANSWERS [{"key": "sampled", "answer": "yes", "cue": "the track is built around a prominent, repetitive synth loop that sounds like a sampled or looped element, giving it a slightly lo‑fi, nostalgic texture."}, {"key": "vocals", "answer": "no", "cue": "there are no vocals in this track."}, {"key": "loop", "answer": "yes", "cue": "the main synth loop repeats identically throughout the piece, forming the core groove."}, {"key": "processing", "answer": "unsure", "cue": "The main loop is processed with subtle filtering and mild saturation, giving it a warm, slightly degraded character."}, {"key": "sourcePeriod", "answer": "unsure", "cue": "The source material appears to be from an older recording, likely from the 1980s, as indicated by the lo‑fi synth timbre and the overall production style."}]
Running Flamingo structured deep-listening inference...
[Music Flamingo] input tokens=2090; generation budget=1024
[Music Flamingo] NOTE: fewer items than the model sent: contextHypotheses 1->0

[Music Flamingo] RAW MODEL RESPONSE (max 6000 chars)
{'audibleObservations': [{'id': 1, 'text': 'steady 4/4 pulse', 'category': 'rhythm', 'confidence': 0.95, 'reasoning': 'clear, consistent downbeat on every beat, no swing or syncopation.'}, {'id': 2, 'text': 'synth bass with sidechain', 'category': 'instrumentation', 'confidence': 0.9, 'reasoning': 'low‑end synth bass that ducks under a bright, percussive synth lead, typical of modern electronic dance music.'}, {'id': 3, 'text': 'bright synth lead', 'category': 'instrumentation', 'confidence': 0.9, 'reasoning': 'sharp, high‑frequency synth melody that carries the main hook, often layered with subtle arpeggiation.'}, {'id': 4, 'text': 'drum machine pattern', 'category': 'instrumentation', 'confidence': 0.85, 'reasoning': 'programmed kick, snare, and hi‑hat pattern with tight, quantized timing, characteristic of EDM production.'}, {'id': 5, 'text': 'repetitive chord loop', 'category': 'harmony', 'confidence': 0.8, 'reasoning': 'a simple, looping progression that repeats every 4–8 bars, providing a stable harmonic foundation for the synth lead.'}], 'signatureRelations': [{'id': 1, 'text': 'bass ducking under lead', 'category': 'production', 'confidence': 0.8, 'reasoning': 'the bass is side‑chained to the lead, creating a pumping effect that emphasizes the rhythmic drive.'}, {'id': 2, 'text': 'lead layered with subtle pads', 'category': 'arrangement', 'confidence': 0.7, 'reasoning': 'the main synth lead is doubled with a softer pad to thicken the timbre without cluttering the mix.'}, {'id': 3, 'text': 'drums and bass locked in groove', 'category': 'rhythm', 'confidence': 0.9, 'reasoning': 'kick and snare hit on the downbeat, while the bass follows the kick, reinforcing the pulse.'}], 'styleCues': [{'id': 1, 'text': 'electronic dance production', 'category': 'production', 'confidence': 0.8, 'reasoning': 'clean, polished mix with wide stereo imaging, crisp high‑end synths, and tight low‑end compression.'}, {'id': 2, 'text': 'synth‑driven arrangement', 'category': 'instrumentation', 'confidence': 0.7, 'reasoning': 'the track relies on synthesized elements rather than acoustic instruments, typical of EDM.'}], 'uncertainties': ['instrumentation ambiguity', 'genre label not fully confirmed'], 'genreHypotheses': [{'label': 'electronic dance music', 'confidence': 0.6, 'supportRefs': [1, 2, 3, 4, 5], 'reasoning': 'the combination of a steady 4/4 beat, side‑chained bass, bright synth lead, and drum machine pattern strongly points to a club‑oriented electronic dance track.'}, {'label': 'EDM', 'confidence': 0.5, 'supportRefs': [1, 2, 3, 4, 5], 'reasoning': 'the track’s production style, arrangement, and rhythmic focus align with contemporary EDM conventions.'}], 'aestheticConcepts': [{'text': 'energetic club atmosphere', 'confidence': 0.8, 'supportRefs': [1, 2, 3, 4, 5], 'reasoning': 'the driving rhythm, bright synth timbres, and side‑chained bass create a sense of forward momentum suited for dance floors.'}, {'text': 'modern electronic aesthetic', 'confidence': 0.7, 'supportRefs': [1, 2, 3, 4, 5], 'reasoning': 'the polished mix, wide stereo field, and synthetic instrumentation reflect current EDM production trends.'}], 'impressions': [{'text': 'uplifting and forward‑moving', 'confidence': 0.6, 'supportRefs': [1, 2, 3, 4, 5], 'reasoning': 'the consistent pulse and bright melodic elements convey a positive, energetic mood.'}, {'text': 'dance‑floor ready', 'confidence': 0.5, 'supportRefs': [1, 2, 3, 4, 5], 'reasoning': 'the track’s structure and sound design are optimized for continuous movement and crowd engagement.'}], 'contextHypotheses': [{'text': 'cont
[Music Flamingo] SANITIZED PACKET SENT TO MUSIC SHOWER (max 6000 chars)
{
  "audibleObservations": [
    {
      "text": "steady 4/4 pulse",
      "category": "rhythm",
      "confidence": 0.95,
      "reasoningHints": "clear consistent downbeat on every beat no swing or syncopation.",
      "id": "1"
    },
    {
      "text": "synth bass with sidechain",
      "category": "instrumentation",
      "confidence": 0.9,
      "reasoningHints": "low‑end synth bass that ducks under a bright percussive synth lead",
      "id": "2"
    },
    {
      "text": "repetitive chord loop",
      "category": "arrangement",
      "confidence": 0.8,
      "reasoningHints": "a simple looping progression that repeats every 4–8 bars providing a",
      "sourceCategory": "harmony",
      "id": "5"
    },
    {
      "text": "bright synth lead",
      "category": "instrumentation",
      "confidence": 0.9,
      "reasoningHints": "sharp high‑frequency synth melody that carries the main hook often",
      "id": "3"
    },
    {
      "text": "drum machine pattern",
      "category": "instrumentation",
      "confidence": 0.85,
      "reasoningHints": "programmed kick snare and hi‑hat pattern with tight quantized timing",
      "id": "4"
    }
  ],
  "signatureRelations": [
    {
      "text": "bass ducking under lead",
      "confidence": 0.8,
      "reasoningHints": "the bass is side‑chained to the lead creating a pumping effect that",
      "supportRefs": [],
      "id": "1"
    },
    {
      "text": "lead layered with subtle pads",
      "confidence": 0.7,
      "reasoningHints": "the main synth lead is doubled with a softer pad to thicken the timbre",
      "supportRefs": [],
      "id": "2"
    },
    {
      "text": "drums and bass locked in groove",
      "confidence": 0.9,
      "reasoningHints": "kick and snare hit on the downbeat while the bass follows the kick",
      "supportRefs": [],
      "id": "3"
    }
  ],
  "styleCues": [
    {
      "text": "electronic dance production",
      "confidence": 0.8,
      "reasoningHints": "clean polished mix with wide stereo imaging crisp high‑end synths and",
      "supportRefs": [],
      "id": "1"
    },
    {
      "text": "synth‑driven arrangement",
      "confidence": 0.7,
      "reasoningHints": "the track relies on synthesized elements rather than acoustic",
      "supportRefs": [],
      "id": "2"
    }
  ],
  "uncertainties": [
    "instrumentation ambiguity",
    "genre label not fully confirmed"
  ],
  "genreHypotheses": [
    {
      "label": "electronic dance music",
      "confidence": 0.6,
      "reasoningHints": "the combination of a steady 4/4 beat side‑chained bass bright synth lead",
      "supportRefs": [
        "1",
        "2",
        "3",
        "4",
        "5"
      ],
      "id": "g1"
    },
    {
      "label": "EDM",
      "confidence": 0.5,
      "reasoningHints": "the track’s production style arrangement and rhythmic focus align with",
      "supportRefs": [
        "1",
        "2",
        "3",
        "4",
        "5"
      ],
      "id": "g2"
    }
  ],
  "aestheticConcepts": [
    {
      "text": "energetic club atmosphere",
      "confidence": 0.8,
      "reasoningHints": "the driving rhythm bright synth timbres and side‑chained bass create a",
      "supportRefs": [
        "1",
        "2",
        "3",
        "4",
        "5"
      ]
    },
    {
      "text": "modern electronic aesthetic",
      "confidence": 0.7,
      "reasoningHints": "the polished mix wide stereo field and synthetic instrumentation reflect",
      "supportRefs": [
        "1",
        "2",
        "3",
        "4",
        "5"
      ]
    }
  ],
  "impressions": [
    {
      "text": "uplifting and forward‑moving",
      "confidence": 0.6,
      "reasoningHints": "the consistent pulse and bright melodic elements convey a positive",
      "supportRefs": [
        "1",
        "2",
        "3",
        "4",
        "5"
      ]
    },
    {
      "text": "dance‑floor ready",
      "confidence": 0.5,
      "reasoningHints": "the track’s structure and sound design are optimized for continuous",
      "supportRefs": [
        "1",
        "2",
        "3",
        "4",
        "5"
      ]
    }
  ],
  "contextHypotheses": [],
  "packetDiagnostics": {
    "rawItemCount": 17,
    "acceptedConceptCount": 16,
    "duplicateOrRejectedCount": 1,
    "quarantinedCount": 0,
    "fieldCounts": {
      "audibleObservations": 5,
      "signatureRelations": 3,
      "styleCues": 2,
      "genreHypotheses": 2,
      "contextHypotheses": 0,
      "aestheticConcepts": 2,
      "impressions": 2
    }
  }
}
[Music Flamingo] END PACKET

Inference complete in 122.3s. Packet parsed: ['audibleObservations', 'signatureRelations', 'styleCues', 'uncertainties', 'genreHypotheses', 'aestheticConcepts', 'impressions', 'contextHypotheses', 'packetDiagnostics']
Running Flamingo forensic listening...
[Music Flamingo] input tokens=1001; generation budget=400
[Music Flamingo] FORENSIC RESPONSE (19.5s)
1. Yes, the track is built around a prominent, repetitive synth loop that sounds like a sampled or looped element, giving it a slightly lo‑fi, nostalgic texture.
2. No, there are no vocals in this track.
3. Yes, the main synth loop repeats identically throughout the piece, forming the core groove.
4. The main loop is processed with subtle filtering and mild saturation, giving it a warm, slightly degraded character.
5. The source material appears to be from an older recording, likely from the 1980s, as indicated by the lo‑fi synth timbre and the overall production style.
[Music Flamingo] FORENSIC ANSWERS [{"key": "sampled", "answer": "yes", "cue": "the track is built around a prominent, repetitive synth loop that sounds like a sampled or looped element, giving it a slightly lo‑fi, nostalgic texture."}, {"key": "vocals", "answer": "no", "cue": "there are no vocals in this track."}, {"key": "loop", "answer": "yes", "cue": "the main synth loop repeats identically throughout the piece, forming the core groove."}, {"key": "processing", "answer": "unsure", "cue": "The main loop is processed with subtle filtering and mild saturation, giving it a warm, slightly degraded character."}, {"key": "sourcePeriod", "answer": "unsure", "cue": "The source material appears to be from an older recording, likely from the 1980s, as indicated by the lo‑fi synth timbre and the overall production style."}]
Running Flamingo structured deep-listening inference (first impression)...
[Music Flamingo] input tokens=803; generation budget=256
Inference cancelled: superseded during generation
Client already disconnected; 409 not delivered.
Running Flamingo structured deep-listening inference (first impression)...
[Music Flamingo] input tokens=803; generation budget=256
Inference cancelled: superseded during generation
Client already disconnected; 409 not delivered.
Running Flamingo structured deep-listening inference (first impression)...
[Music Flamingo] input tokens=803; generation budget=256
Inference cancelled: superseded during generation
Client already disconnected; 409 not delivered.
Running Flamingo structured deep-listening inference (first impression)...
[Music Flamingo] input tokens=803; generation budget=256
Inference cancelled: superseded during generation
Client already disconnected; 409 not delivered.
Running Flamingo structured deep-listening inference (first impression)...
[Music Flamingo] input tokens=803; generation budget=256

[Music Flamingo] RAW MODEL RESPONSE (max 6000 chars)
{'audibleObservations': [{'id': 1, 'text': 'fast electronic rhythm', 'category': 'rhythm', 'confidence': 0.95}, {'id': 2, 'text': 'bright synth melody', 'category': 'instrumentation', 'confidence': 0.95}, {'id': 3, 'text': 'energetic, playful', 'category': 'performance', 'confidence': 0.95}], 'signatureRelations': [{'id': 1, 'text': 'bright synth melody', 'supportRefs': ['bright synth melody', 'energetic, playful'], 'confidence': 0.95}], 'uncertainties': ['genre not yet identified'], 'genreHypotheses': [{'label': 'electronic pop', 'confidence': 0.5}, {'label': 'dance pop', 'confidence': 0.5}], 'aestheticConcepts': [{'text': 'kawaii pop', 'confidence': 0.7, 'supportRefs': ['bright synth melody', 'energetic, playful']}, {'text': 'bright pop', 'confidence': 0.7, 'supportRefs': ['bright synth melody', 'energetic, playful']}], '
[Music Flamingo] SANITIZED PACKET SENT TO MUSIC SHOWER (max 6000 chars)
{
  "audibleObservations": [
    {
      "text": "fast electronic rhythm",
      "category": "rhythm",
      "confidence": 0.95,
      "reasoningHints": "",
      "id": "1"
    },
    {
      "text": "bright synth melody",
      "category": "instrumentation",
      "confidence": 0.95,
      "reasoningHints": "",
      "id": "2"
    },
    {
      "text": "energetic playful",
      "category": "performance",
      "confidence": 0.95,
      "reasoningHints": "",
      "id": "3"
    }
  ],
  "signatureRelations": [
    {
      "text": "bright synth melody",
      "confidence": 0.95,
      "reasoningHints": "",
      "supportRefs": [
        "brightsynthmelody",
        "energeticplayful"
      ],
      "id": "1"
    }
  ],
  "styleCues": [],
  "uncertainties": [
    "genre not yet identified"
  ],
  "genreHypotheses": [
    {
      "label": "electronic pop",
      "confidence": 0.48,
      "reasoningHints": "",
      "supportRefs": [],
      "id": "g1",
      "provisional": true
    },
    {
      "label": "dance pop",
      "confidence": 0.48,
      "reasoningHints": "",
      "supportRefs": [],
      "id": "g2",
      "provisional": true
    }
  ],
  "aestheticConcepts": [
    {
      "text": "kawaii pop",
      "confidence": 0.7,
      "reasoningHints": "",
      "supportRefs": [
        "brightsynthmelody",
        "energeticplayful"
      ]
    },
    {
      "text": "bright pop",
      "confidence": 0.7,
      "reasoningHints": "",
      "supportRefs": [
        "brightsynthmelody",
        "energeticplayful"
      ]
    }
  ],
  "impressions": [],
  "contextHypotheses": [],
  "packetDiagnostics": {
    "rawItemCount": 8,
    "acceptedConceptCount": 8,
    "duplicateOrRejectedCount": 0,
    "quarantinedCount": 0,
    "fieldCounts": {
      "audibleObservations": 3,
      "signatureRelations": 1,
      "styleCues": 0,
      "genreHypotheses": 2,
      "contextHypotheses": 0,
      "aestheticConcepts": 2,
      "impressions": 0
    }
  }
}
[Music Flamingo] END PACKET

Inference complete in 42.1s. Packet parsed: ['audibleObservations', 'signatureRelations', 'styleCues', 'uncertainties', 'genreHypotheses', 'aestheticConcepts', 'impressions', 'contextHypotheses', 'packetDiagnostics']
Running Flamingo structured deep-listening inference (first impression)...
[Music Flamingo] input tokens=803; generation budget=256

[Music Flamingo] RAW MODEL RESPONSE (max 6000 chars)
{'audibleObservations': [{'id': 1, 'text': 'fast electronic rhythm', 'category': 'rhythm', 'confidence': 0.95}, {'id': 2, 'text': 'synth bassline', 'category': 'instrumentation', 'confidence': 0.95}, {'id': 3, 'text': 'repetitive vocal hook', 'category': 'performance', 'confidence': 0.95}], 'signatureRelations': [{'id': 1, 'text': 'driven by synth bass', 'supportRefs': [1, 2], 'confidence': 0.8}, {'id': 2, 'text': 'hooked vocal phrase', 'supportRefs': [3], 'confidence': 0.8}], 'uncertainties': ['no clear genre label', 'no explicit tempo or time signature'], 'genreHypotheses': [{'label': 'electronic dance', 'confidence': 0.5}, {'label': 'pop electronic', 'confidence': 0.5}], 'aestheticConcepts': [{'text': 'energetic club', 'confidence': 0.7, 'supportRefs': [1, 2, 3
[Music Flamingo] SANITIZED PACKET SENT TO MUSIC SHOWER (max 6000 chars)
{
  "audibleObservations": [
    {
      "text": "fast electronic rhythm",
      "category": "rhythm",
      "confidence": 0.95,
      "reasoningHints": "",
      "id": "1"
    },
    {
      "text": "synth bassline",
      "category": "instrumentation",
      "confidence": 0.95,
      "reasoningHints": "",
      "id": "2"
    },
    {
      "text": "repetitive vocal hook",
      "category": "performance",
      "confidence": 0.95,
      "reasoningHints": "",
      "id": "3"
    }
  ],
  "signatureRelations": [
    {
      "text": "driven by synth bass",
      "confidence": 0.8,
      "reasoningHints": "",
      "supportRefs": [
        "1",
        "2"
      ],
      "id": "1"
    },
    {
      "text": "hooked vocal phrase",
      "confidence": 0.8,
      "reasoningHints": "",
      "supportRefs": [
        "3"
      ],
      "id": "2"
    }
  ],
  "styleCues": [],
  "uncertainties": [
    "no clear genre label",
    "no explicit tempo or time signature"
  ],
  "genreHypotheses": [
    {
      "label": "electronic dance",
      "confidence": 0.48,
      "reasoningHints": "",
      "supportRefs": [],
      "id": "g1",
      "provisional": true
    },
    {
      "label": "pop electronic",
      "confidence": 0.48,
      "reasoningHints": "",
      "supportRefs": [],
      "id": "g2",
      "provisional": true
    }
  ],
  "aestheticConcepts": [
    {
      "text": "energetic club",
      "confidence": 0.62,
      "reasoningHints": "",
      "supportRefs": []
    }
  ],
  "impressions": [],
  "contextHypotheses": [],
  "packetDiagnostics": {
    "rawItemCount": 8,
    "acceptedConceptCount": 8,
    "duplicateOrRejectedCount": 0,
    "quarantinedCount": 0,
    "fieldCounts": {
      "audibleObservations": 3,
      "signatureRelations": 2,
      "styleCues": 0,
      "genreHypotheses": 2,
      "contextHypotheses": 0,
      "aestheticConcepts": 1,
      "impressions": 0
    }
  }
}
[Music Flamingo] END PACKET

Inference complete in 35.2s. Packet parsed: ['audibleObservations', 'signatureRelations', 'styleCues', 'uncertainties', 'genreHypotheses', 'aestheticConcepts', 'impressions', 'contextHypotheses', 'packetDiagnostics']
Running Flamingo forensic listening...
[Music Flamingo] input tokens=1001; generation budget=400
Inference cancelled: superseded during generation
Client already disconnected; 409 not delivered.
Running Flamingo structured deep-listening inference (first impression)...
[Music Flamingo] input tokens=803; generation budget=256
Inference cancelled: superseded during generation
Client already disconnected; 409 not delivered.
Running Flamingo structured deep-listening inference (first impression)...
[Music Flamingo] input tokens=803; generation budget=256
Inference cancelled: superseded during generation
Client already disconnected; 409 not delivered.
Running Flamingo structured deep-listening inference (first impression)...
[Music Flamingo] input tokens=803; generation budget=256

[Music Flamingo] RAW MODEL RESPONSE (max 6000 chars)
{'audibleObservations': [{'id': 1, 'text': 'fast electronic rhythm', 'category': 'rhythm', 'confidence': 0.95}, {'id': 2, 'text': 'bright synth melody', 'category': 'instrumentation', 'confidence': 0.95}, {'id': 3, 'text': 'energetic, playful', 'category': 'performance', 'confidence': 0.95}], 'signatureRelations': [{'id': 1, 'text': 'bright synth melody', 'supportRefs': ['bright synth melody', 'energetic, playful'], 'confidence': 0.95}], 'uncertainties': ['no clear genre label', 'no clear vocal style'], 'genreHypotheses': [{'label': 'electronic dance', 'confidence': 0.7}, {'label': 'pop', 'confidence': 0.5}], 'aestheticConcepts': [{'text': 'bright synth pop', 'confidence': 0.8, 'supportRefs': ['bright synth melody', 'energetic, playful']}, {'text': 'playful electronic', 'confidence': 0.6, 'supportRefs': ['fast electronic rhythm', 'ener
[Music Flamingo] SANITIZED PACKET SENT TO MUSIC SHOWER (max 6000 chars)
{
  "audibleObservations": [
    {
      "text": "fast electronic rhythm",
      "category": "rhythm",
      "confidence": 0.95,
      "reasoningHints": "",
      "id": "1"
    },
    {
      "text": "bright synth melody",
      "category": "instrumentation",
      "confidence": 0.95,
      "reasoningHints": "",
      "id": "2"
    },
    {
      "text": "energetic playful",
      "category": "performance",
      "confidence": 0.95,
      "reasoningHints": "",
      "id": "3"
    }
  ],
  "signatureRelations": [
    {
      "text": "bright synth melody",
      "confidence": 0.95,
      "reasoningHints": "",
      "supportRefs": [
        "brightsynthmelody",
        "energeticplayful"
      ],
      "id": "1"
    }
  ],
  "styleCues": [],
  "uncertainties": [
    "no clear genre label",
    "no clear vocal style"
  ],
  "genreHypotheses": [
    {
      "label": "electronic dance",
      "confidence": 0.48,
      "reasoningHints": "",
      "supportRefs": [],
      "id": "g1",
      "provisional": true
    },
    {
      "label": "pop",
      "confidence": 0.48,
      "reasoningHints": "",
      "supportRefs": [],
      "id": "g2",
      "provisional": true
    }
  ],
  "aestheticConcepts": [
    {
      "text": "bright synth pop",
      "confidence": 0.8,
      "reasoningHints": "",
      "supportRefs": [
        "brightsynthmelody",
        "energeticplayful"
      ]
    },
    {
      "text": "playful electronic",
      "confidence": 0.6,
      "reasoningHints": "",
      "supportRefs": [
        "fastelectronicrhythm"
      ]
    }
  ],
  "impressions": [],
  "contextHypotheses": [],
  "packetDiagnostics": {
    "rawItemCount": 8,
    "acceptedConceptCount": 8,
    "duplicateOrRejectedCount": 0,
    "quarantinedCount": 0,
    "fieldCounts": {
      "audibleObservations": 3,
      "signatureRelations": 1,
      "styleCues": 0,
      "genreHypotheses": 2,
      "contextHypotheses": 0,
      "aestheticConcepts": 2,
      "impressions": 0
    }
  }
}
[Music Flamingo] END PACKET

Inference complete in 34.2s. Packet parsed: ['audibleObservations', 'signatureRelations', 'styleCues', 'uncertainties', 'genreHypotheses', 'aestheticConcepts', 'impressions', 'contextHypotheses', 'packetDiagnostics']
Running Flamingo forensic listening...
[Music Flamingo] input tokens=1001; generation budget=400
Inference cancelled: superseded during generation
Client already disconnected; 409 not delivered.
Running Flamingo structured deep-listening inference (first impression)...
[Music Flamingo] input tokens=803; generation budget=256

[Music Flamingo] RAW MODEL RESPONSE (max 6000 chars)
{'audibleObservations': [{'id': 1, 'text': 'female lead vocal', 'category': 'vocal', 'confidence': 0.95}, {'id': 2, 'text': 'electronic drum beat', 'category': 'rhythm', 'confidence': 0.95}, {'id': 3, 'text': 'synth bassline', 'category': 'instrumentation', 'confidence': 0.95}], 'signatureRelations': [{'id': 1, 'text': 'vocal and synth interplay', 'supportRefs': ['female lead vocal', 'synth bassline'], 'confidence': 0.8}, {'id': 2, 'text': 'minimalist electronic arrangement', 'supportRefs': ['electronic drum beat', 'synth bassline'], 'confidence': 0.7}], 'uncertainties': ['no clear genre label', 'no explicit tempo or time signature'], 'genreHypotheses': [{'label': 'electronic pop', 'confidence': 0.3}, {'label': 'indie electronic', 'confidence': 0.2}], 'aestheticConcepts': [{'text': 'dreamy electronic', 'confidence': 
[Music Flamingo] SANITIZED PACKET SENT TO MUSIC SHOWER (max 6000 chars)
{
  "audibleObservations": [
    {
      "text": "female lead vocal",
      "category": "performance",
      "confidence": 0.95,
      "reasoningHints": "",
      "sourceCategory": "vocal",
      "id": "1"
    },
    {
      "text": "electronic drum beat",
      "category": "rhythm",
      "confidence": 0.95,
      "reasoningHints": "",
      "id": "2"
    },
    {
      "text": "synth bassline",
      "category": "instrumentation",
      "confidence": 0.95,
      "reasoningHints": "",
      "id": "3"
    }
  ],
  "signatureRelations": [
    {
      "text": "vocal and synth interplay",
      "confidence": 0.8,
      "reasoningHints": "",
      "supportRefs": [
        "femaleleadvocal",
        "synthbassline"
      ],
      "id": "1"
    },
    {
      "text": "minimalist electronic arrangement",
      "confidence": 0.7,
      "reasoningHints": "",
      "supportRefs": [
        "electronicdrumbeat",
        "synthbassline"
      ],
      "id": "2"
    }
  ],
  "styleCues": [],
  "uncertainties": [
    "no clear genre label",
    "no explicit tempo or time signature"
  ],
  "genreHypotheses": [
    {
      "label": "electronic pop",
      "confidence": 0.3,
      "reasoningHints": "",
      "supportRefs": [],
      "id": "g1",
      "provisional": true
    },
    {
      "label": "indie electronic",
      "confidence": 0.2,
      "reasoningHints": "",
      "supportRefs": [],
      "id": "g2",
      "provisional": true
    }
  ],
  "aestheticConcepts": [
    {
      "text": "dreamy electronic",
      "confidence": 0.62,
      "reasoningHints": "",
      "supportRefs": []
    }
  ],
  "impressions": [],
  "contextHypotheses": [],
  "packetDiagnostics": {
    "rawItemCount": 8,
    "acceptedConceptCount": 8,
    "duplicateOrRejectedCount": 0,
    "quarantinedCount": 0,
    "fieldCounts": {
      "audibleObservations": 3,
      "signatureRelations": 2,
      "styleCues": 0,
      "genreHypotheses": 2,
      "contextHypotheses": 0,
      "aestheticConcepts": 1,
      "impressions": 0
    }
  }
}
[Music Flamingo] END PACKET

Inference complete in 31.5s. Packet parsed: ['audibleObservations', 'signatureRelations', 'styleCues', 'uncertainties', 'genreHypotheses', 'aestheticConcepts', 'impressions', 'contextHypotheses', 'packetDiagnostics']
Running Flamingo forensic listening...
[Music Flamingo] input tokens=1001; generation budget=400
[Music Flamingo] FORENSIC RESPONSE (31.8s)
1. Yes, a short vocal sample is used as a looped hook. The sample is a female voice, pitch‑shifted and time‑stretched, and it repeats the phrase “You know it’s me, it only gets better, but I can’t sit and wait forever.”
2. Yes, there are female vocals. The language is English. The vocal timbre is clear and slightly breathy, processed with reverb and delay. The style is melodic, sung, and delivered with a sense of longing and anticipation.
3. The phrase “You know it’s me, it only gets better, but I can’t sit and wait forever” repeats identically as a loop throughout the track.
4. The main loop is filtered and side‑chained to the kick drum, giving it a pumping feel. The overall mix is polished and high‑fidelity, with a wide stereo image and clear separation of elements.
5. The source material for the vocal sample appears to be from the 1990s, while the surrounding production is contemporary, suggesting a blend of retro sample usage with modern electronic production techniques.
[Music Flamingo] FORENSIC ANSWERS [{"key": "sampled", "answer": "yes", "cue": "a short vocal sample is used as a looped hook. The sample is a female voice, pitch‑shifted and time‑stretched, and it repeats the phrase “You know it’s me, it"}, {"key": "vocals", "answer": "yes", "cue": "there are female vocals. The language is English. The vocal timbre is clear and slightly breathy, processed with reverb and delay. The style is melodic, sung"}, {"key": "loop", "answer": "yes", "cue": "The phrase “You know it’s me, it only gets better, but I can’t sit and wait forever” repeats identically as a loop throughout the track.", "inferred": true}, {"key": "processing", "answer": "unsure", "cue": "The main loop is filtered and side‑chained to the kick drum, giving it a pumping feel. The overall mix is polished and high‑fidelity, with a wide stereo image"}, {"key": "sourcePeriod", "answer": "unsure", "cue": "The source material for the vocal sample appears to be from the 1990s, while the surrounding production is contemporary, suggesting a blend of retro sample"}]
Running Flamingo structured deep-listening inference...
[Music Flamingo] input tokens=2089; generation budget=1024
Inference cancelled: superseded during generation
Client already disconnected; 409 not delivered.
Running Flamingo structured deep-listening inference (first impression)...
[Music Flamingo] input tokens=803; generation budget=256
Inference cancelled: superseded during generation
Client already disconnected; 409 not delivered.
Running Flamingo structured deep-listening inference (first impression)...
[Music Flamingo] input tokens=803; generation budget=256

[Music Flamingo] RAW MODEL RESPONSE (max 6000 chars)
{'audibleObservations': [{'id': 1, 'text': 'bright synth melody', 'category': 'instrumentation', 'confidence': 0.95}, {'id': 2, 'text': 'steady electronic beat', 'category': 'rhythm', 'confidence': 0.95}, {'id': 3, 'text': 'clean vocal delivery', 'category': 'performance', 'confidence': 0.95}], 'signatureRelations': [{'id': 1, 'text': 'beat-driven arrangement', 'supportRefs': ['steady electronic beat', 'bright synth melody'], 'confidence': 0.85}, {'id': 2, 'text': 'minimalist production', 'supportRefs': ['clean vocal delivery', 'steady electronic beat'], 'confidence': 0.75}], 'uncertainties': ['no clear genre label', 'no explicit tempo or key'], 'genreHypotheses': [{'label': 'electronic pop', 'confidence': 0.3}, {'label': 'synth-pop', 'confidence': 0.2}], 'aestheticConcepts': [{'text': 'bright and airy', 'confidence': 0.6, 'supportRefs': ['
[Music Flamingo] SANITIZED PACKET SENT TO MUSIC SHOWER (max 6000 chars)
{
  "audibleObservations": [
    {
      "text": "bright synth melody",
      "category": "instrumentation",
      "confidence": 0.95,
      "reasoningHints": "",
      "id": "1"
    },
    {
      "text": "steady electronic beat",
      "category": "rhythm",
      "confidence": 0.95,
      "reasoningHints": "",
      "id": "2"
    },
    {
      "text": "clean vocal delivery",
      "category": "performance",
      "confidence": 0.95,
      "reasoningHints": "",
      "id": "3"
    }
  ],
  "signatureRelations": [
    {
      "text": "beat-driven arrangement",
      "confidence": 0.85,
      "reasoningHints": "",
      "supportRefs": [
        "steadyelectronicbeat",
        "brightsynthmelody"
      ],
      "id": "1"
    },
    {
      "text": "minimalist production",
      "confidence": 0.75,
      "reasoningHints": "",
      "supportRefs": [
        "cleanvocaldelivery",
        "steadyelectronicbeat"
      ],
      "id": "2"
    }
  ],
  "styleCues": [],
  "uncertainties": [
    "no clear genre label",
    "no explicit tempo or key"
  ],
  "genreHypotheses": [
    {
      "label": "electronic pop",
      "confidence": 0.3,
      "reasoningHints": "",
      "supportRefs": [],
      "id": "g1",
      "provisional": true
    },
    {
      "label": "synth-pop",
      "confidence": 0.2,
      "reasoningHints": "",
      "supportRefs": [],
      "id": "g2",
      "provisional": true
    }
  ],
  "aestheticConcepts": [
    {
      "text": "bright and airy",
      "confidence": 0.62,
      "reasoningHints": "",
      "supportRefs": []
    }
  ],
  "impressions": [],
  "contextHypotheses": [],
  "packetDiagnostics": {
    "rawItemCount": 8,
    "acceptedConceptCount": 8,
    "duplicateOrRejectedCount": 0,
    "quarantinedCount": 0,
    "fieldCounts": {
      "audibleObservations": 3,
      "signatureRelations": 2,
      "styleCues": 0,
      "genreHypotheses": 2,
      "contextHypotheses": 0,
      "aestheticConcepts": 1,
      "impressions": 0
    }
  }
}
[Music Flamingo] END PACKET

Inference complete in 37.0s. Packet parsed: ['audibleObservations', 'signatureRelations', 'styleCues', 'uncertainties', 'genreHypotheses', 'aestheticConcepts', 'impressions', 'contextHypotheses', 'packetDiagnostics']
Running Flamingo forensic listening...
[Music Flamingo] input tokens=1001; generation budget=400
[Music Flamingo] FORENSIC RESPONSE (30.5s)
1. Yes, a short vocal sample is used as a rhythmic element. The sample is a short, pitched‑down vocal snippet that is looped and layered with the main beat, giving the track a distinctive hook.
2. Yes, there are female vocals. The language is Korean. The vocal timbre is clear and bright, but the voice is heavily processed with autotune/pitch correction, reverb, and delay, creating a polished, modern pop sound.
3. Yes, the main vocal hook repeats identically as a loop throughout the track, especially in the chorus sections.
4. The main loop and groove are heavily compressed and side‑chained to the kick drum, giving a tight, punchy feel. The overall mix is bright and polished, with a wide stereo image and subtle saturation on the synths.
5. The vocal sample and some synth textures suggest a source from the late 1990s/early 2000s, while the rest of the production is contemporary K‑pop style.
[Music Flamingo] FORENSIC ANSWERS [{"key": "sampled", "answer": "yes", "cue": "a short vocal sample is used as a rhythmic element. The sample is a short, pitched‑down vocal snippet that is looped and layered with the main beat, giving the"}, {"key": "vocals", "answer": "yes", "cue": "there are female vocals. The language is Korean. The vocal timbre is clear and bright, but the voice is heavily processed with autotune/pitch correction"}, {"key": "loop", "answer": "yes", "cue": "the main vocal hook repeats identically as a loop throughout the track, especially in the chorus sections."}, {"key": "processing", "answer": "unsure", "cue": "The main loop and groove are heavily compressed and side‑chained to the kick drum, giving a tight, punchy feel. The overall mix is bright and polished, with a"}, {"key": "sourcePeriod", "answer": "unsure", "cue": "The vocal sample and some synth textures suggest a source from the late 1990s/early 2000s, while the rest of the production is contemporary K‑pop style."}]
Running Flamingo structured deep-listening inference...
[Music Flamingo] input tokens=2089; generation budget=1024
Inference cancelled: superseded during generation
Client already disconnected; 409 not delivered.
Running Flamingo structured deep-listening inference (first impression)...
[Music Flamingo] input tokens=803; generation budget=256
[Music Flamingo] NOTE: fewer items than the model sent: aestheticConcepts 2->1

[Music Flamingo] RAW MODEL RESPONSE (max 6000 chars)
{'audibleObservations': [{'id': 1, 'text': 'instrumental electronic', 'category': 'instrumentation', 'confidence': 0.95}, {'id': 2, 'text': 'steady 4/4 beat', 'category': 'rhythm', 'confidence': 0.95}, {'id': 3, 'text': 'bright synth melody', 'category': 'instrumentation', 'confidence': 0.95}], 'signatureRelations': [{'id': 1, 'text': 'beat-driven electronic', 'supportRefs': [1, 2], 'confidence': 0.8}, {'id': 2, 'text': 'melodic synth lead', 'supportRefs': [1, 3], 'confidence': 0.8}], 'uncertainties': ['no clear genre label', 'no vocal presence'], 'genreHypotheses': [{'label': 'electronic', 'confidence': 0.6}, {'label': 'instrumental', 'confidence': 0.6}], 'aestheticConcepts': [{'text': 'bright synth pop', 'confidence': 0.4, 'supportRefs': [1, 3]}, {'text': '
[Music Flamingo] SANITIZED PACKET SENT TO MUSIC SHOWER (max 6000 chars)
{
  "audibleObservations": [
    {
      "text": "instrumental electronic",
      "category": "instrumentation",
      "confidence": 0.95,
      "reasoningHints": "",
      "id": "1"
    },
    {
      "text": "steady 4/4 beat",
      "category": "rhythm",
      "confidence": 0.95,
      "reasoningHints": "",
      "id": "2"
    },
    {
      "text": "bright synth melody",
      "category": "instrumentation",
      "confidence": 0.95,
      "reasoningHints": "",
      "id": "3"
    }
  ],
  "signatureRelations": [
    {
      "text": "beat-driven electronic",
      "confidence": 0.8,
      "reasoningHints": "",
      "supportRefs": [
        "1",
        "2"
      ],
      "id": "1"
    },
    {
      "text": "melodic synth lead",
      "confidence": 0.8,
      "reasoningHints": "",
      "supportRefs": [
        "1",
        "3"
      ],
      "id": "2"
    }
  ],
  "styleCues": [],
  "uncertainties": [
    "no clear genre label",
    "no vocal presence"
  ],
  "genreHypotheses": [
    {
      "label": "electronic",
      "confidence": 0.48,
      "reasoningHints": "",
      "supportRefs": [],
      "id": "g1",
      "provisional": true
    },
    {
      "label": "instrumental",
      "confidence": 0.48,
      "reasoningHints": "",
      "supportRefs": [],
      "id": "g2",
      "provisional": true
    }
  ],
  "aestheticConcepts": [
    {
      "text": "bright synth pop",
      "confidence": 0.4,
      "reasoningHints": "",
      "supportRefs": [
        "1",
        "3"
      ]
    }
  ],
  "impressions": [],
  "contextHypotheses": [],
  "packetDiagnostics": {
    "rawItemCount": 9,
    "acceptedConceptCount": 8,
    "duplicateOrRejectedCount": 1,
    "quarantinedCount": 0,
    "fieldCounts": {
      "audibleObservations": 3,
      "signatureRelations": 2,
      "styleCues": 0,
      "genreHypotheses": 2,
      "contextHypotheses": 0,
      "aestheticConcepts": 1,
      "impressions": 0
    }
  }
}
[Music Flamingo] END PACKET

Inference complete in 30.8s. Packet parsed: ['audibleObservations', 'signatureRelations', 'styleCues', 'uncertainties', 'genreHypotheses', 'aestheticConcepts', 'impressions', 'contextHypotheses', 'packetDiagnostics']
Running Flamingo forensic listening...
[Music Flamingo] input tokens=1001; generation budget=400
[Music Flamingo] FORENSIC RESPONSE (43.5s)
1. The track is built around a prominent, repetitive synth loop that sounds like a sampled or heavily processed melodic fragment, giving it a loop‑based, sample‑based character. The main groove is also loop‑based, with a steady drum pattern and bassline that repeat throughout, reinforcing the loop‑centric structure.
2. There are no vocals in the track. The only vocal‑like element is a brief spoken‑word sample that appears at the very end (around 2:40–2:42), saying “I don’t know.” This sample is not pitch‑shifted, time‑stretched, chopped, or filtered; it is presented plainly, serving as a final, almost accidental utterance.
3. The main synth loop and the underlying drum‑bass groove repeat identically for most of the track, creating a continuous loop that underpins the entire piece. The structure is essentially intro → looped main section → outro, with the spoken sample at the very end.
4. The production is clean and high‑fidelity, with a wide stereo image that places the synth loop prominently in the mix. No obvious filtering, sidechain pumping, saturation, or bit‑reduction is audible; the sound is crisp and unprocessed, suggesting a modern, polished production style rather than a deliberately lo‑fi or heavily processed aesthetic.
5. The source material for the loop appears to be from an older recording, as indicated by the description of “a sample from an older recording.” This suggests that the loop itself is taken from a vintage or archival source, while the surrounding arrangement and mixing are contemporary.
[Music Flamingo] FORENSIC ANSWERS [{"key": "sampled", "answer": "yes", "cue": "The track is built around a prominent, repetitive synth loop that sounds like a sampled or heavily processed melodic fragment, giving it a loop‑based", "inferred": true}, {"key": "vocals", "answer": "unsure", "cue": "There are no vocals in the track. The only vocal‑like element is a brief spoken‑word sample that appears at the very end (around 2:40–2:42), saying “I don’t"}, {"key": "loop", "answer": "yes", "cue": "The main synth loop and the underlying drum‑bass groove repeat identically for most of the track, creating a continuous loop that underpins the entire piece.", "inferred": true}, {"key": "processing", "answer": "unsure", "cue": "The production is clean and high‑fidelity, with a wide stereo image that places the synth loop prominently in the mix. No obvious filtering, sidechain pumping"}, {"key": "sourcePeriod", "answer": "unsure", "cue": "The source material for the loop appears to be from an older recording, as indicated by the description of “a sample from an older recording.” This suggests"}]
Running Flamingo structured deep-listening inference...
[Music Flamingo] input tokens=2089; generation budget=1024
Inference cancelled: superseded during generation
Client already disconnected; 409 not delivered.
Running Flamingo structured deep-listening inference (first impression)...
[Music Flamingo] input tokens=803; generation budget=256
Inference cancelled: superseded during generation
Client already disconnected; 409 not delivered.
Running Flamingo structured deep-listening inference (first impression)...
[Music Flamingo] input tokens=803; generation budget=256
Inference cancelled: superseded during generation
Client already disconnected; 409 not delivered.
Running Flamingo structured deep-listening inference (first impression)...
[Music Flamingo] input tokens=803; generation budget=256

[Music Flamingo] RAW MODEL RESPONSE (max 6000 chars)
{'audibleObservations': [{'id': 1, 'text': 'steady 4/4 dance beat', 'category': 'rhythm', 'confidence': 0.95}, {'id': 2, 'text': 'synth bassline', 'category': 'instrumentation', 'confidence': 0.95}, {'id': 3, 'text': 'repetitive vocal sample', 'category': 'performance', 'confidence': 0.95}], 'signatureRelations': [{'id': 1, 'text': 'beat-driven dance track', 'supportRefs': [1, 2], 'confidence': 0.95}], 'uncertainties': ['no clear genre label', 'no explicit mood cue'], 'genreHypotheses': [{'label': 'dance', 'confidence': 0.75, 'supportRefs': [1, 2, 3]}, {'label': 'electronic', 'confidence': 0.75, 'supportRefs': [1, 2, 3]}], 'aestheticConcepts': [{'text': 'club dance', 'confidence': 0.75, 'supportRefs': [1, 2, 3]},
[Music Flamingo] SANITIZED PACKET SENT TO MUSIC SHOWER (max 6000 chars)
{
  "audibleObservations": [
    {
      "text": "steady 4/4 dance beat",
      "category": "rhythm",
      "confidence": 0.95,
      "reasoningHints": "",
      "id": "1"
    },
    {
      "text": "synth bassline",
      "category": "instrumentation",
      "confidence": 0.95,
      "reasoningHints": "",
      "id": "2"
    },
    {
      "text": "repetitive vocal sample",
      "category": "performance",
      "confidence": 0.95,
      "reasoningHints": "",
      "id": "3"
    }
  ],
  "signatureRelations": [
    {
      "text": "beat-driven dance track",
      "confidence": 0.95,
      "reasoningHints": "",
      "supportRefs": [
        "1",
        "2"
      ],
      "id": "1"
    }
  ],
  "styleCues": [],
  "uncertainties": [
    "no clear genre label",
    "no explicit mood cue"
  ],
  "genreHypotheses": [
    {
      "label": "dance",
      "confidence": 0.48,
      "reasoningHints": "",
      "supportRefs": [
        "1",
        "2",
        "3"
      ],
      "id": "g1",
      "provisional": true
    },
    {
      "label": "electronic",
      "confidence": 0.48,
      "reasoningHints": "",
      "supportRefs": [
        "1",
        "2",
        "3"
      ],
      "id": "g2",
      "provisional": true
    }
  ],
  "aestheticConcepts": [
    {
      "text": "club dance",
      "confidence": 0.75,
      "reasoningHints": "",
      "supportRefs": [
        "1",
        "2",
        "3"
      ]
    }
  ],
  "impressions": [],
  "contextHypotheses": [],
  "packetDiagnostics": {
    "rawItemCount": 7,
    "acceptedConceptCount": 7,
    "duplicateOrRejectedCount": 0,
    "quarantinedCount": 0,
    "fieldCounts": {
      "audibleObservations": 3,
      "signatureRelations": 1,
      "styleCues": 0,
      "genreHypotheses": 2,
      "contextHypotheses": 0,
      "aestheticConcepts": 1,
      "impressions": 0
    }
  }
}
[Music Flamingo] END PACKET

Inference complete in 30.4s. Packet parsed: ['audibleObservations', 'signatureRelations', 'styleCues', 'uncertainties', 'genreHypotheses', 'aestheticConcepts', 'impressions', 'contextHypotheses', 'packetDiagnostics']
Running Flamingo forensic listening...
[Music Flamingo] input tokens=1001; generation budget=400
Inference cancelled: superseded during generation
Client already disconnected; 409 not delivered.
Running Flamingo structured deep-listening inference (first impression)...
[Music Flamingo] input tokens=803; generation budget=256
Inference cancelled: superseded during generation
Client already disconnected; 409 not delivered.
Running Flamingo structured deep-listening inference (first impression)...
[Music Flamingo] input tokens=803; generation budget=256

[Music Flamingo] RAW MODEL RESPONSE (max 6000 chars)
{'audibleObservations': [{'id': 1, 'text': 'steady electronic beat', 'category': 'rhythm', 'confidence': 0.95}, {'id': 2, 'text': 'bright synth melody', 'category': 'instrumentation', 'confidence': 0.95}, {'id': 3, 'text': 'clean female vocal', 'category': 'performance', 'confidence': 0.95}], 'signatureRelations': [{'id': 1, 'text': 'beat supports synth', 'supportRefs': [1, 2], 'confidence': 0.85}, {'id': 2, 'text': 'vocal sits atop beat', 'supportRefs': [1, 3], 'confidence': 0.85}], 'uncertainties': ['no clear genre label', 'no explicit tempo or key'], 'genreHypotheses': [{'label': 'electronic pop', 'confidence': 0.3}, {'label': 'dance pop', 'confidence': 0.2}], 'aestheticConcepts': [{'text': 'bright and airy', 'confidence': 0.7}, {'text': 'modern synth pop', 'confidence': 
[Music Flamingo] SANITIZED PACKET SENT TO MUSIC SHOWER (max 6000 chars)
{
  "audibleObservations": [
    {
      "text": "steady electronic beat",
      "category": "rhythm",
      "confidence": 0.95,
      "reasoningHints": "",
      "id": "1"
    },
    {
      "text": "bright synth melody",
      "category": "instrumentation",
      "confidence": 0.95,
      "reasoningHints": "",
      "id": "2"
    },
    {
      "text": "clean female vocal",
      "category": "performance",
      "confidence": 0.95,
      "reasoningHints": "",
      "id": "3"
    }
  ],
  "signatureRelations": [
    {
      "text": "beat supports synth",
      "confidence": 0.85,
      "reasoningHints": "",
      "supportRefs": [
        "1",
        "2"
      ],
      "id": "1"
    },
    {
      "text": "vocal sits atop beat",
      "confidence": 0.85,
      "reasoningHints": "",
      "supportRefs": [
        "1",
        "3"
      ],
      "id": "2"
    }
  ],
  "styleCues": [],
  "uncertainties": [
    "no clear genre label",
    "no explicit tempo or key"
  ],
  "genreHypotheses": [
    {
      "label": "electronic pop",
      "confidence": 0.3,
      "reasoningHints": "",
      "supportRefs": [],
      "id": "g1",
      "provisional": true
    },
    {
      "label": "dance pop",
      "confidence": 0.2,
      "reasoningHints": "",
      "supportRefs": [],
      "id": "g2",
      "provisional": true
    }
  ],
  "aestheticConcepts": [
    {
      "text": "bright and airy",
      "confidence": 0.7,
      "reasoningHints": "",
      "supportRefs": []
    },
    {
      "text": "modern synth pop",
      "confidence": 0.62,
      "reasoningHints": "",
      "supportRefs": []
    }
  ],
  "impressions": [],
  "contextHypotheses": [],
  "packetDiagnostics": {
    "rawItemCount": 9,
    "acceptedConceptCount": 9,
    "duplicateOrRejectedCount": 0,
    "quarantinedCount": 0,
    "fieldCounts": {
      "audibleObservations": 3,
      "signatureRelations": 2,
      "styleCues": 0,
      "genreHypotheses": 2,
      "contextHypotheses": 0,
      "aestheticConcepts": 2,
      "impressions": 0
    }
  }
}
[Music Flamingo] END PACKET

Inference complete in 36.9s. Packet parsed: ['audibleObservations', 'signatureRelations', 'styleCues', 'uncertainties', 'genreHypotheses', 'aestheticConcepts', 'impressions', 'contextHypotheses', 'packetDiagnostics']
Running Flamingo forensic listening...
[Music Flamingo] input tokens=1001; generation budget=400
[Music Flamingo] FORENSIC RESPONSE (27.7s)
1. No, the track is entirely performed and programmed for this release, with no audible samples or loops taken from a pre-existing recording.
2. Yes, there are vocals. They are in Japanese, delivered in a clear, bright, and energetic style. The vocal track is processed with reverb and delay, giving it a spacious, polished feel, but there is no pitch‑shifting, time‑stretching, chopping, or filtering applied to the voice.
3. No, there is no phrase or bar that repeats identically as a loop throughout the track.
4. The production is clean and polished, with a wide stereo field and consistent volume levels. No obvious filtering, sidechain pumping, saturation, or bit‑reduction is audible on the main loop or groove.
5. The recording and production character of the source material suggest a 1990s aesthetic, which is then updated with modern mixing and mastering techniques.
[Music Flamingo] FORENSIC ANSWERS [{"key": "sampled", "answer": "no", "cue": "the track is entirely performed and programmed for this release, with no audible samples or loops taken from a pre-existing recording."}, {"key": "vocals", "answer": "yes", "cue": "there are vocals. They are in Japanese, delivered in a clear, bright, and energetic style. The vocal track is processed with reverb and delay, giving it a"}, {"key": "loop", "answer": "no", "cue": "there is no phrase or bar that repeats identically as a loop throughout the track."}, {"key": "processing", "answer": "unsure", "cue": "The production is clean and polished, with a wide stereo field and consistent volume levels. No obvious filtering, sidechain pumping, saturation, or"}, {"key": "sourcePeriod", "answer": "unsure", "cue": "The recording and production character of the source material suggest a 1990s aesthetic, which is then updated with modern mixing and mastering techniques."}]
Running Flamingo structured deep-listening inference...
[Music Flamingo] input tokens=2089; generation budget=1024
Inference cancelled: superseded during generation
Client already disconnected; 409 not delivered.
Running Flamingo structured deep-listening inference (first impression)...
[Music Flamingo] input tokens=803; generation budget=256

[Music Flamingo] RAW MODEL RESPONSE (max 6000 chars)
{'audibleObservations': [{'id': 1, 'text': 'steady electronic beat', 'category': 'rhythm', 'confidence': 0.95}, {'id': 2, 'text': 'bright synth melody', 'category': 'instrumentation', 'confidence': 0.95}, {'id': 3, 'text': 'clean female voice', 'category': 'performance', 'confidence': 0.95}], 'signatureRelations': [{'id': 1, 'text': 'beat supports synth', 'supportRefs': [1, 2], 'confidence': 0.95}, {'id': 2, 'text': 'voice sits atop beat', 'supportRefs': [1, 3], 'confidence': 0.95}], 'uncertainties': ['no clear genre label', 'no explicit tempo or key'], 'genreHypotheses': [{'label': 'electronic pop', 'confidence': 0.3, 'supportRefs': [1, 2, 3]}, {'label': 'synth‑pop', 'confidence': 0.3, 'supportRefs': [1, 2, 3]}], 'aestheticConcepts':
[Music Flamingo] SANITIZED PACKET SENT TO MUSIC SHOWER (max 6000 chars)
{
  "audibleObservations": [
    {
      "text": "steady electronic beat",
      "category": "rhythm",
      "confidence": 0.95,
      "reasoningHints": "",
      "id": "1"
    },
    {
      "text": "bright synth melody",
      "category": "instrumentation",
      "confidence": 0.95,
      "reasoningHints": "",
      "id": "2"
    },
    {
      "text": "clean female voice",
      "category": "performance",
      "confidence": 0.95,
      "reasoningHints": "",
      "id": "3"
    }
  ],
  "signatureRelations": [
    {
      "text": "beat supports synth",
      "confidence": 0.95,
      "reasoningHints": "",
      "supportRefs": [
        "1",
        "2"
      ],
      "id": "1"
    },
    {
      "text": "voice sits atop beat",
      "confidence": 0.95,
      "reasoningHints": "",
      "supportRefs": [
        "1",
        "3"
      ],
      "id": "2"
    }
  ],
  "styleCues": [],
  "uncertainties": [
    "no clear genre label",
    "no explicit tempo or key"
  ],
  "genreHypotheses": [
    {
      "label": "electronic pop",
      "confidence": 0.3,
      "reasoningHints": "",
      "supportRefs": [
        "1",
        "2",
        "3"
      ],
      "id": "g1",
      "provisional": true
    },
    {
      "label": "synth‑pop",
      "confidence": 0.3,
      "reasoningHints": "",
      "supportRefs": [
        "1",
        "2",
        "3"
      ],
      "id": "g2",
      "provisional": true
    }
  ],
  "aestheticConcepts": [],
  "impressions": [],
  "contextHypotheses": [],
  "packetDiagnostics": {
    "rawItemCount": 7,
    "acceptedConceptCount": 7,
    "duplicateOrRejectedCount": 0,
    "quarantinedCount": 0,
    "fieldCounts": {
      "audibleObservations": 3,
      "signatureRelations": 2,
      "styleCues": 0,
      "genreHypotheses": 2,
      "contextHypotheses": 0,
      "aestheticConcepts": 0,
      "impressions": 0
    }
  }
}
[Music Flamingo] END PACKET

Inference complete in 32.0s. Packet parsed: ['audibleObservations', 'signatureRelations', 'styleCues', 'uncertainties', 'genreHypotheses', 'aestheticConcepts', 'impressions', 'contextHypotheses', 'packetDiagnostics']
Running Flamingo forensic listening...
[Music Flamingo] input tokens=1001; generation budget=400
Inference cancelled: superseded during generation
Client already disconnected; 409 not delivered.
Running Flamingo structured deep-listening inference (first impression)...
[Music Flamingo] input tokens=803; generation budget=256

[Music Flamingo] RAW MODEL RESPONSE (max 6000 chars)
{'audibleObservations': [{'id': 1, 'text': 'instrumental electronic', 'category': 'instrumentation', 'confidence': 0.95}, {'id': 2, 'text': 'steady 4/4 beat', 'category': 'rhythm', 'confidence': 0.95}, {'id': 3, 'text': 'synth bassline', 'category': 'instrumentation', 'confidence': 0.95}], 'signatureRelations': [{'id': 1, 'text': 'beat-driven electronic', 'supportRefs': [1, 2], 'confidence': 0.85}, {'id': 2, 'text': 'bass-driven electronic', 'supportRefs': [1, 3], 'confidence': 0.85}], 'uncertainties': ['no clear melodic lead', 'no vocal presence'], 'genreHypotheses': [{'label': 'electronic', 'confidence': 0.75, 'supportRefs': [1, 2, 3]}, {'label': 'dance', 'confidence': 0.5, 'supportRefs': [1, 2, 3]}], 'aestheticConcepts
[Music Flamingo] SANITIZED PACKET SENT TO MUSIC SHOWER (max 6000 chars)
{
  "audibleObservations": [
    {
      "text": "instrumental electronic",
      "category": "instrumentation",
      "confidence": 0.95,
      "reasoningHints": "",
      "id": "1"
    },
    {
      "text": "steady 4/4 beat",
      "category": "rhythm",
      "confidence": 0.95,
      "reasoningHints": "",
      "id": "2"
    },
    {
      "text": "synth bassline",
      "category": "instrumentation",
      "confidence": 0.95,
      "reasoningHints": "",
      "id": "3"
    }
  ],
  "signatureRelations": [
    {
      "text": "beat-driven electronic",
      "confidence": 0.85,
      "reasoningHints": "",
      "supportRefs": [
        "1",
        "2"
      ],
      "id": "1"
    },
    {
      "text": "bass-driven electronic",
      "confidence": 0.85,
      "reasoningHints": "",
      "supportRefs": [
        "1",
        "3"
      ],
      "id": "2"
    }
  ],
  "styleCues": [],
  "uncertainties": [
    "no clear melodic lead",
    "no vocal presence"
  ],
  "genreHypotheses": [
    {
      "label": "electronic",
      "confidence": 0.48,
      "reasoningHints": "",
      "supportRefs": [
        "1",
        "2",
        "3"
      ],
      "id": "g1",
      "provisional": true
    },
    {
      "label": "dance",
      "confidence": 0.48,
      "reasoningHints": "",
      "supportRefs": [
        "1",
        "2",
        "3"
      ],
      "id": "g2",
      "provisional": true
    }
  ],
  "aestheticConcepts": [],
  "impressions": [],
  "contextHypotheses": [],
  "packetDiagnostics": {
    "rawItemCount": 7,
    "acceptedConceptCount": 7,
    "duplicateOrRejectedCount": 0,
    "quarantinedCount": 0,
    "fieldCounts": {
      "audibleObservations": 3,
      "signatureRelations": 2,
      "styleCues": 0,
      "genreHypotheses": 2,
      "contextHypotheses": 0,
      "aestheticConcepts": 0,
      "impressions": 0
    }
  }
}
[Music Flamingo] END PACKET

Inference complete in 32.8s. Packet parsed: ['audibleObservations', 'signatureRelations', 'styleCues', 'uncertainties', 'genreHypotheses', 'aestheticConcepts', 'impressions', 'contextHypotheses', 'packetDiagnostics']
Running Flamingo forensic listening...
[Music Flamingo] input tokens=1001; generation budget=400
[Music Flamingo] FORENSIC RESPONSE (28.8s)
1. Yes, the track uses a pre-existing vocal sample. The most prominent example is the repeated phrase “I’m thinking about you, thinking about you, thinking about you, little boy,” which is looped throughout the song.
2. Yes, there are vocals. They are in English, heavily processed with pitch‑shifting, time‑stretching, and filtering, giving them a robotic, almost synthetic timbre.
3. Yes, the phrase “I’m thinking about you, thinking about you, thinking about you, little boy” repeats identically as a loop, forming the core hook of the track.
4. The main loop is heavily compressed and side‑chained to the kick drum, creating a pumping effect typical of modern electronic dance music. The overall mix is bright and polished, with a wide stereo image and crisp high‑frequency sheen.
5. The vocal sample sounds like it is taken from an older recording, likely from the 1980s or 1990s, as it has a lo‑fi, slightly degraded quality that contrasts with the clean, high‑fidelity production of the surrounding elements.
[Music Flamingo] FORENSIC ANSWERS [{"key": "sampled", "answer": "yes", "cue": "the track uses a pre-existing vocal sample. The most prominent example is the repeated phrase “I’m thinking about you, thinking about you, thinking about you"}, {"key": "vocals", "answer": "yes", "cue": "there are vocals. They are in English, heavily processed with pitch‑shifting, time‑stretching, and filtering, giving them a robotic, almost synthetic timbre."}, {"key": "loop", "answer": "yes", "cue": "the phrase “I’m thinking about you, thinking about you, thinking about you, little boy” repeats identically as a loop, forming the core hook of the track."}, {"key": "processing", "answer": "unsure", "cue": "The main loop is heavily compressed and side‑chained to the kick drum, creating a pumping effect typical of modern electronic dance music. The overall mix is"}, {"key": "sourcePeriod", "answer": "unsure", "cue": "The vocal sample sounds like it is taken from an older recording, likely from the 1980s or 1990s, as it has a lo‑fi, slightly degraded quality that contrasts"}]
Running Flamingo structured deep-listening inference...
[Music Flamingo] input tokens=2089; generation budget=1024
Inference cancelled: superseded during generation
Client already disconnected; 409 not delivered.
Running Flamingo structured deep-listening inference (first impression)...
[Music Flamingo] input tokens=803; generation budget=256

[Music Flamingo] RAW MODEL RESPONSE (max 6000 chars)
{'audibleObservations': [{'id': 1, 'text': 'rhythmic electronic beat', 'category': 'rhythm', 'confidence': 0.95}, {'id': 2, 'text': 'processed female vocal', 'category': 'instrumentation', 'confidence': 0.95}, {'id': 3, 'text': 'minimal harmonic content', 'category': 'arrangement', 'confidence': 0.85}], 'signatureRelations': [{'id': 1, 'text': 'beat-driven electronic track', 'supportRefs': [1], 'confidence': 0.8}, {'id': 2, 'text': 'vocal sample as rhythmic element', 'supportRefs': [2], 'confidence': 0.75}], 'uncertainties': ['no clear genre label', 'no explicit tempo or time signature'], 'genreHypotheses': [{'label': 'electronic', 'confidence': 0.6, 'supportRefs': [1, 2]}, {'label': 'experimental', 'confidence': 0.4, 'supportRefs': [3]}], 'aestheticConcepts': [{'text': 'glitchy aesthetic', 'confidence':
[Music Flamingo] SANITIZED PACKET SENT TO MUSIC SHOWER (max 6000 chars)
{
  "audibleObservations": [
    {
      "text": "rhythmic electronic beat",
      "category": "rhythm",
      "confidence": 0.95,
      "reasoningHints": "",
      "id": "1"
    },
    {
      "text": "processed female vocal",
      "category": "instrumentation",
      "confidence": 0.95,
      "reasoningHints": "",
      "id": "2"
    },
    {
      "text": "minimal harmonic content",
      "category": "arrangement",
      "confidence": 0.85,
      "reasoningHints": "",
      "id": "3"
    }
  ],
  "signatureRelations": [
    {
      "text": "beat-driven electronic track",
      "confidence": 0.8,
      "reasoningHints": "",
      "supportRefs": [
        "1"
      ],
      "id": "1"
    },
    {
      "text": "vocal sample as rhythmic element",
      "confidence": 0.75,
      "reasoningHints": "",
      "supportRefs": [
        "2"
      ],
      "id": "2"
    }
  ],
  "styleCues": [],
  "uncertainties": [
    "no clear genre label",
    "no explicit tempo or time signature"
  ],
  "genreHypotheses": [
    {
      "label": "electronic",
      "confidence": 0.48,
      "reasoningHints": "",
      "supportRefs": [
        "1",
        "2"
      ],
      "id": "g1",
      "provisional": true
    },
    {
      "label": "experimental",
      "confidence": 0.4,
      "reasoningHints": "",
      "supportRefs": [
        "3"
      ],
      "id": "g2",
      "provisional": true
    }
  ],
  "aestheticConcepts": [
    {
      "text": "glitchy aesthetic",
      "confidence": 0.62,
      "reasoningHints": "",
      "supportRefs": []
    }
  ],
  "impressions": [],
  "contextHypotheses": [],
  "packetDiagnostics": {
    "rawItemCount": 8,
    "acceptedConceptCount": 8,
    "duplicateOrRejectedCount": 0,
    "quarantinedCount": 0,
    "fieldCounts": {
      "audibleObservations": 3,
      "signatureRelations": 2,
      "styleCues": 0,
      "genreHypotheses": 2,
      "contextHypotheses": 0,
      "aestheticConcepts": 1,
      "impressions": 0
    }
  }
}
[Music Flamingo] END PACKET

Inference complete in 39.0s. Packet parsed: ['audibleObservations', 'signatureRelations', 'styleCues', 'uncertainties', 'genreHypotheses', 'aestheticConcepts', 'impressions', 'contextHypotheses', 'packetDiagnostics']
Running Flamingo forensic listening...
[Music Flamingo] input tokens=1001; generation budget=400
[Music Flamingo] FORENSIC RESPONSE (34.4s)
1. Yes, the track is built around a prominent, repetitive vocal sample that is clearly taken from a pre-existing recording. The sample is looped throughout the piece, forming the core melodic and rhythmic hook.
2. Yes, there are vocals. They are in English and are heavily processed: pitch‑shifted, time‑stretched, and chopped, giving them a robotic, almost synthetic timbre. The processing is extreme, turning the voice into a percussive, melodic element rather than a natural singing performance.
3. Yes, the main vocal sample repeats identically as a loop, forming the central hook of the track.
4. The main loop is heavily compressed and side‑chained to the kick drum, creating a pumping effect typical of modern electronic dance music. The overall mix is bright and polished, with a wide stereo image and crisp high‑frequency sheen.
5. The source material of the vocal sample sounds like it is from an older recording, possibly from the 1980s or 1990s, while the surrounding production is contemporary, suggesting a blend of retro sample usage with modern EDM production techniques.
[Music Flamingo] FORENSIC ANSWERS [{"key": "sampled", "answer": "yes", "cue": "the track is built around a prominent, repetitive vocal sample that is clearly taken from a pre-existing recording. The sample is looped throughout the piece"}, {"key": "vocals", "answer": "yes", "cue": "there are vocals. They are in English and are heavily processed: pitch‑shifted, time‑stretched, and chopped, giving them a robotic, almost synthetic timbre. The"}, {"key": "loop", "answer": "yes", "cue": "the main vocal sample repeats identically as a loop, forming the central hook of the track."}, {"key": "processing", "answer": "unsure", "cue": "The main loop is heavily compressed and side‑chained to the kick drum, creating a pumping effect typical of modern electronic dance music. The overall mix is"}, {"key": "sourcePeriod", "answer": "unsure", "cue": "The source material of the vocal sample sounds like it is from an older recording, possibly from the 1980s or 1990s, while the surrounding production is"}]
Running Flamingo structured deep-listening inference...
[Music Flamingo] input tokens=2089; generation budget=1024
[Music Flamingo] NOTE: fewer items than the model sent: audibleObservations 16->8

[Music Flamingo] RAW MODEL RESPONSE (max 6000 chars)
{'audibleObservations': [{'id': 1, 'text': 'electronic drum machine', 'category': 'rhythm', 'confidence': 0.9, 'reasoning': 'steady 4/4 pulse with quantized kick/snare pattern'}, {'id': 2, 'text': 'synth bass', 'category': 'instrumentation', 'confidence': 0.9, 'reasoning': 'deep, sustained low‑end tone with slight filter movement'}, {'id': 3, 'text': 'processed female vocal sample', 'category': 'vocal', 'confidence': 0.9, 'reasoning': 'short, looped phrase with heavy reverb and delay, used as a melodic hook'}, {'id': 4, 'text': 'minimal harmonic content', 'category': 'harmony', 'confidence': 0.8, 'reasoning': 'no chord changes, static tonal center'}, {'id': 5, 'text': 'repetitive loop structure', 'category': 'arrangement', 'confidence': 0.9, 'reasoning': 'intro and main sections repeat the same 8‑bar cell without variation'}, {'id': 6, 'text': 'clean, digital production', 'category': 'production', 'confidence': 0.8, 'reasoning': 'tight compression, wide stereo imaging, and crisp high‑frequency sheen'}, {'id': 7, 'text': 'no dynamic shifts', 'category': 'dynamics', 'confidence': 0.9, 'reasoning': 'volume stays constant throughout the loop'}, {'id': 8, 'text': 'loop‑based arrangement', 'category': 'arrangement', 'confidence': 0.9, 'reasoning': 'the track consists of an intro that leads directly into the repeating main loop, with no bridge or breakdown'}, {'id': 9, 'text': 'electronic drum machine', 'category': 'rhythm', 'confidence': 0.9, 'reasoning': 'steady 4/4 pulse with quantized kick/snare pattern'}, {'id': 10, 'text': 'synth bass', 'category': 'instrumentation', 'confidence': 0.9, 'reasoning': 'deep, sustained low‑end tone with slight filter movement'}, {'id': 11, 'text': 'processed female vocal sample', 'category': 'vocal', 'confidence': 0.9, 'reasoning': 'short, looped phrase with heavy reverb and delay, used as a melodic hook'}, {'id': 12, 'text': 'minimal harmonic content', 'category': 'harmony', 'confidence': 0.8, 'reasoning': 'no chord changes, static tonal center'}, {'id': 13, 'text': 'repetitive loop structure', 'category': 'arrangement', 'confidence': 0.9, 'reasoning': 'intro and main sections repeat the same 8‑bar cell without variation'}, {'id': 14, 'text': 'clean, digital production', 'category': 'production', 'confidence': 0.8, 'reasoning': 'tight compression, wide stereo imaging, and crisp high‑frequency sheen'}, {'id': 15, 'text': 'no dynamic shifts', 'category': 'dynamics', 'confidence': 0.9, 'reasoning': 'volume stays constant throughout the loop'}, {'id': 16, 'text': 'loop‑based arrangement', 'category': 'arrangement', 'confidence': 0.9, 'reasoning': 'the track consists of an intro that leads directly into the repeating main loop, with no bridge or breakdown'}],
 'signatureRelations': [{'id': 1, 'text': 'drum machine and synth bass lock in a tight groove', 'supportRefs': [1, 2], 'confidence': 0.8, 'reasoning': 'the drum pattern and bass line are rhythmically synchronized, creating a solid foundation for the vocal sample.'}, {'id': 2, 'text': 'vocal sample repeats over the same harmonic cell', 'supportRefs': [3, 4], 'confidence': 0.9, 'reasoning': 'the processed female vocal phrase loops continuously, reinforcing the static harmonic backdrop.'}, {'id': 3, 'text': 'loop structure repeats without variation', 'supportRefs': [5, 6, 7, 8], 'confidence': 0.9, 'reasoning': 'the entire arrangement is built on a single repeating 8‑bar loop, with no distinct sections.'}, {'id': 4, 'text': 'production emphasizes a clean, digital aesthetic', 'supportRefs': [6, 14], 'confidence': 0.8, '
[Music Flamingo] SANITIZED PACKET SENT TO MUSIC SHOWER (max 6000 chars)
{
  "audibleObservations": [
    {
      "text": "electronic drum machine",
      "category": "rhythm",
      "confidence": 0.9,
      "reasoningHints": "steady 4/4 pulse with quantized kick/snare pattern",
      "id": "1"
    },
    {
      "text": "synth bass",
      "category": "instrumentation",
      "confidence": 0.9,
      "reasoningHints": "deep sustained low‑end tone with slight filter movement",
      "id": "2"
    },
    {
      "text": "processed female vocal sample",
      "category": "performance",
      "confidence": 0.9,
      "reasoningHints": "short looped phrase with heavy reverb and delay used as a melodic hook",
      "sourceCategory": "vocal",
      "id": "3"
    },
    {
      "text": "minimal harmonic content",
      "category": "arrangement",
      "confidence": 0.8,
      "reasoningHints": "no chord changes static tonal center",
      "sourceCategory": "harmony",
      "id": "4"
    },
    {
      "text": "repetitive loop structure",
      "category": "arrangement",
      "confidence": 0.9,
      "reasoningHints": "intro and main sections repeat the same 8‑bar cell without variation",
      "id": "5"
    },
    {
      "text": "clean digital production",
      "category": "production",
      "confidence": 0.8,
      "reasoningHints": "tight compression wide stereo imaging and crisp high‑frequency sheen",
      "id": "6"
    },
    {
      "text": "no dynamic shifts",
      "category": "dynamics",
      "confidence": 0.9,
      "reasoningHints": "volume stays constant throughout the loop",
      "id": "7"
    },
    {
      "text": "loop‑based arrangement",
      "category": "arrangement",
      "confidence": 0.9,
      "reasoningHints": "the track consists of an intro that leads directly into the repeating",
      "id": "8"
    }
  ],
  "signatureRelations": [
    {
      "text": "drum machine and synth bass lock in a tight groove",
      "confidence": 0.8,
      "reasoningHints": "the drum pattern and bass line are rhythmically synchronized creating a",
      "supportRefs": [
        "1",
        "2"
      ],
      "id": "1"
    },
    {
      "text": "vocal sample repeats over the same harmonic cell",
      "confidence": 0.9,
      "reasoningHints": "the processed female vocal phrase loops continuously reinforcing the",
      "supportRefs": [
        "3",
        "4"
      ],
      "id": "2"
    },
    {
      "text": "loop structure repeats without variation",
      "confidence": 0.9,
      "reasoningHints": "the entire arrangement is built on a single repeating 8‑bar loop with no",
      "supportRefs": [
        "5",
        "6",
        "7",
        "8"
      ],
      "id": "3"
    },
    {
      "text": "production emphasizes a clean digital aesthetic",
      "confidence": 0.62,
      "reasoningHints": "",
      "supportRefs": [
        "6",
        "14"
      ],
      "id": "4"
    }
  ],
  "styleCues": [],
  "uncertainties": [],
  "genreHypotheses": [],
  "aestheticConcepts": [],
  "impressions": [],
  "contextHypotheses": [],
  "packetDiagnostics": {
    "rawItemCount": 20,
    "acceptedConceptCount": 12,
    "duplicateOrRejectedCount": 8,
    "quarantinedCount": 0,
    "fieldCounts": {
      "audibleObservations": 8,
      "signatureRelations": 4,
      "styleCues": 0,
      "genreHypotheses": 0,
      "contextHypotheses": 0,
      "aestheticConcepts": 0,
      "impressions": 0
    }
  }
}
[Music Flamingo] END PACKET

Inference complete in 153.8s. Packet parsed: ['audibleObservations', 'signatureRelations', 'styleCues', 'uncertainties', 'genreHypotheses', 'aestheticConcepts', 'impressions', 'contextHypotheses', 'packetDiagnostics']
Running Flamingo forensic listening...
[Music Flamingo] input tokens=1001; generation budget=400
[Music Flamingo] FORENSIC RESPONSE (41.2s)
1. Yes, the track is built around a prominent, repetitive vocal sample that is clearly taken from a pre-existing recording. The sample is looped throughout the piece, forming the core melodic and rhythmic hook.
2. Yes, there are vocals. They are in English and are heavily processed: pitch‑shifted, time‑stretched, and chopped, giving them a robotic, glitch‑like timbre. The processing is extreme, turning the voice into a percussive, textural element rather than a clear lyrical delivery.
3. Yes, the main loop repeats identically as a loop. The vocal sample is repeated in a tight, looped pattern that forms the backbone of the track, with no new melodic or lyrical material introduced beyond the loop.
4. The production is deliberately lo‑fi and gritty. The sample is filtered and bit‑reduced, creating a degraded, vintage texture. Sidechain compression is applied to the sample, giving it a pumping feel that ties it to the drum groove. The overall mix is compressed and saturated, emphasizing the raw, underground aesthetic.
5. The source material of the vocal sample sounds like it is from an older, possibly 80s/90s pop or R&B recording, as indicated by the timbre and the way it is chopped and re‑contextualized. The surrounding production, however, is contemporary, using modern lo‑fi techniques to re‑interpret that vintage sample.
[Music Flamingo] FORENSIC ANSWERS [{"key": "sampled", "answer": "yes", "cue": "the track is built around a prominent, repetitive vocal sample that is clearly taken from a pre-existing recording. The sample is looped throughout the piece"}, {"key": "vocals", "answer": "yes", "cue": "there are vocals. They are in English and are heavily processed: pitch‑shifted, time‑stretched, and chopped, giving them a robotic, glitch‑like timbre. The"}, {"key": "loop", "answer": "yes", "cue": "the main loop repeats identically as a loop. The vocal sample is repeated in a tight, looped pattern that forms the backbone of the track, with no new melodic"}, {"key": "processing", "answer": "unsure", "cue": "The production is deliberately lo‑fi and gritty. The sample is filtered and bit‑reduced, creating a degraded, vintage texture. Sidechain compression is applied"}, {"key": "sourcePeriod", "answer": "unsure", "cue": "The source material of the vocal sample sounds like it is from an older, possibly 80s/90s pop or R&B recording, as indicated by the timbre and the way it is"}]
Running Flamingo structured deep-listening inference...
[Music Flamingo] input tokens=2090; generation budget=1024

[Music Flamingo] RAW MODEL RESPONSE (max 6000 chars)
{'audibleObservations': [{'id': 1, 'text': 'steady 4/4 pulse', 'category': 'rhythm', 'confidence': 0.9, 'reasoning': 'clear downbeat on every quarter note, consistent subdivision of eighth notes.'}, {'id': 2, 'text': 'synth bass with sidechain compression', 'category': 'instrumentation', 'confidence': 0.8, 'reasoning': 'low‑end synth bass that ducks under the kick drum, creating a pumping effect.'}, {'id': 3, 'text': 'bright synth lead melody', 'category': 'instrumentation', 'confidence': 0.8, 'reasoning': 'high‑frequency synth line playing a repeating melodic hook.'}, {'id': 4, 'text': 'drum machine with crisp hi‑hats', 'category': 'instrumentation', 'confidence': 0.8, 'reasoning': 'electronic drum kit with tight snare and rapid hi‑hat patterns.'}, {'id': 5, 'text': 'reverb‑treated vocal samples', 'category': 'vocal', 'confidence': 0.7, 'reasoning': 'short, processed vocal snippets used as rhythmic or textural elements.'}], 'signatureRelations': [{'id': 1, 'text': 'bass and kick lock in side‑chain pattern', 'supportRefs': [1, 2], 'confidence': 0.7, 'reasoning': 'the bass follows the kick envelope, creating a classic EDM side‑chain effect.'}, {'id': 2, 'text': 'lead synth and vocal samples interlock rhythmically', 'supportRefs': [3, 5], 'confidence': 0.6, 'reasoning': 'the synth melody and vocal chops are arranged to accentuate the same rhythmic accents.'}], 'styleCues': [{'id': 1, 'text': 'electronic drum machine', 'confidence': 0.8, 'supportRefs': [4]}, {'id': 2, 'text': 'synth bass with sidechain', 'confidence': 0.7, 'supportRefs': [2]}, {'id': 3, 'text': 'bright lead synth timbre', 'confidence': 0.6, 'supportRefs': [3]}, {'id': 4, 'text': 'reverb‑heavy vocal samples', 'confidence': 0.5, 'supportRefs': [5]}], 'uncertainties': ['instrumentation ambiguity', 'vocal sample source'], 'genreHypotheses': [{'label': 'electronic dance music', 'confidence': 0.8, 'supportRefs': [1, 2, 3, 4, 5]}, {'label': 'EDM', 'confidence': 0.7, 'supportRefs': [1, 2, 3, 4, 5]}], 'aestheticConcepts': [{'text': 'bright and energetic', 'confidence': 0.8, 'supportRefs': [3, 5]}, {'text': 'pumping and club‑ready', 'confidence': 0.6, 'supportRefs': [2, 4]}], 'impressions': [{'text': 'energetic and uplifting', 'confidence': 0.7, 'supportRefs': [1, 3, 5]}, {'text': 'dancefloor‑focused', 'confidence': 0.6, 'supportRefs': [1, 2, 4]}], 'contextHypotheses': [{'text': 'modern club production', 'confidence': 0.8, 'supportRefs': [1, 2, 3, 4, 5]}, {'text': 'side‑chain compression technique', 'confidence': 0.7, 'supportRefs': [2]}]}
[Music Flamingo] SANITIZED PACKET SENT TO MUSIC SHOWER (max 6000 chars)
{
  "audibleObservations": [
    {
      "text": "steady 4/4 pulse",
      "category": "rhythm",
      "confidence": 0.9,
      "reasoningHints": "clear downbeat on every quarter note consistent subdivision of eighth",
      "id": "1"
    },
    {
      "text": "synth bass with sidechain compression",
      "category": "instrumentation",
      "confidence": 0.8,
      "reasoningHints": "low‑end synth bass that ducks under the kick drum creating a pumping",
      "id": "2"
    },
    {
      "text": "reverb‑treated vocal samples",
      "category": "performance",
      "confidence": 0.7,
      "reasoningHints": "short processed vocal snippets used as rhythmic or textural elements.",
      "sourceCategory": "vocal",
      "id": "5"
    },
    {
      "text": "bright synth lead melody",
      "category": "instrumentation",
      "confidence": 0.8,
      "reasoningHints": "high‑frequency synth line playing a repeating melodic hook.",
      "id": "3"
    },
    {
      "text": "drum machine with crisp hi‑hats",
      "category": "instrumentation",
      "confidence": 0.8,
      "reasoningHints": "electronic drum kit with tight snare and rapid hi‑hat patterns.",
      "id": "4"
    }
  ],
  "signatureRelations": [
    {
      "text": "bass and kick lock in side‑chain pattern",
      "confidence": 0.7,
      "reasoningHints": "the bass follows the kick envelope creating a classic EDM side‑chain",
      "supportRefs": [
        "1",
        "2"
      ],
      "id": "1"
    },
    {
      "text": "lead synth and vocal samples interlock rhythmically",
      "confidence": 0.6,
      "reasoningHints": "the synth melody and vocal chops are arranged to accentuate the same",
      "supportRefs": [
        "3",
        "5"
      ],
      "id": "2"
    }
  ],
  "styleCues": [
    {
      "text": "electronic drum machine",
      "confidence": 0.8,
      "reasoningHints": "",
      "supportRefs": [
        "4"
      ],
      "id": "1"
    },
    {
      "text": "synth bass with sidechain",
      "confidence": 0.7,
      "reasoningHints": "",
      "supportRefs": [
        "2"
      ],
      "id": "2"
    },
    {
      "text": "bright lead synth timbre",
      "confidence": 0.6,
      "reasoningHints": "",
      "supportRefs": [
        "3"
      ],
      "id": "3"
    },
    {
      "text": "reverb‑heavy vocal samples",
      "confidence": 0.5,
      "reasoningHints": "",
      "supportRefs": [
        "5"
      ],
      "id": "4"
    }
  ],
  "uncertainties": [
    "instrumentation ambiguity",
    "vocal sample source"
  ],
  "genreHypotheses": [
    {
      "label": "electronic dance music",
      "confidence": 0.8,
      "reasoningHints": "",
      "supportRefs": [
        "1",
        "2",
        "3",
        "4",
        "5"
      ],
      "id": "g1"
    },
    {
      "label": "EDM",
      "confidence": 0.7,
      "reasoningHints": "",
      "supportRefs": [
        "1",
        "2",
        "3",
        "4",
        "5"
      ],
      "id": "g2"
    }
  ],
  "aestheticConcepts": [
    {
      "text": "bright and energetic",
      "confidence": 0.8,
      "reasoningHints": "",
      "supportRefs": [
        "3",
        "5"
      ]
    },
    {
      "text": "pumping and club‑ready",
      "confidence": 0.6,
      "reasoningHints": "",
      "supportRefs": [
        "2",
        "4"
      ]
    }
  ],
  "impressions": [
    {
      "text": "energetic and uplifting",
      "confidence": 0.7,
      "reasoningHints": "",
      "supportRefs": [
        "1",
        "3",
        "5"
      ]
    },
    {
      "text": "dancefloor‑focused",
      "confidence": 0.6,
      "reasoningHints": "",
      "supportRefs": [
        "1",
        "2",
        "4"
      ]
    }
  ],
  "contextHypotheses": [
    {
      "text": "modern club production",
      "category": "scene",
      "confidence": 0.8,
      "reasoningHints": "",
      "supportRefs": [
        "1",
        "2",
        "3",
        "4",
        "5"
      ]
    },
    {
      "text": "side‑chain compression technique",
      "category": "scene",
      "confidence": 0.7,
      "reasoningHints": "",
      "supportRefs": [
        "2"
      ]
    }
  ],
  "packetDiagnostics": {
    "rawItemCount": 19,
    "acceptedConceptCount": 19,
    "duplicateOrRejectedCount": 0,
    "quarantinedCount": 0,
    "fieldCounts": {
      "audibleObservations": 5,
      "signatureRelations": 2,
      "styleCues": 4,
      "genreHypotheses": 2,
      "contextHypotheses": 2,
      "aestheticConcepts": 2,
      "impressions": 2
    }
  }
}
[Music Flamingo] END PACKET

Inference complete in 114.1s. Packet parsed: ['audibleObservations', 'signatureRelations', 'styleCues', 'uncertainties', 'genreHypotheses', 'aestheticConcepts', 'impressions', 'contextHypotheses', 'packetDiagnostics']
Running Flamingo forensic listening...
[Music Flamingo] input tokens=1001; generation budget=400
[Music Flamingo] FORENSIC RESPONSE (41.9s)
1. Yes, the track is built around a prominent, repetitive vocal sample that is clearly taken from a pre-existing recording. The sample is looped throughout the piece, forming the core melodic and rhythmic hook.
2. Yes, there are vocals. They are in English and are heavily processed: pitch‑shifted, time‑stretched, and chopped, giving them a robotic, glitch‑like timbre. The processing is extreme, turning the voice into a percussive, textural element rather than a clear lyrical delivery.
3. Yes, the main loop repeats identically as a loop. The vocal sample is repeated in a tight, looped pattern that forms the backbone of the track, with no new melodic or lyrical material introduced beyond the loop.
4. The production is deliberately lo‑fi and gritty. The sample is filtered and bit‑reduced, creating a degraded, vintage texture. Sidechain compression is applied to the sample, giving it a pumping feel that ties it to the drum groove. The overall mix is compressed and saturated, emphasizing the raw, underground aesthetic.
5. The source material of the vocal sample sounds like it is from an older, possibly 80s/90s pop or R&B recording, as indicated by the timbre and the way it is chopped and re‑contextualized. The surrounding production, however, is contemporary, using modern lo‑fi techniques to re‑interpret that vintage sample.
[Music Flamingo] FORENSIC ANSWERS [{"key": "sampled", "answer": "yes", "cue": "the track is built around a prominent, repetitive vocal sample that is clearly taken from a pre-existing recording. The sample is looped throughout the piece"}, {"key": "vocals", "answer": "yes", "cue": "there are vocals. They are in English and are heavily processed: pitch‑shifted, time‑stretched, and chopped, giving them a robotic, glitch‑like timbre. The"}, {"key": "loop", "answer": "yes", "cue": "the main loop repeats identically as a loop. The vocal sample is repeated in a tight, looped pattern that forms the backbone of the track, with no new melodic"}, {"key": "processing", "answer": "unsure", "cue": "The production is deliberately lo‑fi and gritty. The sample is filtered and bit‑reduced, creating a degraded, vintage texture. Sidechain compression is applied"}, {"key": "sourcePeriod", "answer": "unsure", "cue": "The source material of the vocal sample sounds like it is from an older, possibly 80s/90s pop or R&B recording, as indicated by the timbre and the way it is"}]
Running Flamingo structured deep-listening inference (first impression)...
[Music Flamingo] input tokens=803; generation budget=256

[Music Flamingo] RAW MODEL RESPONSE (max 6000 chars)
{'audibleObservations': [{'id': 1, 'text': 'fast electronic rhythm', 'category': 'rhythm', 'confidence': 0.95}, {'id': 2, 'text': 'synth bassline', 'category': 'instrumentation', 'confidence': 0.95}, {'id': 3, 'text': 'processed female vocal', 'category': 'performance', 'confidence': 0.95}], 'signatureRelations': [{'id': 1, 'text': 'driven by a steady electronic beat', 'supportRefs': [1, 2], 'confidence': 0.85}, {'id': 2, 'text': 'vocal samples used as rhythmic hooks', 'supportRefs': [3], 'confidence': 0.75}], 'uncertainties': ['no clear genre label', 'no explicit tempo or time signature'], 'genreHypotheses': [{'label': 'electronic dance music', 'confidence': 0.3}, {'label': 'experimental electronic', 'confidence': 0.2}], 'aestheticConcepts': [{'text': 'glitchy vocal processing', 'confidence': 0.6, 'supportRefs
[Music Flamingo] SANITIZED PACKET SENT TO MUSIC SHOWER (max 6000 chars)
{
  "audibleObservations": [
    {
      "text": "fast electronic rhythm",
      "category": "rhythm",
      "confidence": 0.95,
      "reasoningHints": "",
      "id": "1"
    },
    {
      "text": "synth bassline",
      "category": "instrumentation",
      "confidence": 0.95,
      "reasoningHints": "",
      "id": "2"
    },
    {
      "text": "processed female vocal",
      "category": "performance",
      "confidence": 0.95,
      "reasoningHints": "",
      "id": "3"
    }
  ],
  "signatureRelations": [
    {
      "text": "driven by a steady electronic beat",
      "confidence": 0.85,
      "reasoningHints": "",
      "supportRefs": [
        "1",
        "2"
      ],
      "id": "1"
    },
    {
      "text": "vocal samples used as rhythmic hooks",
      "confidence": 0.75,
      "reasoningHints": "",
      "supportRefs": [
        "3"
      ],
      "id": "2"
    }
  ],
  "styleCues": [],
  "uncertainties": [
    "no clear genre label",
    "no explicit tempo or time signature"
  ],
  "genreHypotheses": [
    {
      "label": "electronic dance music",
      "confidence": 0.3,
      "reasoningHints": "",
      "supportRefs": [],
      "id": "g1",
      "provisional": true
    },
    {
      "label": "experimental electronic",
      "confidence": 0.2,
      "reasoningHints": "",
      "supportRefs": [],
      "id": "g2",
      "provisional": true
    }
  ],
  "aestheticConcepts": [
    {
      "text": "glitchy vocal processing",
      "confidence": 0.62,
      "reasoningHints": "",
      "supportRefs": []
    }
  ],
  "impressions": [],
  "contextHypotheses": [],
  "packetDiagnostics": {
    "rawItemCount": 8,
    "acceptedConceptCount": 8,
    "duplicateOrRejectedCount": 0,
    "quarantinedCount": 0,
    "fieldCounts": {
      "audibleObservations": 3,
      "signatureRelations": 2,
      "styleCues": 0,
      "genreHypotheses": 2,
      "contextHypotheses": 0,
      "aestheticConcepts": 1,
      "impressions": 0
    }
  }
}
[Music Flamingo] END PACKET

Inference complete in 43.5s. Packet parsed: ['audibleObservations', 'signatureRelations', 'styleCues', 'uncertainties', 'genreHypotheses', 'aestheticConcepts', 'impressions', 'contextHypotheses', 'packetDiagnostics']
Running Flamingo forensic listening...
[Music Flamingo] input tokens=1001; generation budget=400
[Music Flamingo] FORENSIC RESPONSE (29.6s)
1. Yes, the track is built around a prominent, repetitive vocal sample that is clearly taken from a pre-existing recording. The sample is looped throughout the piece, forming the core rhythmic and melodic hook.
2. Yes, there are vocals. They are in English and are heavily processed: pitch‑shifted, time‑stretched, and chopped, giving them a robotic, distorted timbre. The processing is extreme, turning the voice into a percussive, textural element rather than a clear lyrical delivery.
3. Yes, the main loop repeats identically as a loop. The vocal sample is repeated in a tight, looped pattern that forms the backbone of the track, with no new melodic or lyrical material introduced beyond the loop.
4. The main loop is heavily compressed and side‑chained to the kick drum, creating a pumping effect typical of modern electronic production. The overall mix is bright and wide, with the sample placed prominently in the stereo field and the drums tightly glued together.
5. The source material of the vocal sample sounds like it is from an older recording, possibly from the late 1990s or early 2000s, while the surrounding production is contemporary, using modern digital processing and mixing techniques.
[Music Flamingo] FORENSIC ANSWERS [{"key": "sampled", "answer": "yes", "cue": "the track is built around a prominent, repetitive vocal sample that is clearly taken from a pre-existing recording. The sample is looped throughout the piece"}, {"key": "vocals", "answer": "yes", "cue": "there are vocals. They are in English and are heavily processed: pitch‑shifted, time‑stretched, and chopped, giving them a robotic, distorted timbre. The"}, {"key": "loop", "answer": "yes", "cue": "the main loop repeats identically as a loop. The vocal sample is repeated in a tight, looped pattern that forms the backbone of the track, with no new melodic"}, {"key": "processing", "answer": "unsure", "cue": "The main loop is heavily compressed and side‑chained to the kick drum, creating a pumping effect typical of modern electronic production. The overall mix is"}, {"key": "sourcePeriod", "answer": "unsure", "cue": "The source material of the vocal sample sounds like it is from an older recording, possibly from the late 1990s or early 2000s, while the surrounding production"}]
Running Flamingo structured deep-listening inference...
[Music Flamingo] input tokens=2089; generation budget=1024
Running Flamingo structured deep-listening inference (first impression)...

[Music Flamingo] RAW MODEL RESPONSE (max 6000 chars)
{'audibleObservations': [{'id': 1, 'text': 'fast, driving electronic beat', 'category': 'rhythm', 'confidence': 0.95, 'reasoning': 'steady 4/4 pulse with a strong kick on every downbeat and a crisp snare on the backbeat, typical of high‑energy electronic dance music.'}, {'id': 2, 'text': 'bright, high‑pitched synth lead', 'category': 'instrumentation', 'confidence': 0.95, 'reasoning': 'a piercing, digital‑sounding synth melody that cuts through the mix, often using a sawtooth or square wave timbre with a short decay and subtle portamento.'}, {'id': 3, 'text': 'compressed, loud mix', 'category': 'production', 'confidence': 0.95, 'reasoning': 'heavy compression on drums and synths, limiting dynamic range to keep the energy constant and the track club‑ready.'}, {'id': 4, 'text': 'repetitive, loop‑based arrangement', 'category': 'arrangement', 'confidence': 0.95, 'reasoning': 'the track is built on a short, repeating loop that cycles through the same chord and rhythmic pattern, typical of EDM and dance‑floor oriented music.'}, {'id': 5, 'text': 'minimal vocal snippets', 'category': 'vocals', 'confidence': 0.95, 'reasoning': 'brief, heavily processed vocal samples are used more as rhythmic or textural elements than as a lyrical narrative, often pitch‑shifted and gated.'}], 'signatureRelations': [{'id': 1, 'text': 'beat and synth interlock', 'supportRefs': [1, 2], 'confidence': 0.95, 'reasoning': 'the synth melody is tightly synced to the kick drum, creating a pulsating, driving groove that reinforces the rhythmic pulse.'}, {'id': 2, 'text': 'compressed dynamics', 'supportRefs': [1, 3], 'confidence': 0.95, 'reasoning': 'the heavy compression on both drums and synths flattens the dynamic envelope, keeping the energy level uniformly high throughout the loop.'}], 'styleCues': [{'id': 1, 'text': 'digital synth timbre', 'confidence': 0.95, 'supportRefs': [2]}, {'id': 2, 'text': 'loud, club‑oriented mix', 'confidence': 0.95, 'supportRefs': [3]}, {'id': 3, 'text': 'repetitive loop structure', 'confidence': 0.95, 'supportRefs': [4]}, {'id': 4, 'text': 'processed vocal texture', 'confidence': 0.95, 'supportRefs': [5]}], 'uncertainties': ['instrument identity ambiguous', 'vocal sample purpose unclear'], 'genreHypotheses': [{'label': 'electronic dance music', 'confidence': 0.95, 'supportRefs': [1, 2, 3, 4, 5]}, {'label': 'EDM', 'confidence': 0.95, 'supportRefs': [1, 2, 3, 4, 5]}], 'aestheticConcepts': [{'text': 'high‑energy club atmosphere', 'confidence': 0.95, 'supportRefs': [1, 2, 3, 4, 5]}, {'text': 'digital, synthetic texture', 'confidence': 0.95, 'supportRefs': [2, 3, 4, 5]}], 'impressions': [{'text': 'driven, relentless', 'confidence': 0.95, 'supportRefs': [1, 2, 3, 4, 5]}, {'text': 'compressed, in‑your‑face', 'confidence': 0.95, 'supportRefs': [1, 3, 4, 5]}], 'contextHypotheses': [{'text': 'modern club track', 'category': 'scene', 'confidence': 0.95, 'supportRefs': [1, 2, 3, 4, 5]}, {'text': 'digital production era', 'category': 'era', 'confidence': 0.95, 'supportRefs': [1, 2, 3, 4, 5]}], 'genreHypotheses': [{'label': 'electronic dance music', 'confidence': 0.95, 'supportRefs': [1, 2, 3, 4, 5]}, {'label': 'EDM', 'confidence': 0.95, 'supportRefs
[Music Flamingo] SANITIZED PACKET SENT TO MUSIC SHOWER (max 6000 chars)
{
  "audibleObservations": [
    {
      "text": "fast driving electronic beat",
      "category": "rhythm",
      "confidence": 0.95,
      "reasoningHints": "steady 4/4 pulse with a strong kick on every downbeat and a crisp snare",
      "id": "1"
    },
    {
      "text": "bright high‑pitched synth lead",
      "category": "instrumentation",
      "confidence": 0.95,
      "reasoningHints": "a piercing digital‑sounding synth melody that cuts through the mix often",
      "id": "2"
    },
    {
      "text": "compressed loud mix",
      "category": "production",
      "confidence": 0.95,
      "reasoningHints": "heavy compression on drums and synths limiting dynamic range to keep the",
      "id": "3"
    },
    {
      "text": "repetitive loop‑based arrangement",
      "category": "arrangement",
      "confidence": 0.95,
      "reasoningHints": "the track is built on a short repeating loop that cycles through the",
      "id": "4"
    },
    {
      "text": "minimal vocal snippets",
      "category": "performance",
      "confidence": 0.95,
      "reasoningHints": "brief heavily processed vocal samples are used more as rhythmic or",
      "sourceCategory": "vocals",
      "id": "5"
    }
  ],
  "signatureRelations": [
    {
      "text": "beat and synth interlock",
      "confidence": 0.95,
      "reasoningHints": "the synth melody is tightly synced to the kick drum creating a pulsating",
      "supportRefs": [
        "1",
        "2"
      ],
      "id": "1"
    },
    {
      "text": "compressed dynamics",
      "confidence": 0.95,
      "reasoningHints": "the heavy compression on both drums and synths flattens the dynamic",
      "supportRefs": [
        "1",
        "3"
      ],
      "id": "2"
    }
  ],
  "styleCues": [
    {
      "text": "digital synth timbre",
      "confidence": 0.95,
      "reasoningHints": "",
      "supportRefs": [
        "2"
      ],
      "id": "1"
    },
    {
      "text": "loud club‑oriented mix",
      "confidence": 0.95,
      "reasoningHints": "",
      "supportRefs": [
        "3"
      ],
      "id": "2"
    },
    {
      "text": "repetitive loop structure",
      "confidence": 0.95,
      "reasoningHints": "",
      "supportRefs": [
        "4"
      ],
      "id": "3"
    },
    {
      "text": "processed vocal texture",
      "confidence": 0.95,
      "reasoningHints": "",
      "supportRefs": [
        "5"
      ],
      "id": "4"
    }
  ],
  "uncertainties": [
    "instrument identity ambiguous",
    "vocal sample purpose unclear"
  ],
  "genreHypotheses": [
    {
      "label": "electronic dance music",
      "confidence": 0.95,
      "reasoningHints": "",
      "supportRefs": [
        "1",
        "2",
        "3",
        "4",
        "5"
      ],
      "id": "g1"
    },
    {
      "label": "EDM",
      "confidence": 0.65,
      "reasoningHints": "",
      "supportRefs": [],
      "id": "g2"
    }
  ],
  "aestheticConcepts": [
    {
      "text": "high‑energy club atmosphere",
      "confidence": 0.95,
      "reasoningHints": "",
      "supportRefs": [
        "1",
        "2",
        "3",
        "4",
        "5"
      ]
    },
    {
      "text": "digital synthetic texture",
      "confidence": 0.95,
      "reasoningHints": "",
      "supportRefs": [
        "2",
        "3",
        "4",
        "5"
      ]
    }
  ],
  "impressions": [
    {
      "text": "driven relentless",
      "confidence": 0.95,
      "reasoningHints": "",
      "supportRefs": [
        "1",
        "2",
        "3",
        "4",
        "5"
      ]
    },
    {
      "text": "compressed in‑your‑face",
      "confidence": 0.95,
      "reasoningHints": "",
      "supportRefs": [
        "1",
        "3",
        "4",
        "5"
      ]
    }
  ],
  "contextHypotheses": [
    {
      "text": "modern club track",
      "category": "scene",
      "confidence": 0.95,
      "reasoningHints": "",
      "supportRefs": [
        "1",
        "2",
        "3",
        "4",
        "5"
      ]
    },
    {
      "text": "digital production era",
      "category": "era",
      "confidence": 0.95,
      "reasoningHints": "",
      "supportRefs": [
        "1",
        "2",
        "3",
        "4",
        "5"
      ]
    }
  ],
  "packetDiagnostics": {
    "rawItemCount": 19,
    "acceptedConceptCount": 19,
    "duplicateOrRejectedCount": 0,
    "quarantinedCount": 0,
    "fieldCounts": {
      "audibleObservations": 5,
      "signatureRelations": 2,
      "styleCues": 4,
      "genreHypotheses": 2,
      "contextHypotheses": 2,
      "aestheticConcepts": 2,
      "impressions": 2
    }
  }
}
[Music Flamingo] END PACKET

Inference complete in 111.9s. Packet parsed: ['audibleObservations', 'signatureRelations', 'styleCues', 'uncertainties', 'genreHypotheses', 'aestheticConcepts', 'impressions', 'contextHypotheses', 'packetDiagnostics']
Client disconnected before the Flamingo response was delivered.
[Music Flamingo] input tokens=803; generation budget=256
Inference cancelled: superseded during generation
Client already disconnected; 409 not delivered.
Running Flamingo structured deep-listening inference (first impression)...
[Music Flamingo] input tokens=803; generation budget=256

[Music Flamingo] RAW MODEL RESPONSE (max 6000 chars)
{'audibleObservations': [{'id': 1, 'text': 'fast, driving rhythm', 'category': 'rhythm', 'confidence': 0.95}, {'id': 2, 'text': 'electronic drums', 'category': 'instrumentation', 'confidence': 0.95}, {'id': 3, 'text': 'synth bass', 'category': 'instrumentation', 'confidence': 0.95}], 'signatureRelations': [{'id': 1, 'text': 'driving rhythm and synth bass', 'supportRefs': ['fast, driving rhythm', 'electronic drums', 'synth bass'], 'confidence': 0.95}], 'uncertainties': ['no clear genre label', 'no clear vocal style'], 'genreHypotheses': [{'label': 'electronic dance', 'confidence': 0.5}, {'label': 'hip-hop', 'confidence': 0.3}], 'aestheticConcepts': [{'text': 'energetic, club-ready', 'confidence': 0.8, 'supportRefs': ['fast, driving rhythm', 'electronic drums', 'synth bass']}, {'text': 'modern electronic', 'confidence':
[Music Flamingo] SANITIZED PACKET SENT TO MUSIC SHOWER (max 6000 chars)
{
  "audibleObservations": [
    {
      "text": "fast driving rhythm",
      "category": "rhythm",
      "confidence": 0.95,
      "reasoningHints": "",
      "id": "1"
    },
    {
      "text": "electronic drums",
      "category": "instrumentation",
      "confidence": 0.95,
      "reasoningHints": "",
      "id": "2"
    },
    {
      "text": "synth bass",
      "category": "instrumentation",
      "confidence": 0.95,
      "reasoningHints": "",
      "id": "3"
    }
  ],
  "signatureRelations": [
    {
      "text": "driving rhythm and synth bass",
      "confidence": 0.95,
      "reasoningHints": "",
      "supportRefs": [
        "fastdrivingrhythm",
        "electronicdrums",
        "synthbass"
      ],
      "id": "1"
    }
  ],
  "styleCues": [],
  "uncertainties": [
    "no clear genre label",
    "no clear vocal style"
  ],
  "genreHypotheses": [
    {
      "label": "electronic dance",
      "confidence": 0.48,
      "reasoningHints": "",
      "supportRefs": [],
      "id": "g1",
      "provisional": true
    },
    {
      "label": "hip-hop",
      "confidence": 0.3,
      "reasoningHints": "",
      "supportRefs": [],
      "id": "g2",
      "provisional": true
    }
  ],
  "aestheticConcepts": [
    {
      "text": "energetic club-ready",
      "confidence": 0.8,
      "reasoningHints": "",
      "supportRefs": [
        "fastdrivingrhythm",
        "electronicdrums",
        "synthbass"
      ]
    },
    {
      "text": "modern electronic",
      "confidence": 0.62,
      "reasoningHints": "",
      "supportRefs": []
    }
  ],
  "impressions": [],
  "contextHypotheses": [],
  "packetDiagnostics": {
    "rawItemCount": 8,
    "acceptedConceptCount": 8,
    "duplicateOrRejectedCount": 0,
    "quarantinedCount": 0,
    "fieldCounts": {
      "audibleObservations": 3,
      "signatureRelations": 1,
      "styleCues": 0,
      "genreHypotheses": 2,
      "contextHypotheses": 0,
      "aestheticConcepts": 2,
      "impressions": 0
    }
  }
}
[Music Flamingo] END PACKET

Inference complete in 35.9s. Packet parsed: ['audibleObservations', 'signatureRelations', 'styleCues', 'uncertainties', 'genreHypotheses', 'aestheticConcepts', 'impressions', 'contextHypotheses', 'packetDiagnostics']
Running Flamingo forensic listening...
[Music Flamingo] input tokens=1001; generation budget=400
Inference cancelled: superseded during generation
Client already disconnected; 409 not delivered.
Running Flamingo structured deep-listening inference (first impression)...
[Music Flamingo] input tokens=803; generation budget=256
Inference cancelled: superseded during generation
Client already disconnected; 409 not delivered.
Running Flamingo structured deep-listening inference (first impression)...
[Music Flamingo] input tokens=803; generation budget=256

[Music Flamingo] RAW MODEL RESPONSE (max 6000 chars)
{'audibleObservations': [{'id': 1, 'text': 'instrumental electronic', 'category': 'instrumentation', 'confidence': 0.95}, {'id': 2, 'text': 'driving rhythm', 'category': 'rhythm', 'confidence': 0.95}, {'id': 3, 'text': 'synth bassline', 'category': 'instrumentation', 'confidence': 0.95}], 'signatureRelations': [{'id': 1, 'text': 'driving rhythm and synth bassline', 'supportRefs': ['instrumental electronic', 'driving rhythm'], 'confidence': 0.95}], 'uncertainties': ['no clear genre label', 'no clear vocal presence'], 'genreHypotheses': [{'label': 'electronic', 'confidence': 0.75, 'supportRefs': ['instrumental electronic', 'driving rhythm']}, {'label': 'dance', 'confidence': 0.5, 'supportRefs': ['driving rhythm', 'synth bassline']}], 'aestheticConcepts': [{'text': 'electro', 'confidence': 0.8, 'supportRefs': ['instrumental electronic',
[Music Flamingo] SANITIZED PACKET SENT TO MUSIC SHOWER (max 6000 chars)
{
  "audibleObservations": [
    {
      "text": "instrumental electronic",
      "category": "instrumentation",
      "confidence": 0.95,
      "reasoningHints": "",
      "id": "1"
    },
    {
      "text": "driving rhythm",
      "category": "rhythm",
      "confidence": 0.95,
      "reasoningHints": "",
      "id": "2"
    },
    {
      "text": "synth bassline",
      "category": "instrumentation",
      "confidence": 0.95,
      "reasoningHints": "",
      "id": "3"
    }
  ],
  "signatureRelations": [
    {
      "text": "driving rhythm and synth bassline",
      "confidence": 0.95,
      "reasoningHints": "",
      "supportRefs": [
        "instrumentalelectronic",
        "drivingrhythm"
      ],
      "id": "1"
    }
  ],
  "styleCues": [],
  "uncertainties": [
    "no clear genre label",
    "no clear vocal presence"
  ],
  "genreHypotheses": [
    {
      "label": "electronic",
      "confidence": 0.48,
      "reasoningHints": "",
      "supportRefs": [
        "instrumentalelectronic",
        "drivingrhythm"
      ],
      "id": "g1",
      "provisional": true
    },
    {
      "label": "dance",
      "confidence": 0.48,
      "reasoningHints": "",
      "supportRefs": [
        "drivingrhythm",
        "synthbassline"
      ],
      "id": "g2",
      "provisional": true
    }
  ],
  "aestheticConcepts": [
    {
      "text": "electro",
      "confidence": 0.8,
      "reasoningHints": "",
      "supportRefs": [
        "instrumentalelectronic"
      ]
    }
  ],
  "impressions": [],
  "contextHypotheses": [],
  "packetDiagnostics": {
    "rawItemCount": 7,
    "acceptedConceptCount": 7,
    "duplicateOrRejectedCount": 0,
    "quarantinedCount": 0,
    "fieldCounts": {
      "audibleObservations": 3,
      "signatureRelations": 1,
      "styleCues": 0,
      "genreHypotheses": 2,
      "contextHypotheses": 0,
      "aestheticConcepts": 1,
      "impressions": 0
    }
  }
}
[Music Flamingo] END PACKET

Inference complete in 35.9s. Packet parsed: ['audibleObservations', 'signatureRelations', 'styleCues', 'uncertainties', 'genreHypotheses', 'aestheticConcepts', 'impressions', 'contextHypotheses', 'packetDiagnostics']
Running Flamingo forensic listening...
[Music Flamingo] input tokens=1001; generation budget=400
[Music Flamingo] FORENSIC RESPONSE (30.3s)
1. Yes, the track uses a pre-existing vocal sample. The sample is a female voice that has been pitch‑shifted and time‑stretched, giving it a robotic, almost synthetic timbre. It is looped and repeated throughout the track, forming the main hook.
2. The vocal sample is in English. It is heavily processed: pitch‑shifted, time‑stretched, and likely filtered, creating a distinct, artificial texture. No additional vocal layers or live singing are present.
3. The phrase “Pretty girl walk like this” is repeated identically as a loop, serving as the central hook.
4. The main loop is filtered and side‑chained to the kick drum, giving it a pumping feel. The overall production is lo‑fi, with a gritty, compressed sound that emphasizes the rhythmic elements.
5. The vocal sample sounds like it is from an older source, possibly from the 1980s or 1990s, while the surrounding drums and bass are more contemporary, suggesting a blend of vintage sample usage with modern production techniques.
[Music Flamingo] FORENSIC ANSWERS [{"key": "sampled", "answer": "yes", "cue": "the track uses a pre-existing vocal sample. The sample is a female voice that has been pitch‑shifted and time‑stretched, giving it a robotic, almost synthetic"}, {"key": "vocals", "answer": "unsure", "cue": "The vocal sample is in English. It is heavily processed: pitch‑shifted, time‑stretched, and likely filtered, creating a distinct, artificial texture. No"}, {"key": "loop", "answer": "yes", "cue": "The phrase “Pretty girl walk like this” is repeated identically as a loop, serving as the central hook.", "inferred": true}, {"key": "processing", "answer": "unsure", "cue": "The main loop is filtered and side‑chained to the kick drum, giving it a pumping feel. The overall production is lo‑fi, with a gritty, compressed sound that"}, {"key": "sourcePeriod", "answer": "unsure", "cue": "The vocal sample sounds like it is from an older source, possibly from the 1980s or 1990s, while the surrounding drums and bass are more contemporary"}]
Running Flamingo structured deep-listening inference...
[Music Flamingo] input tokens=2089; generation budget=1024
Inference cancelled: superseded during generation
Client already disconnected; 409 not delivered.
Running Flamingo structured deep-listening inference (first impression)...
[Music Flamingo] input tokens=803; generation budget=256

[Music Flamingo] RAW MODEL RESPONSE (max 6000 chars)
{'audibleObservations': [{'id': 1, 'text': 'instrumental electronic', 'category': 'instrumentation', 'confidence': 0.95}, {'id': 2, 'text': 'steady 4/4 beat', 'category': 'rhythm', 'confidence': 0.95}, {'id': 3, 'text': 'repetitive synth loop', 'category': 'arrangement', 'confidence': 0.95}], 'signatureRelations': [{'id': 1, 'text': 'loop-based structure', 'supportRefs': [1, 2, 3], 'confidence': 0.85}], 'uncertainties': ['no clear genre label', 'no vocal presence'], 'genreHypotheses': [{'label': 'ambient electronic', 'confidence': 0.3}, {'label': 'minimal techno', 'confidence': 0.2}], 'aestheticConcepts': [{'text': 'minimalist electronic', 'confidence': 0.6, 'supportRefs': [1, 2, 3]}, {'text': 'hypnotic loop', 'confidence': 0.5, 'supportRefs': [1, 2, 
[Music Flamingo] SANITIZED PACKET SENT TO MUSIC SHOWER (max 6000 chars)
{
  "audibleObservations": [
    {
      "text": "instrumental electronic",
      "category": "instrumentation",
      "confidence": 0.95,
      "reasoningHints": "",
      "id": "1"
    },
    {
      "text": "steady 4/4 beat",
      "category": "rhythm",
      "confidence": 0.95,
      "reasoningHints": "",
      "id": "2"
    },
    {
      "text": "repetitive synth loop",
      "category": "arrangement",
      "confidence": 0.95,
      "reasoningHints": "",
      "id": "3"
    }
  ],
  "signatureRelations": [
    {
      "text": "loop-based structure",
      "confidence": 0.85,
      "reasoningHints": "",
      "supportRefs": [
        "1",
        "2",
        "3"
      ],
      "id": "1"
    }
  ],
  "styleCues": [],
  "uncertainties": [
    "no clear genre label",
    "no vocal presence"
  ],
  "genreHypotheses": [
    {
      "label": "ambient electronic",
      "confidence": 0.3,
      "reasoningHints": "",
      "supportRefs": [],
      "id": "g1",
      "provisional": true
    },
    {
      "label": "minimal techno",
      "confidence": 0.2,
      "reasoningHints": "",
      "supportRefs": [],
      "id": "g2",
      "provisional": true
    }
  ],
  "aestheticConcepts": [
    {
      "text": "minimalist electronic",
      "confidence": 0.6,
      "reasoningHints": "",
      "supportRefs": [
        "1",
        "2",
        "3"
      ]
    },
    {
      "text": "hypnotic loop",
      "confidence": 0.62,
      "reasoningHints": "",
      "supportRefs": []
    }
  ],
  "impressions": [],
  "contextHypotheses": [],
  "packetDiagnostics": {
    "rawItemCount": 8,
    "acceptedConceptCount": 8,
    "duplicateOrRejectedCount": 0,
    "quarantinedCount": 0,
    "fieldCounts": {
      "audibleObservations": 3,
      "signatureRelations": 1,
      "styleCues": 0,
      "genreHypotheses": 2,
      "contextHypotheses": 0,
      "aestheticConcepts": 2,
      "impressions": 0
    }
  }
}
[Music Flamingo] END PACKET

Inference complete in 35.5s. Packet parsed: ['audibleObservations', 'signatureRelations', 'styleCues', 'uncertainties', 'genreHypotheses', 'aestheticConcepts', 'impressions', 'contextHypotheses', 'packetDiagnostics']
Running Flamingo forensic listening...
[Music Flamingo] input tokens=1001; generation budget=400
[Music Flamingo] FORENSIC RESPONSE (20.1s)
1. Yes, the track uses a pre-existing vocal sample. The most prominent example is the repeated phrase “I’m a real one” (and “I’m a real one, real one”), which is looped throughout the piece.
2. Yes, there are vocals. They are in English, heavily processed with pitch‑shifting, time‑stretching, and filtering, giving them a robotic, chopped‑up character.
3. Yes, the phrase “I’m a real one” repeats identically as a loop, forming the core hook of the track.
4. The main loop is heavily filtered and compressed, with sidechain pumping that creates a pulsing, club‑ready feel.
5. The vocal sample sounds like it is taken from an older recording, likely from the 1990s, while the surrounding production is modern and polished.
[Music Flamingo] FORENSIC ANSWERS [{"key": "sampled", "answer": "yes", "cue": "the track uses a pre-existing vocal sample. The most prominent example is the repeated phrase “I’m a real one” (and “I’m a real one, real one”), which is looped"}, {"key": "vocals", "answer": "yes", "cue": "there are vocals. They are in English, heavily processed with pitch‑shifting, time‑stretching, and filtering, giving them a robotic, chopped‑up character."}, {"key": "loop", "answer": "yes", "cue": "the phrase “I’m a real one” repeats identically as a loop, forming the core hook of the track."}, {"key": "processing", "answer": "unsure", "cue": "The main loop is heavily filtered and compressed, with sidechain pumping that creates a pulsing, club‑ready feel."}, {"key": "sourcePeriod", "answer": "unsure", "cue": "The vocal sample sounds like it is taken from an older recording, likely from the 1990s, while the surrounding production is modern and polished."}]
Running Flamingo structured deep-listening inference...
[Music Flamingo] input tokens=2089; generation budget=1024
Inference cancelled: superseded during generation
Client already disconnected; 409 not delivered.
Running Flamingo structured deep-listening inference (first impression)...
[Music Flamingo] input tokens=803; generation budget=256
[Music Flamingo] NOTE: fewer items than the model sent: impressions 1->0

[Music Flamingo] RAW MODEL RESPONSE (max 6000 chars)
{'audibleObservations': [{'id': 1, 'text': 'steady electronic beat', 'category': 'rhythm', 'confidence': 0.95}, {'id': 2, 'text': 'synth bassline', 'category': 'instrumentation', 'confidence': 0.95}, {'id': 3, 'text': 'repetitive vocal sample', 'category': 'performance', 'confidence': 0.95}], 'signatureRelations': [{'id': 1, 'text': 'beat-driven arrangement', 'supportRefs': [1], 'confidence': 0.95}, {'id': 2, 'text': 'minimalist production', 'supportRefs': [2], 'confidence': 0.95}], 'uncertainties': ['genre not yet identified'], 'genreHypotheses': [{'label': 'electronic dance', 'confidence': 0.5}, {'label': 'minimal techno', 'confidence': 0.3}], 'aestheticConcepts': [{'text': 'hypnotic groove', 'confidence': 0.7}, {'text': 'club atmosphere', 'confidence': 0.6}], 'impressions': [{'text': '
[Music Flamingo] SANITIZED PACKET SENT TO MUSIC SHOWER (max 6000 chars)
{
  "audibleObservations": [
    {
      "text": "steady electronic beat",
      "category": "rhythm",
      "confidence": 0.95,
      "reasoningHints": "",
      "id": "1"
    },
    {
      "text": "synth bassline",
      "category": "instrumentation",
      "confidence": 0.95,
      "reasoningHints": "",
      "id": "2"
    },
    {
      "text": "repetitive vocal sample",
      "category": "performance",
      "confidence": 0.95,
      "reasoningHints": "",
      "id": "3"
    }
  ],
  "signatureRelations": [
    {
      "text": "beat-driven arrangement",
      "confidence": 0.95,
      "reasoningHints": "",
      "supportRefs": [
        "1"
      ],
      "id": "1"
    },
    {
      "text": "minimalist production",
      "confidence": 0.95,
      "reasoningHints": "",
      "supportRefs": [
        "2"
      ],
      "id": "2"
    }
  ],
  "styleCues": [],
  "uncertainties": [
    "genre not yet identified"
  ],
  "genreHypotheses": [
    {
      "label": "electronic dance",
      "confidence": 0.48,
      "reasoningHints": "",
      "supportRefs": [],
      "id": "g1",
      "provisional": true
    },
    {
      "label": "minimal techno",
      "confidence": 0.3,
      "reasoningHints": "",
      "supportRefs": [],
      "id": "g2",
      "provisional": true
    }
  ],
  "aestheticConcepts": [
    {
      "text": "hypnotic groove",
      "confidence": 0.7,
      "reasoningHints": "",
      "supportRefs": []
    },
    {
      "text": "club atmosphere",
      "confidence": 0.6,
      "reasoningHints": "",
      "supportRefs": []
    }
  ],
  "impressions": [],
  "contextHypotheses": [],
  "packetDiagnostics": {
    "rawItemCount": 10,
    "acceptedConceptCount": 9,
    "duplicateOrRejectedCount": 1,
    "quarantinedCount": 0,
    "fieldCounts": {
      "audibleObservations": 3,
      "signatureRelations": 2,
      "styleCues": 0,
      "genreHypotheses": 2,
      "contextHypotheses": 0,
      "aestheticConcepts": 2,
      "impressions": 0
    }
  }
}
[Music Flamingo] END PACKET

Inference complete in 36.0s. Packet parsed: ['audibleObservations', 'signatureRelations', 'styleCues', 'uncertainties', 'genreHypotheses', 'aestheticConcepts', 'impressions', 'contextHypotheses', 'packetDiagnostics']
Running Flamingo forensic listening...
[Music Flamingo] input tokens=1001; generation budget=400
Inference cancelled: superseded during generation
Client already disconnected; 409 not delivered.
Running Flamingo structured deep-listening inference (first impression)...
[Music Flamingo] input tokens=803; generation budget=256
Inference cancelled: superseded during generation
Client already disconnected; 409 not delivered.
Running Flamingo structured deep-listening inference (first impression)...
[Music Flamingo] input tokens=803; generation budget=256
Inference cancelled: superseded during generation
Client already disconnected; 409 not delivered.
