Flamingo server listening at port 5005 (503 while the model loads)
Loading Music Flamingo model (This will take a minute)...
Music Flamingo quantization: NF4 4-bit; placement: audio-priority
Music Flamingo device map: {"lm_head": 0, "model.audio_tower": 0, "model.language_model.embed_tokens": "cpu", "model.language_model.layers": 0, "model.language_model.norm": 0, "model.language_model.rotary_emb": 0, "model.multi_modal_projector": 0, "model.pos_emb": 0}
CUDA after load: allocated=5.65 GiB, reserved=5.80 GiB
Model loaded successfully. Starting server...
[Music Flamingo] text context budget: 8192 tokens
Flamingo server serving at port 5005
Running Flamingo structured deep-listening inference (first impression)...
[Music Flamingo] input tokens=762; generation budget=256

[Music Flamingo] RAW MODEL RESPONSE (max 6000 chars)
{'audibleObservations': [{'id': 1, 'text': 'instrumental music', 'category': 'instrumentation', 'confidence': 0.95}, {'id': 2, 'text': 'steady 4/4 rhythm', 'category': 'rhythm', 'confidence': 0.95}, {'id': 3, 'text': 'simple drum pattern', 'category': 'rhythm', 'confidence': 0.95}], 'signatureRelations': [{'id': 1, 'text': 'drum pattern supports steady rhythm', 'supportRefs': [2], 'confidence': 0.95}], 'uncertainties': ['no clear genre', 'no clear instrumentation beyond drums'], 'genreHypotheses': [{'label': 'instrumental', 'confidence': 0.95}, {'label': 'percussion-focused', 'confidence': 0.95}], 'aestheticConcepts': ['steady pulse', 'minimalist texture'], 'impressions': ['neutral mood', 'consistent energy']}
[Music Flamingo] SANITIZED PACKET SENT TO MUSIC SHOWER (max 6000 chars)
{
  "audibleObservations": [
    {
      "text": "instrumental music",
      "category": "instrumentation",
      "confidence": 0.95,
      "reasoningHints": "",
      "id": "1"
    },
    {
      "text": "steady 4/4 rhythm",
      "category": "rhythm",
      "confidence": 0.95,
      "reasoningHints": "",
      "id": "2"
    },
    {
      "text": "simple drum pattern",
      "category": "rhythm",
      "confidence": 0.95,
      "reasoningHints": "",
      "id": "3"
    }
  ],
  "signatureRelations": [
    {
      "text": "drum pattern supports steady rhythm",
      "confidence": 0.95,
      "reasoningHints": "",
      "supportRefs": [
        "2"
      ],
      "id": "1"
    }
  ],
  "styleCues": [],
  "uncertainties": [
    "no clear genre",
    "no clear instrumentation beyond drums"
  ],
  "genreHypotheses": [
    {
      "label": "instrumental",
      "confidence": 0.48,
      "reasoningHints": "",
      "supportRefs": [],
      "id": "g1",
      "provisional": true
    },
    {
      "label": "percussion-focused",
      "confidence": 0.48,
      "reasoningHints": "",
      "supportRefs": [],
      "id": "g2",
      "provisional": true
    }
  ],
  "aestheticConcepts": [
    {
      "text": "steady pulse",
      "confidence": 0.62,
      "reasoningHints": "",
      "supportRefs": []
    },
    {
      "text": "minimalist texture",
      "confidence": 0.62,
      "reasoningHints": "",
      "supportRefs": []
    }
  ],
  "impressions": [
    {
      "text": "neutral mood",
      "confidence": 0.6,
      "reasoningHints": "",
      "supportRefs": []
    },
    {
      "text": "consistent energy",
      "confidence": 0.6,
      "reasoningHints": "",
      "supportRefs": []
    }
  ],
  "contextHypotheses": [],
  "packetDiagnostics": {
    "rawItemCount": 10,
    "acceptedConceptCount": 10,
    "duplicateOrRejectedCount": 0,
    "quarantinedCount": 0,
    "fieldCounts": {
      "audibleObservations": 3,
      "signatureRelations": 1,
      "styleCues": 0,
      "genreHypotheses": 2,
      "contextHypotheses": 0,
      "aestheticConcepts": 2,
      "impressions": 2
    }
  }
}
[Music Flamingo] END PACKET

Inference complete in 24.8s. Packet parsed: ['audibleObservations', 'signatureRelations', 'styleCues', 'uncertainties', 'genreHypotheses', 'aestheticConcepts', 'impressions', 'contextHypotheses', 'packetDiagnostics']
Running Flamingo structured deep-listening inference...
[Music Flamingo] input tokens=1980; generation budget=1024

[Music Flamingo] RAW MODEL RESPONSE (max 6000 chars)
{'audibleObservations': [{'id': 1, 'text': 'steady 4/4 pulse', 'category': 'rhythm', 'confidence': 0.9, 'reasoning': 'clear, consistent downbeat on every beat'}, {'id': 2, 'text': 'synth bass with long decay', 'category': 'instrumentation', 'confidence': 0.8, 'reasoning': 'low, sustained tone that follows the root of the chord progression.'}, {'id': 3, 'text': 'minimal drum pattern', 'category': 'instrumentation', 'confidence': 0.7, 'reasoning': 'simple kick/snare pattern with little variation.'}, {'id': 4, 'text': 'repetitive chord loop', 'category': 'arrangement', 'confidence': 0.9, 'reasoning': 'the same four chords repeat throughout the segment.'}, {'id': 5, 'text': 'dry, unprocessed mix', 'category': 'production', 'confidence': 0.6, 'reasoning': 'little reverb or delay, giving a close, intimate feel.'}], 'signatureRelations': [{'id': 1, 'text': 'bass and drums lock in tight groove', 'supportRefs': [1, 2, 3], 'confidence': 0.8, 'reasoning': 'the bass and drum pattern reinforce each other, creating a solid rhythmic foundation.'}, {'id': 2, 'text': 'synth bass sustains under chord changes', 'supportRefs': [2, 4], 'confidence': 0.7, 'reasoning': 'the bass note holds through the chord changes, emphasizing the harmonic movement.'}], 'styleCues': [{'id': 1, 'text': 'minimalist electronic texture', 'confidence': 0.5, 'supportRefs': [1, 2, 3, 4]}, {'id': 2, 'text': 'dry production aesthetic', 'confidence': 0.4, 'supportRefs': [4]}, {'id': 3, 'text': 'simple drum machine pattern', 'confidence': 0.6, 'supportRefs': [3]}], 'uncertainties': ['instrument identity ambiguous'], 'genreHypotheses': [{'label': 'ambient electronic', 'confidence': 0.3, 'supportRefs': [1, 2, 3, 4]}, {'label': 'minimal techno', 'confidence': 0.2, 'supportRefs': [1, 2, 3, 4]}], 'aestheticConcepts': [{'text': 'minimalist', 'confidence': 0.7, 'supportRefs': [1, 2, 3, 4]}, {'text': 'introspective', 'confidence': 0.5, 'supportRefs': [4]}], 'impressions': [{'text': 'calm', 'confidence': 0.6, 'supportRefs': [1, 2, 3, 4]}, {'text': 'steady', 'confidence': 0.8, 'supportRefs': [1, 2, 3, 4]}], 'contextHypotheses': [{'text': 'contemporary electronic', 'category': 'scene', 'confidence': 0.4, 'supportRefs': [1, 2, 3, 4]}, {'text': 'post-pandemic minimalism', 'category': 'era', 'confidence': 0.3, 'supportRefs': [1, 2, 3, 4]}]}
[Music Flamingo] SANITIZED PACKET SENT TO MUSIC SHOWER (max 6000 chars)
{
  "audibleObservations": [
    {
      "text": "steady 4/4 pulse",
      "category": "rhythm",
      "confidence": 0.9,
      "reasoningHints": "clear consistent downbeat on every beat",
      "id": "1"
    },
    {
      "text": "synth bass with long decay",
      "category": "instrumentation",
      "confidence": 0.8,
      "reasoningHints": "low sustained tone that follows the root of the chord progression.",
      "id": "2"
    },
    {
      "text": "repetitive chord loop",
      "category": "arrangement",
      "confidence": 0.9,
      "reasoningHints": "the same four chords repeat throughout the segment.",
      "id": "4"
    },
    {
      "text": "dry unprocessed mix",
      "category": "production",
      "confidence": 0.6,
      "reasoningHints": "little reverb or delay giving a close intimate feel.",
      "id": "5"
    },
    {
      "text": "minimal drum pattern",
      "category": "instrumentation",
      "confidence": 0.7,
      "reasoningHints": "simple kick/snare pattern with little variation.",
      "id": "3"
    }
  ],
  "signatureRelations": [
    {
      "text": "bass and drums lock in tight groove",
      "confidence": 0.8,
      "reasoningHints": "the bass and drum pattern reinforce each other creating a solid rhythmic",
      "supportRefs": [
        "1",
        "2",
        "3"
      ],
      "id": "1"
    },
    {
      "text": "synth bass sustains under chord changes",
      "confidence": 0.7,
      "reasoningHints": "the bass note holds through the chord changes emphasizing the harmonic",
      "supportRefs": [
        "2",
        "4"
      ],
      "id": "2"
    }
  ],
  "styleCues": [
    {
      "text": "minimalist electronic texture",
      "confidence": 0.5,
      "reasoningHints": "",
      "supportRefs": [
        "1",
        "2",
        "3",
        "4"
      ],
      "id": "1"
    },
    {
      "text": "dry production aesthetic",
      "confidence": 0.4,
      "reasoningHints": "",
      "supportRefs": [
        "4"
      ],
      "id": "2"
    },
    {
      "text": "simple drum machine pattern",
      "confidence": 0.6,
      "reasoningHints": "",
      "supportRefs": [
        "3"
      ],
      "id": "3"
    }
  ],
  "uncertainties": [
    "instrument identity ambiguous"
  ],
  "genreHypotheses": [
    {
      "label": "ambient electronic",
      "confidence": 0.3,
      "reasoningHints": "",
      "supportRefs": [
        "1",
        "2",
        "3",
        "4"
      ],
      "id": "g1"
    },
    {
      "label": "minimal techno",
      "confidence": 0.2,
      "reasoningHints": "",
      "supportRefs": [
        "1",
        "2",
        "3",
        "4"
      ],
      "id": "g2"
    }
  ],
  "aestheticConcepts": [
    {
      "text": "minimalist",
      "confidence": 0.7,
      "reasoningHints": "",
      "supportRefs": [
        "1",
        "2",
        "3",
        "4"
      ]
    },
    {
      "text": "introspective",
      "confidence": 0.5,
      "reasoningHints": "",
      "supportRefs": [
        "4"
      ]
    }
  ],
  "impressions": [
    {
      "text": "calm",
      "confidence": 0.6,
      "reasoningHints": "",
      "supportRefs": [
        "1",
        "2",
        "3",
        "4"
      ]
    },
    {
      "text": "steady",
      "confidence": 0.8,
      "reasoningHints": "",
      "supportRefs": [
        "1",
        "2",
        "3",
        "4"
      ]
    }
  ],
  "contextHypotheses": [
    {
      "text": "contemporary electronic",
      "category": "scene",
      "confidence": 0.4,
      "reasoningHints": "",
      "supportRefs": [
        "1",
        "2",
        "3",
        "4"
      ]
    },
    {
      "text": "post-pandemic minimalism",
      "category": "era",
      "confidence": 0.3,
      "reasoningHints": "",
      "supportRefs": [
        "1",
        "2",
        "3",
        "4"
      ]
    }
  ],
  "packetDiagnostics": {
    "rawItemCount": 18,
    "acceptedConceptCount": 18,
    "duplicateOrRejectedCount": 0,
    "quarantinedCount": 0,
    "fieldCounts": {
      "audibleObservations": 5,
      "signatureRelations": 2,
      "styleCues": 3,
      "genreHypotheses": 2,
      "contextHypotheses": 2,
      "aestheticConcepts": 2,
      "impressions": 2
    }
  }
}
[Music Flamingo] END PACKET

Inference complete in 84.8s. Packet parsed: ['audibleObservations', 'signatureRelations', 'styleCues', 'uncertainties', 'genreHypotheses', 'aestheticConcepts', 'impressions', 'contextHypotheses', 'packetDiagnostics']
Running Flamingo structured deep-listening inference...
[Music Flamingo] input tokens=1981; generation budget=1024
[Music Flamingo] NOTE: fewer items than the model sent: uncertainties 3->2

[Music Flamingo] RAW MODEL RESPONSE (max 6000 chars)
{'audibleObservations': [{'id': 1, 'text': 'steady 4/4 pulse', 'category': 'rhythm', 'confidence': 0.9, 'reasoning': 'clear downbeat on each beat, regular subdivision of 4', 'uncertainties': []}, {'id': 2, 'text': 'synth pad texture', 'category': 'instrumentation', 'confidence': 0.8, 'reasoning': 'warm, sustained, slowly evolving timbre', 'uncertainties': []}, {'id': 3, 'text': 'subtle percussive clicks', 'category': 'instrumentation', 'confidence': 0.6, 'reasoning': 'soft, high‑frequency clicks that accentuate the pulse', 'uncertainties': []}, {'id': 4, 'text': 'minimal bass presence', 'category': 'instrumentation', 'confidence': 0.5, 'reasoning': 'no distinct low‑end line, only faint sub‑synth support', 'uncertainties': []}, {'id': 5, 'text': 'ambient reverb', 'category': 'production', 'confidence': 0.8, 'reasoning': 'long decay, wide stereo spread, creating spaciousness', 'uncertainties': []}, {'id': 6, 'text': 'soft dynamic envelope', 'category': 'dynamics', 'confidence': 0.7, 'reasoning': 'gradual rise and fall of volume, no abrupt changes', 'uncertainties': []}], 'signatureRelations': [{'id': 1, 'text': 'synth pad and clicks interact', 'category': 'relation', 'confidence': 0.6, 'reasoning': 'clicks appear on off‑beats, creating a subtle syncopated texture against the pad', 'supportRefs': [2, 3]}, {'id': 2, 'text': 'pad and bass hint at harmonic foundation', 'category': 'relation', 'confidence': 0.4, 'reasoning': 'the pad sustains chords while the minimal bass hints at root notes', 'supportRefs': [2, 4]}, {'id': 3, 'text': 'clicks accentuate pulse', 'category': 'relation', 'confidence': 0.7, 'reasoning': 'clicks are placed on the 2nd and 4th beats, reinforcing the 4/4 feel', 'supportRefs': [3, 5]}], 'styleCues': [{'id': 1, 'text': 'ambient synth texture', 'category': 'style cue', 'confidence': 0.8, 'reasoning': 'warm, evolving pad with long decay, typical of ambient or downtempo electronic music', 'supportRefs': [2, 5]}, {'id': 2, 'text': 'minimal percussive clicks', 'category': 'style cue', 'confidence': 0.5, 'reasoning': 'soft, high‑frequency clicks used as subtle rhythmic ornaments, common in ambient, experimental, or lo‑fi electronic styles', 'supportRefs': [3, 5]}], 'uncertainties': ['minimal bass presence', 'subtle percussive clicks', 'minimal bass presence']}, 'genreHypotheses': [{'label': 'ambient electronic', 'confidence': 0.7, 'supportRefs': [1, 2, 5]}, {'label': 'downtempo electronic', 'confidence': 0.5, 'supportRefs': [1, 2, 5]}], 'aestheticConcepts': [{'text': 'spacious and ethereal', 'confidence': 0.8, 'supportRefs': [5]}, {'text': 'minimalist and introspective', 'confidence': 0.6, 'supportRefs': [2, 4]}], 'impressions': [{'text': 'calm and contemplative', 'confidence': 0.7, 'supportRefs': [1, 5]}, {'text': 'slightly melancholic', 'confidence': 0.4, 'supportRefs': [2, 4]}], 'contextHypotheses': [{'text': 'modern ambient production', 'confidence': 0.6, 'category': 'scene', 'supportRefs': [1, 5]}, {'text': 'post‑digital electronic aesthetic', 'confidence': 0.5, 'category': 'era', 'supportRefs': [1, 2, 5]}]}
[Music Flamingo] SANITIZED PACKET SENT TO MUSIC SHOWER (max 6000 chars)
{
  "audibleObservations": [
    {
      "text": "steady 4/4 pulse",
      "category": "rhythm",
      "confidence": 0.9,
      "reasoningHints": "clear downbeat on each beat regular subdivision of 4",
      "id": "1"
    },
    {
      "text": "synth pad texture",
      "category": "instrumentation",
      "confidence": 0.8,
      "reasoningHints": "warm sustained slowly evolving timbre",
      "id": "2"
    },
    {
      "text": "ambient reverb",
      "category": "production",
      "confidence": 0.8,
      "reasoningHints": "long decay wide stereo spread creating spaciousness",
      "id": "5"
    },
    {
      "text": "soft dynamic envelope",
      "category": "dynamics",
      "confidence": 0.7,
      "reasoningHints": "gradual rise and fall of volume no abrupt changes",
      "id": "6"
    },
    {
      "text": "subtle percussive clicks",
      "category": "instrumentation",
      "confidence": 0.6,
      "reasoningHints": "soft high‑frequency clicks that accentuate the pulse",
      "id": "3"
    },
    {
      "text": "minimal bass presence",
      "category": "instrumentation",
      "confidence": 0.5,
      "reasoningHints": "no distinct low‑end line only faint sub‑synth support",
      "id": "4"
    }
  ],
  "signatureRelations": [
    {
      "text": "synth pad and clicks interact",
      "confidence": 0.6,
      "reasoningHints": "clicks appear on off‑beats creating a subtle syncopated texture against",
      "supportRefs": [
        "2",
        "3"
      ],
      "id": "1"
    },
    {
      "text": "pad and bass hint at harmonic foundation",
      "confidence": 0.4,
      "reasoningHints": "the pad sustains chords while the minimal bass hints at root notes",
      "supportRefs": [
        "2",
        "4"
      ],
      "id": "2"
    },
    {
      "text": "clicks accentuate pulse",
      "confidence": 0.7,
      "reasoningHints": "clicks are placed on the 2nd and 4th beats reinforcing the 4/4 feel",
      "supportRefs": [
        "3",
        "5"
      ],
      "id": "3"
    }
  ],
  "styleCues": [
    {
      "text": "ambient synth texture",
      "confidence": 0.8,
      "reasoningHints": "warm evolving pad with long decay typical of ambient or downtempo",
      "supportRefs": [
        "2",
        "5"
      ],
      "id": "1"
    },
    {
      "text": "minimal percussive clicks",
      "confidence": 0.5,
      "reasoningHints": "soft high‑frequency clicks used as subtle rhythmic ornaments common in",
      "supportRefs": [
        "3",
        "5"
      ],
      "id": "2"
    }
  ],
  "uncertainties": [
    "minimal bass presence",
    "subtle percussive clicks"
  ],
  "genreHypotheses": [],
  "aestheticConcepts": [],
  "impressions": [],
  "contextHypotheses": [],
  "packetDiagnostics": {
    "rawItemCount": 11,
    "acceptedConceptCount": 11,
    "duplicateOrRejectedCount": 0,
    "quarantinedCount": 0,
    "fieldCounts": {
      "audibleObservations": 6,
      "signatureRelations": 3,
      "styleCues": 2,
      "genreHypotheses": 0,
      "contextHypotheses": 0,
      "aestheticConcepts": 0,
      "impressions": 0
    }
  }
}
[Music Flamingo] END PACKET

Inference complete in 106.8s. Packet parsed: ['audibleObservations', 'signatureRelations', 'styleCues', 'uncertainties', 'genreHypotheses', 'aestheticConcepts', 'impressions', 'contextHypotheses', 'packetDiagnostics']
Running Flamingo structured deep-listening inference...
[Music Flamingo] input tokens=1981; generation budget=1024
[Music Flamingo] NOTE: fewer items than the model sent: audibleObservations 20->8

[Music Flamingo] RAW MODEL RESPONSE (max 6000 chars)
{'audibleObservations': [{'id': 1, 'text': 'steady 4/4 pulse', 'category': 'rhythm', 'confidence': 0.9, 'reasoning': 'clear downbeat on each beat, regular subdivision of 4 quarter notes'}, {'id': 2, 'text': 'bright brass timbre', 'category': 'instrumentation', 'confidence': 0.9, 'reasoning': 'trumpet and trombone lead melody with clear, resonant attack and sustain'}, {'id': 3, 'text': 'simple major harmony', 'category': 'harmony', 'confidence': 0.9, 'reasoning': 'major chord tones dominate, with occasional minor chords for contrast'}, {'id': 4, 'text': 'steady bass line', 'category': 'bass', 'confidence': 0.9, 'reasoning': 'walking bass underpins the harmony with a consistent quarter-note pulse'}, {'id': 5, 'text': 'clear drum kit', 'category': 'drums', 'confidence': 0.9, 'reasoning': 'kick, snare, hi-hat and cymbals play a standard swing pattern'}, {'id': 6, 'text': 'brass ensemble', 'category': 'instrumentation', 'confidence': 0.9, 'reasoning': 'trumpet and trombone play in unison and harmony, supported by a full brass section'}, {'id': 7, 'text': 'steady swing feel', 'category': 'rhythm', 'confidence': 0.9, 'reasoning': 'swing eighth notes on the hi-hat and a light ride cymbal pattern'}, {'id': 8, 'text': 'major key tonality', 'category': 'harmony', 'confidence': 0.9, 'reasoning': 'tonic and dominant chords in a major key, with occasional relative minor chords'}, {'id': 9, 'text': 'steady bass line', 'category': 'bass', 'confidence': 0.9, 'reasoning': 'walking bass underpins the harmony with a consistent quarter-note pulse'}, {'id': 10, 'text': 'clear drum kit', 'category': 'drums', 'confidence': 0.9, 'reasoning': 'kick, snare, hi-hat and cymbals play a standard swing pattern'}, {'id': 11, 'text': 'brass ensemble', 'category': 'instrumentation', 'confidence': 0.9, 'reasoning': 'trumpet and trombone play in unison and harmony, supported by a full brass section'}, {'id': 12, 'text': 'steady swing feel', 'category': 'rhythm', 'confidence': 0.9, 'reasoning': 'swing eighth notes on the hi-hat and a light ride cymbal pattern'}, {'id': 13, 'text': 'major key tonality', 'category': 'harmony', 'confidence': 0.9, 'reasoning': 'tonic and dominant chords in a major key, with occasional relative minor chords'}, {'id': 14, 'text': 'steady bass line', 'category': 'bass', 'confidence': 0.9, 'reasoning': 'walking bass underpins the harmony with a consistent quarter-note pulse'}, {'id': 15, 'text': 'clear drum kit', 'category': 'drums', 'confidence': 0.9, 'reasoning': 'kick, snare, hi-hat and cymbals play a standard swing pattern'}, {'id': 16, 'text': 'brass ensemble', 'category': 'instrumentation', 'confidence': 0.9, 'reasoning': 'trumpet and trombone play in unison and harmony, supported by a full brass section'}, {'id': 17, 'text': 'steady swing feel', 'category': 'rhythm', 'confidence': 0.9, 'reasoning': 'swing eighth notes on the hi-hat and a light ride cymbal pattern'}, {'id': 18, 'text': 'major key tonality', 'category': 'harmony', 'confidence': 0.9, 'reasoning': 'tonic and dominant chords in a major key, with occasional relative minor chords'}, {'id': 19, 'text': 'steady bass line', 'category': 'bass', 'confidence': 0.9, 'reasoning': 'walking bass underpins the harmony with a consistent quarter-note pulse'}, {'id': 20, 'text': 'clear drum kit', 'category': 'drums', 'confidence': 0.9, 'reasoning': 'kick, snare, hi-hat and cymb
[Music Flamingo] SANITIZED PACKET SENT TO MUSIC SHOWER (max 6000 chars)
{
  "audibleObservations": [
    {
      "text": "steady 4/4 pulse",
      "category": "rhythm",
      "confidence": 0.9,
      "reasoningHints": "clear downbeat on each beat regular subdivision of 4 quarter notes",
      "id": "1"
    },
    {
      "text": "bright brass timbre",
      "category": "instrumentation",
      "confidence": 0.9,
      "reasoningHints": "trumpet and trombone lead melody with clear resonant attack and sustain",
      "id": "2"
    },
    {
      "text": "simple major harmony",
      "category": "arrangement",
      "confidence": 0.9,
      "reasoningHints": "major chord tones dominate with occasional minor chords for contrast",
      "sourceCategory": "harmony",
      "id": "3"
    },
    {
      "text": "steady bass line",
      "category": "instrumentation",
      "confidence": 0.9,
      "reasoningHints": "walking bass underpins the harmony with a consistent quarter-note pulse",
      "sourceCategory": "bass",
      "id": "4"
    },
    {
      "text": "clear drum kit",
      "category": "rhythm",
      "confidence": 0.9,
      "reasoningHints": "kick snare hi-hat and cymbals play a standard swing pattern",
      "sourceCategory": "drums",
      "id": "5"
    },
    {
      "text": "brass ensemble",
      "category": "instrumentation",
      "confidence": 0.9,
      "reasoningHints": "trumpet and trombone play in unison and harmony supported by a full",
      "id": "6"
    },
    {
      "text": "steady swing feel",
      "category": "rhythm",
      "confidence": 0.9,
      "reasoningHints": "swing eighth notes on the hi-hat and a light ride cymbal pattern",
      "id": "7"
    },
    {
      "text": "major key tonality",
      "category": "arrangement",
      "confidence": 0.9,
      "reasoningHints": "tonic and dominant chords in a major key with occasional relative minor",
      "sourceCategory": "harmony",
      "id": "8"
    }
  ],
  "signatureRelations": [],
  "styleCues": [],
  "uncertainties": [],
  "genreHypotheses": [],
  "aestheticConcepts": [],
  "impressions": [],
  "contextHypotheses": [],
  "packetDiagnostics": {
    "rawItemCount": 20,
    "acceptedConceptCount": 8,
    "duplicateOrRejectedCount": 12,
    "quarantinedCount": 0,
    "fieldCounts": {
      "audibleObservations": 8,
      "signatureRelations": 0,
      "styleCues": 0,
      "genreHypotheses": 0,
      "contextHypotheses": 0,
      "aestheticConcepts": 0,
      "impressions": 0
    }
  }
}
[Music Flamingo] END PACKET

Inference complete in 124.7s. Packet parsed: ['audibleObservations', 'signatureRelations', 'styleCues', 'uncertainties', 'genreHypotheses', 'aestheticConcepts', 'impressions', 'contextHypotheses', 'packetDiagnostics']
Running Flamingo structured deep-listening inference (first impression)...
[Music Flamingo] input tokens=762; generation budget=256

[Music Flamingo] RAW MODEL RESPONSE (max 6000 chars)
{'audibleObservations': [{'id': 1, 'text': 'instrumental electronic', 'category': 'instrumentation', 'confidence': 0.95}, {'id': 2, 'text': 'fast 4/4 beat', 'category': 'rhythm', 'confidence': 0.95}, {'id': 3, 'text': 'bright synth lead', 'category': 'instrumentation', 'confidence': 0.95}], 'signatureRelations': [{'id': 1, 'text': 'beat and synth lead', 'supportRefs': [1, 2], 'confidence': 0.95}], 'uncertainties': ['no clear genre label', 'no vocal presence'], 'genreHypotheses': [{'label': 'electronic dance', 'confidence': 0.5}, {'label': 'synthwave', 'confidence': 0.3}], 'aestheticConcepts': ['energetic', 'modern'], 'impressions': ['uplifting', 'driving']}
[Music Flamingo] SANITIZED PACKET SENT TO MUSIC SHOWER (max 6000 chars)
{
  "audibleObservations": [
    {
      "text": "instrumental electronic",
      "category": "instrumentation",
      "confidence": 0.95,
      "reasoningHints": "",
      "id": "1"
    },
    {
      "text": "fast 4/4 beat",
      "category": "rhythm",
      "confidence": 0.95,
      "reasoningHints": "",
      "id": "2"
    },
    {
      "text": "bright synth lead",
      "category": "instrumentation",
      "confidence": 0.95,
      "reasoningHints": "",
      "id": "3"
    }
  ],
  "signatureRelations": [
    {
      "text": "beat and synth lead",
      "confidence": 0.95,
      "reasoningHints": "",
      "supportRefs": [
        "1",
        "2"
      ],
      "id": "1"
    }
  ],
  "styleCues": [],
  "uncertainties": [
    "no clear genre label",
    "no vocal presence"
  ],
  "genreHypotheses": [
    {
      "label": "electronic dance",
      "confidence": 0.48,
      "reasoningHints": "",
      "supportRefs": [],
      "id": "g1",
      "provisional": true
    },
    {
      "label": "synthwave",
      "confidence": 0.3,
      "reasoningHints": "",
      "supportRefs": [],
      "id": "g2",
      "provisional": true
    }
  ],
  "aestheticConcepts": [
    {
      "text": "energetic",
      "confidence": 0.62,
      "reasoningHints": "",
      "supportRefs": []
    },
    {
      "text": "modern",
      "confidence": 0.62,
      "reasoningHints": "",
      "supportRefs": []
    }
  ],
  "impressions": [
    {
      "text": "uplifting",
      "confidence": 0.6,
      "reasoningHints": "",
      "supportRefs": []
    },
    {
      "text": "driving",
      "confidence": 0.6,
      "reasoningHints": "",
      "supportRefs": []
    }
  ],
  "contextHypotheses": [],
  "packetDiagnostics": {
    "rawItemCount": 10,
    "acceptedConceptCount": 10,
    "duplicateOrRejectedCount": 0,
    "quarantinedCount": 0,
    "fieldCounts": {
      "audibleObservations": 3,
      "signatureRelations": 1,
      "styleCues": 0,
      "genreHypotheses": 2,
      "contextHypotheses": 0,
      "aestheticConcepts": 2,
      "impressions": 2
    }
  }
}
[Music Flamingo] END PACKET

Inference complete in 23.8s. Packet parsed: ['audibleObservations', 'signatureRelations', 'styleCues', 'uncertainties', 'genreHypotheses', 'aestheticConcepts', 'impressions', 'contextHypotheses', 'packetDiagnostics']
Running Flamingo structured deep-listening inference...
[Music Flamingo] input tokens=1980; generation budget=1024

[Music Flamingo] RAW MODEL RESPONSE (max 6000 chars)
{'audibleObservations': [{'id': 1, 'text': 'fast 4/4 electronic drum pattern', 'category': 'rhythm', 'confidence': 0.95, 'reasoning': 'steady pulse with a strong kick on every downbeat and a crisp snare on the backbeat.'}, {'id': 2, 'text': 'bright, high‑pitched synth lead', 'category': 'instrumentation', 'confidence': 0.95, 'reasoning': 'a single, piercing synth voice that carries the main melodic hook.'}, {'id': 3, 'text': 'simple, repetitive bassline', 'category': 'bass', 'confidence': 0.95, 'reasoning': 'a short, looping low‑frequency pattern that underpins the harmony without variation.'}, {'id': 4, 'text': 'clean, digital production', 'category': 'production', 'confidence': 0.95, 'reasoning': 'minimal processing, tight compression, and a wide stereo image that keeps each element distinct.'}, {'id': 5, 'text': 'no vocal presence', 'category': 'vocals', 'confidence': 0.95, 'reasoning': 'the track is instrumental, with no sung or spoken parts.'}], 'signatureRelations': [{'id': 1, 'text': 'drum and synth interplay', 'supportRefs': [1, 2], 'confidence': 0.95, 'reasoning': 'the drum pattern drives the rhythm while the synth lead provides the melodic focus.'}, {'id': 2, 'text': 'bassline supporting harmony', 'supportRefs': [1, 3], 'confidence': 0.95, 'reasoning': 'the bassline locks in with the drums to reinforce the tonal center and groove.'}], 'styleCues': [{'id': 1, 'text': 'digital synth timbre', 'confidence': 0.95, 'reasoning': 'the lead synth has a bright, slightly metallic tone typical of modern electronic production.'}, {'id': 2, 'text': 'clean digital production', 'confidence': 0.95, 'reasoning': 'the mix is transparent, with each element clearly defined and no heavy distortion or analog warmth.'}], 'uncertainties': ['instrument identity ambiguity'], 'genreHypotheses': [{'label': 'electronic dance music', 'confidence': 0.95, 'supportRefs': [1, 2, 3], 'reasoning': 'the fast 4/4 beat, synth lead, and clean production are characteristic of EDM subgenres.'}, {'label': 'synth‑pop', 'confidence': 0.7, 'supportRefs': [2, 3], 'reasoning': 'the bright synth timbre and simple harmonic loop align with synth‑pop aesthetics.'}], 'aestheticConcepts': [{'text': 'energetic, club‑ready', 'confidence': 0.95, 'supportRefs': [1], 'reasoning': 'the driving rhythm and high‑energy synth line create a dancefloor‑friendly atmosphere.'}, {'text': 'digital, modern', 'confidence': 0.95, 'supportRefs': [4], 'reasoning': 'the clean, digital production style emphasizes a contemporary electronic sound.'}], 'impressions': [{'text': 'bright, uplifting', 'confidence': 0.95, 'supportRefs': [2], 'reasoning': 'the high‑pitched synth melody and steady beat convey a positive, forward‑moving mood.'}, {'text': 'instrumental focus', 'confidence': 0.95, 'supportRefs': [5], 'reasoning': 'the absence of vocals places emphasis on the instrumental arrangement and melodic hook.'}], 'contextHypotheses': [{'text': 'contemporary electronic scene', 'category': 'scene', 'confidence': 0.95, 'supportRefs': [1, 2, 3], 'reasoning': 'the track’s fast tempo, synth lead, and clean production are typical of current EDM and synth‑pop releases.'}, {'text': 'digital production era', 'category': 'era', 'confidence': 0.95, 'supportRefs': [4], 'reasoning': 'the lack of analog warmth and precise mixing suggest a modern, post‑2000 production style.'}]
[Music Flamingo] SANITIZED PACKET SENT TO MUSIC SHOWER (max 6000 chars)
{
  "audibleObservations": [
    {
      "text": "fast 4/4 electronic drum pattern",
      "category": "rhythm",
      "confidence": 0.95,
      "reasoningHints": "steady pulse with a strong kick on every downbeat and a crisp snare on",
      "id": "1"
    },
    {
      "text": "bright high‑pitched synth lead",
      "category": "instrumentation",
      "confidence": 0.95,
      "reasoningHints": "a single piercing synth voice that carries the main melodic hook.",
      "id": "2"
    },
    {
      "text": "simple repetitive bassline",
      "category": "instrumentation",
      "confidence": 0.95,
      "reasoningHints": "a short looping low‑frequency pattern that underpins the harmony without",
      "sourceCategory": "bass",
      "id": "3"
    },
    {
      "text": "clean digital production",
      "category": "production",
      "confidence": 0.95,
      "reasoningHints": "minimal processing tight compression and a wide stereo image that keeps",
      "id": "4"
    },
    {
      "text": "no vocal presence",
      "category": "performance",
      "confidence": 0.95,
      "reasoningHints": "the track is instrumental with no sung or spoken parts.",
      "sourceCategory": "vocals",
      "id": "5"
    }
  ],
  "signatureRelations": [
    {
      "text": "drum and synth interplay",
      "confidence": 0.95,
      "reasoningHints": "the drum pattern drives the rhythm while the synth lead provides the",
      "supportRefs": [
        "1",
        "2"
      ],
      "id": "1"
    },
    {
      "text": "bassline supporting harmony",
      "confidence": 0.95,
      "reasoningHints": "the bassline locks in with the drums to reinforce the tonal center and",
      "supportRefs": [
        "1",
        "3"
      ],
      "id": "2"
    }
  ],
  "styleCues": [
    {
      "text": "digital synth timbre",
      "confidence": 0.95,
      "reasoningHints": "the lead synth has a bright slightly metallic tone typical of modern",
      "supportRefs": [],
      "id": "1"
    },
    {
      "text": "clean digital production",
      "confidence": 0.95,
      "reasoningHints": "the mix is transparent with each element clearly defined and no heavy",
      "supportRefs": [],
      "id": "2"
    }
  ],
  "uncertainties": [
    "instrument identity ambiguity"
  ],
  "genreHypotheses": [
    {
      "label": "electronic dance music",
      "confidence": 0.95,
      "reasoningHints": "the fast 4/4 beat synth lead and clean production are characteristic of",
      "supportRefs": [
        "1",
        "2",
        "3"
      ],
      "id": "g1"
    },
    {
      "label": "synth‑pop",
      "confidence": 0.7,
      "reasoningHints": "the bright synth timbre and simple harmonic loop align with synth‑pop",
      "supportRefs": [
        "2",
        "3"
      ],
      "id": "g2"
    }
  ],
  "aestheticConcepts": [
    {
      "text": "energetic club‑ready",
      "confidence": 0.95,
      "reasoningHints": "the driving rhythm and high‑energy synth line create a",
      "supportRefs": [
        "1"
      ]
    },
    {
      "text": "digital modern",
      "confidence": 0.95,
      "reasoningHints": "the clean digital production style emphasizes a contemporary electronic",
      "supportRefs": [
        "4"
      ]
    }
  ],
  "impressions": [
    {
      "text": "bright uplifting",
      "confidence": 0.95,
      "reasoningHints": "the high‑pitched synth melody and steady beat convey a positive",
      "supportRefs": [
        "2"
      ]
    },
    {
      "text": "instrumental focus",
      "confidence": 0.95,
      "reasoningHints": "the absence of vocals places emphasis on the instrumental arrangement",
      "supportRefs": [
        "5"
      ]
    }
  ],
  "contextHypotheses": [
    {
      "text": "contemporary electronic scene",
      "category": "scene",
      "confidence": 0.95,
      "reasoningHints": "the track’s fast tempo synth lead and clean production are typical of",
      "supportRefs": [
        "1",
        "2",
        "3"
      ]
    },
    {
      "text": "digital production era",
      "category": "era",
      "confidence": 0.95,
      "reasoningHints": "the lack of analog warmth and precise mixing suggest a modern post‑2000",
      "supportRefs": [
        "4"
      ]
    }
  ],
  "packetDiagnostics": {
    "rawItemCount": 17,
    "acceptedConceptCount": 17,
    "duplicateOrRejectedCount": 0,
    "quarantinedCount": 0,
    "fieldCounts": {
      "audibleObservations": 5,
      "signatureRelations": 2,
      "styleCues": 2,
      "genreHypotheses": 2,
      "contextHypotheses": 2,
      "aestheticConcepts": 2,
      "impressions": 2
    }
  }
}
[Music Flamingo] END PACKET

Inference complete in 104.1s. Packet parsed: ['audibleObservations', 'signatureRelations', 'styleCues', 'uncertainties', 'genreHypotheses', 'aestheticConcepts', 'impressions', 'contextHypotheses', 'packetDiagnostics']
Running Flamingo structured deep-listening inference...
[Music Flamingo] input tokens=1981; generation budget=1024
[Music Flamingo] NOTE: fewer items than the model sent: contextHypotheses 2->1

[Music Flamingo] RAW MODEL RESPONSE (max 6000 chars)
{'audibleObservations': [{'id': 1, 'text': 'fast 4/4 electronic drum pattern', 'category': 'rhythm', 'confidence': 0.95, 'reasoning': 'steady pulse with a strong kick on every downbeat and a crisp snare on the backbeat.'}, {'id': 2, 'text': 'bright, high‑pitched synth lead', 'category': 'instrumentation', 'confidence': 0.95, 'reasoning': 'a single, piercing synth voice that carries the main melodic hook.'}, {'id': 3, 'text': 'simple, repetitive bassline', 'category': 'bass', 'confidence': 0.95, 'reasoning': 'a short, looping low‑frequency pattern that underpins the harmony without variation.'}, {'id': 4, 'text': 'clean, digital production', 'category': 'production', 'confidence': 0.95, 'reasoning': 'minimal processing, tight compression, and a wide stereo image that keeps each element distinct.'}, {'id': 5, 'text': 'no vocal presence', 'category': 'vocals', 'confidence': 0.95, 'reasoning': 'the track is instrumental, with no sung or spoken parts.'}], 'signatureRelations': [{'id': 1, 'text': 'drum and synth interplay', 'supportRefs': [1, 2], 'confidence': 0.95, 'reasoning': 'the drum pattern drives the rhythm while the synth lead provides the melodic focus.'}, {'id': 2, 'text': 'bassline anchors the harmony', 'supportRefs': [3], 'confidence': 0.95, 'reasoning': 'the bassline repeats a simple pattern that defines the harmonic foundation.'}], 'styleCues': [{'id': 1, 'text': 'digital synth timbre', 'confidence': 0.95, 'reasoning': 'the lead synth has a bright, clean, and slightly metallic tone typical of modern electronic production.'}, {'id': 2, 'text': 'tight, compressed mix', 'confidence': 0.95, 'reasoning': 'the mix is clean and punchy, with each element clearly defined and limited dynamic range.'}], 'uncertainties': ['instrument type', 'genre label'], 'genreHypotheses': [{'label': 'electronic dance music', 'confidence': 0.95, 'supportRefs': [1, 2, 3, 4], 'reasoning': 'the track features a fast 4/4 beat, a prominent synth lead, and a simple bassline, all hallmarks of EDM.'}, {'label': 'synth‑pop', 'confidence': 0.7, 'supportRefs': [1, 2, 3, 4], 'reasoning': 'the clean digital production and melodic synth line are characteristic of synth‑pop aesthetics.'}], 'aestheticConcepts': [{'text': 'bright, energetic', 'confidence': 0.95, 'supportRefs': [2, 4], 'reasoning': 'the high‑pitched synth and the driving drum pattern create an uplifting and forward‑moving atmosphere.'}, {'text': 'digital, modern', 'confidence': 0.95, 'supportRefs': [4], 'reasoning': 'the production style is clean and compressed, emphasizing a contemporary electronic sound.'}], 'impressions': [{'text': 'energetic, uplifting', 'confidence': 0.95, 'supportRefs': [1, 2, 3, 4], 'reasoning': 'the fast tempo, bright synth, and steady rhythm convey a sense of excitement and positivity.'}, {'text': 'clean, precise', 'confidence': 0.95, 'supportRefs': [4], 'reasoning': 'the tight mix and minimal processing give the track a crisp, precise feel.'}], 'contextHypotheses': [{'text': 'contemporary electronic scene', 'category': 'scene', 'confidence': 0.95, 'supportRefs': [1, 2, 3, 4], 'reasoning': 'the track’s style aligns with current EDM and synth‑pop trends, emphasizing danceable beats and melodic synth hooks.'}, {'text': 'modern digital production', 'category': 'production', 'confidence': 0.95, 'supportRefs': [4], 'reasoning': 'the clean, compressed mix reflects modern digital production techniques.'}]}
[Music Flamingo] SANITIZED PACKET SENT TO MUSIC SHOWER (max 6000 chars)
{
  "audibleObservations": [
    {
      "text": "fast 4/4 electronic drum pattern",
      "category": "rhythm",
      "confidence": 0.95,
      "reasoningHints": "steady pulse with a strong kick on every downbeat and a crisp snare on",
      "id": "1"
    },
    {
      "text": "bright high‑pitched synth lead",
      "category": "instrumentation",
      "confidence": 0.95,
      "reasoningHints": "a single piercing synth voice that carries the main melodic hook.",
      "id": "2"
    },
    {
      "text": "simple repetitive bassline",
      "category": "instrumentation",
      "confidence": 0.95,
      "reasoningHints": "a short looping low‑frequency pattern that underpins the harmony without",
      "sourceCategory": "bass",
      "id": "3"
    },
    {
      "text": "clean digital production",
      "category": "production",
      "confidence": 0.95,
      "reasoningHints": "minimal processing tight compression and a wide stereo image that keeps",
      "id": "4"
    },
    {
      "text": "no vocal presence",
      "category": "performance",
      "confidence": 0.95,
      "reasoningHints": "the track is instrumental with no sung or spoken parts.",
      "sourceCategory": "vocals",
      "id": "5"
    }
  ],
  "signatureRelations": [
    {
      "text": "drum and synth interplay",
      "confidence": 0.95,
      "reasoningHints": "the drum pattern drives the rhythm while the synth lead provides the",
      "supportRefs": [
        "1",
        "2"
      ],
      "id": "1"
    },
    {
      "text": "bassline anchors the harmony",
      "confidence": 0.95,
      "reasoningHints": "the bassline repeats a simple pattern that defines the harmonic",
      "supportRefs": [
        "3"
      ],
      "id": "2"
    }
  ],
  "styleCues": [
    {
      "text": "digital synth timbre",
      "confidence": 0.95,
      "reasoningHints": "the lead synth has a bright clean and slightly metallic tone typical of",
      "supportRefs": [],
      "id": "1"
    },
    {
      "text": "tight compressed mix",
      "confidence": 0.95,
      "reasoningHints": "the mix is clean and punchy with each element clearly defined and",
      "supportRefs": [],
      "id": "2"
    }
  ],
  "uncertainties": [
    "instrument type",
    "genre label",
    "unrecognized context category"
  ],
  "genreHypotheses": [
    {
      "label": "electronic dance music",
      "confidence": 0.95,
      "reasoningHints": "the track features a fast 4/4 beat a prominent synth lead and a simple",
      "supportRefs": [
        "1",
        "2",
        "3",
        "4"
      ],
      "id": "g1"
    },
    {
      "label": "synth‑pop",
      "confidence": 0.7,
      "reasoningHints": "the clean digital production and melodic synth line are characteristic",
      "supportRefs": [
        "1",
        "2",
        "3",
        "4"
      ],
      "id": "g2"
    }
  ],
  "aestheticConcepts": [
    {
      "text": "bright energetic",
      "confidence": 0.95,
      "reasoningHints": "the high‑pitched synth and the driving drum pattern create an uplifting",
      "supportRefs": [
        "2",
        "4"
      ]
    },
    {
      "text": "digital modern",
      "confidence": 0.95,
      "reasoningHints": "the production style is clean and compressed emphasizing a contemporary",
      "supportRefs": [
        "4"
      ]
    }
  ],
  "impressions": [
    {
      "text": "energetic uplifting",
      "confidence": 0.95,
      "reasoningHints": "the fast tempo bright synth and steady rhythm convey a sense of",
      "supportRefs": [
        "1",
        "2",
        "3",
        "4"
      ]
    },
    {
      "text": "clean precise",
      "confidence": 0.95,
      "reasoningHints": "the tight mix and minimal processing give the track a crisp precise",
      "supportRefs": [
        "4"
      ]
    }
  ],
  "contextHypotheses": [
    {
      "text": "contemporary electronic scene",
      "category": "scene",
      "confidence": 0.95,
      "reasoningHints": "the track’s style aligns with current EDM and synth‑pop trends",
      "supportRefs": [
        "1",
        "2",
        "3",
        "4"
      ]
    }
  ],
  "packetDiagnostics": {
    "rawItemCount": 17,
    "acceptedConceptCount": 16,
    "duplicateOrRejectedCount": 1,
    "quarantinedCount": 1,
    "fieldCounts": {
      "audibleObservations": 5,
      "signatureRelations": 2,
      "styleCues": 2,
      "genreHypotheses": 2,
      "contextHypotheses": 1,
      "aestheticConcepts": 2,
      "impressions": 2
    }
  }
}
[Music Flamingo] END PACKET

Inference complete in 108.0s. Packet parsed: ['audibleObservations', 'signatureRelations', 'styleCues', 'uncertainties', 'genreHypotheses', 'aestheticConcepts', 'impressions', 'contextHypotheses', 'packetDiagnostics']
Running Flamingo structured deep-listening inference (first impression)...
[Music Flamingo] input tokens=762; generation budget=256

[Music Flamingo] RAW MODEL RESPONSE (max 6000 chars)
{'audibleObservations': [{'id': 1, 'text': 'instrumental music', 'category': 'instrumentation', 'confidence': 0.95}, {'id': 2, 'text': 'no vocals', 'category': 'performance', 'confidence': 0.95}, {'id': 3, 'text': 'simple chord progression', 'category': 'arrangement', 'confidence': 0.95}], 'signatureRelations': [{'id': 1, 'text': 'instrumental track', 'supportRefs': [1, 2], 'confidence': 0.95}], 'uncertainties': ['no lyrics', 'no explicit genre cues'], 'genreHypotheses': [{'label': 'instrumental', 'confidence': 0.95}, {'label': 'no genre', 'confidence': 0.95}], 'aestheticConcepts': ['minimalist', 'straightforward'], 'impressions': ['neutral', 'unembellished']
[Music Flamingo] SANITIZED PACKET SENT TO MUSIC SHOWER (max 6000 chars)
{
  "audibleObservations": [
    {
      "text": "instrumental music",
      "category": "instrumentation",
      "confidence": 0.95,
      "reasoningHints": "",
      "id": "1"
    },
    {
      "text": "no vocals",
      "category": "performance",
      "confidence": 0.95,
      "reasoningHints": "",
      "id": "2"
    },
    {
      "text": "simple chord progression",
      "category": "arrangement",
      "confidence": 0.95,
      "reasoningHints": "",
      "id": "3"
    }
  ],
  "signatureRelations": [
    {
      "text": "instrumental track",
      "confidence": 0.95,
      "reasoningHints": "",
      "supportRefs": [
        "1",
        "2"
      ],
      "id": "1"
    }
  ],
  "styleCues": [],
  "uncertainties": [
    "no lyrics",
    "no explicit genre cues"
  ],
  "genreHypotheses": [
    {
      "label": "instrumental",
      "confidence": 0.48,
      "reasoningHints": "",
      "supportRefs": [],
      "id": "g1",
      "provisional": true
    },
    {
      "label": "no genre",
      "confidence": 0.48,
      "reasoningHints": "",
      "supportRefs": [],
      "id": "g2",
      "provisional": true
    }
  ],
  "aestheticConcepts": [
    {
      "text": "minimalist",
      "confidence": 0.62,
      "reasoningHints": "",
      "supportRefs": []
    },
    {
      "text": "straightforward",
      "confidence": 0.62,
      "reasoningHints": "",
      "supportRefs": []
    }
  ],
  "impressions": [
    {
      "text": "neutral",
      "confidence": 0.6,
      "reasoningHints": "",
      "supportRefs": []
    },
    {
      "text": "unembellished",
      "confidence": 0.6,
      "reasoningHints": "",
      "supportRefs": []
    }
  ],
  "contextHypotheses": [],
  "packetDiagnostics": {
    "rawItemCount": 10,
    "acceptedConceptCount": 10,
    "duplicateOrRejectedCount": 0,
    "quarantinedCount": 0,
    "fieldCounts": {
      "audibleObservations": 3,
      "signatureRelations": 1,
      "styleCues": 0,
      "genreHypotheses": 2,
      "contextHypotheses": 0,
      "aestheticConcepts": 2,
      "impressions": 2
    }
  }
}
[Music Flamingo] END PACKET

Inference complete in 24.4s. Packet parsed: ['audibleObservations', 'signatureRelations', 'styleCues', 'uncertainties', 'genreHypotheses', 'aestheticConcepts', 'impressions', 'contextHypotheses', 'packetDiagnostics']
Running Flamingo structured deep-listening inference...
[Music Flamingo] input tokens=1980; generation budget=1024
[Music Flamingo] NOTE: fewer items than the model sent: signatureRelations 5->4, audibleObservations 12->6

[Music Flamingo] RAW MODEL RESPONSE (max 6000 chars)
{'audibleObservations': [{'id': 1, 'text': 'steady 4/4 pulse', 'category': 'rhythm', 'confidence': 0.9, 'reasoning': 'clear downbeat on each beat, regular subdivision of 4', 'uncertainties': []}, {'id': 2, 'text': 'bright brass timbre', 'category': 'instrumentation', 'confidence': 0.9, 'reasoning': 'trumpet and trombone lead melody with clear attack and sustain', 'uncertainties': []}, {'id': 3, 'text': 'simple drum kit', 'category': 'instrumentation', 'confidence': 0.8, 'reasoning': 'kick, snare, hi-hat in a basic rock pattern', 'uncertainties': []}, {'id': 4, 'text': 'steady bass line', 'category': 'instrumentation', 'confidence': 0.8, 'reasoning': 'electric bass playing root notes on each beat', 'uncertainties': []}, {'id': 5, 'text': 'clean electric guitar', 'category': 'instrumentation', 'confidence': 0.8, 'reasoning': 'strummed chords with slight overdrive, rhythmically locked to drums', 'uncertainties': []}, {'id': 6, 'text': 'minimal synth pad', 'category': 'instrumentation', 'confidence': 0.5, 'reasoning': 'subtle background pad providing harmonic support', 'uncertainties': []}, {'id': 7, 'text': 'steady 4/4 pulse', 'category': 'rhythm', 'confidence': 0.9, 'reasoning': 'clear downbeat on each beat, regular subdivision of 4', 'uncertainties': []}, {'id': 8, 'text': 'bright brass timbre', 'category': 'instrumentation', 'confidence': 0.9, 'reasoning': 'trumpet and trombone lead melody with clear attack and sustain', 'uncertainties': []}, {'id': 9, 'text': 'simple drum kit', 'category': 'instrumentation', 'confidence': 0.8, 'reasoning': 'kick, snare, hi-hat in a basic rock pattern', 'uncertainties': []}, {'id': 10, 'text': 'steady bass line', 'category': 'instrumentation', 'confidence': 0.8, 'reasoning': 'electric bass playing root notes on each beat', 'uncertainties': []}, {'id': 11, 'text': 'clean electric guitar', 'category': 'instrumentation', 'confidence': 0.8, 'reasoning': 'strummed chords with slight overdrive, rhythmically locked to drums', 'uncertainties': []}, {'id': 12, 'text': 'minimal synth pad', 'category': 'instrumentation', 'confidence': 0.5, 'reasoning': 'subtle background pad providing harmonic support', 'uncertainties': []}], 'signatureRelations': [{'id': 1, 'text': 'brass lead melody', 'supportRefs': [2, 3], 'confidence': 0.8, 'reasoning': 'trumpet and trombone carry the main melodic line', 'uncertainties': []}, {'id': 2, 'text': 'drum groove', 'supportRefs': [4, 7], 'confidence': 0.7, 'reasoning': 'steady kick-snare pattern with hi-hat subdivision', 'uncertainties': []}, {'id': 3, 'text': 'bass foundation', 'supportRefs': [5, 8], 'confidence': 0.7, 'reasoning': 'electric bass outlines root notes, reinforcing the harmonic base', 'uncertainties': []}, {'id': 4, 'text': 'guitar rhythm', 'supportRefs': [6, 9], 'confidence': 0.6, 'reasoning': 'clean guitar strums chords, adding rhythmic texture', 'uncertainties': []}, {'id': 5, 'text': 'synth pad texture', 'supportRefs': [7, 10], 'confidence': 0.5, 'reasoning': 'subtle pad fills the harmonic space without drawing focus', 'uncertainties': []}], 'styleCues': [{'id': 1, 'text': 'brass-driven melody', 'confidence': 0.8, 'supportRefs': [2, 3]}, {'id': 2, 'text': 'clean guitar rhythm', 'confidence': 0.6, 'supportRefs': [6, 9]}, {'id': 3, 'text': 'minimal synth pad', '
[Music Flamingo] SANITIZED PACKET SENT TO MUSIC SHOWER (max 6000 chars)
{
  "audibleObservations": [
    {
      "text": "steady 4/4 pulse",
      "category": "rhythm",
      "confidence": 0.9,
      "reasoningHints": "clear downbeat on each beat regular subdivision of 4",
      "id": "1"
    },
    {
      "text": "bright brass timbre",
      "category": "instrumentation",
      "confidence": 0.9,
      "reasoningHints": "trumpet and trombone lead melody with clear attack and sustain",
      "id": "2"
    },
    {
      "text": "simple drum kit",
      "category": "instrumentation",
      "confidence": 0.8,
      "reasoningHints": "kick snare hi-hat in a basic rock pattern",
      "id": "3"
    },
    {
      "text": "steady bass line",
      "category": "instrumentation",
      "confidence": 0.8,
      "reasoningHints": "electric bass playing root notes on each beat",
      "id": "4"
    },
    {
      "text": "clean electric guitar",
      "category": "instrumentation",
      "confidence": 0.8,
      "reasoningHints": "strummed chords with slight overdrive rhythmically locked to drums",
      "id": "5"
    },
    {
      "text": "minimal synth pad",
      "category": "instrumentation",
      "confidence": 0.5,
      "reasoningHints": "subtle background pad providing harmonic support",
      "id": "6"
    }
  ],
  "signatureRelations": [
    {
      "text": "brass lead melody",
      "confidence": 0.8,
      "reasoningHints": "trumpet and trombone carry the main melodic line",
      "supportRefs": [
        "2",
        "3"
      ],
      "id": "1"
    },
    {
      "text": "drum groove",
      "confidence": 0.7,
      "reasoningHints": "steady kick-snare pattern with hi-hat subdivision",
      "supportRefs": [
        "4",
        "7"
      ],
      "id": "2"
    },
    {
      "text": "bass foundation",
      "confidence": 0.7,
      "reasoningHints": "electric bass outlines root notes reinforcing the harmonic base",
      "supportRefs": [
        "5",
        "8"
      ],
      "id": "3"
    },
    {
      "text": "guitar rhythm",
      "confidence": 0.6,
      "reasoningHints": "clean guitar strums chords adding rhythmic texture",
      "supportRefs": [
        "6",
        "9"
      ],
      "id": "4"
    }
  ],
  "styleCues": [
    {
      "text": "brass-driven melody",
      "confidence": 0.8,
      "reasoningHints": "",
      "supportRefs": [
        "2",
        "3"
      ],
      "id": "1"
    },
    {
      "text": "clean guitar rhythm",
      "confidence": 0.6,
      "reasoningHints": "",
      "supportRefs": [
        "6",
        "9"
      ],
      "id": "2"
    },
    {
      "text": "minimal synth pad",
      "confidence": 0.6,
      "reasoningHints": "",
      "supportRefs": [],
      "id": "3"
    }
  ],
  "uncertainties": [],
  "genreHypotheses": [],
  "aestheticConcepts": [],
  "impressions": [],
  "contextHypotheses": [],
  "packetDiagnostics": {
    "rawItemCount": 20,
    "acceptedConceptCount": 13,
    "duplicateOrRejectedCount": 7,
    "quarantinedCount": 0,
    "fieldCounts": {
      "audibleObservations": 6,
      "signatureRelations": 4,
      "styleCues": 3,
      "genreHypotheses": 0,
      "contextHypotheses": 0,
      "aestheticConcepts": 0,
      "impressions": 0
    }
  }
}
[Music Flamingo] END PACKET

Inference complete in 114.3s. Packet parsed: ['audibleObservations', 'signatureRelations', 'styleCues', 'uncertainties', 'genreHypotheses', 'aestheticConcepts', 'impressions', 'contextHypotheses', 'packetDiagnostics']
Running Flamingo structured deep-listening inference...
[Music Flamingo] input tokens=1981; generation budget=1024
[Music Flamingo] NOTE: fewer items than the model sent: audibleObservations 21->8

[Music Flamingo] RAW MODEL RESPONSE (max 6000 chars)
{'audibleObservations': [{'id': 1, 'text': 'steady 4/4 pulse', 'category': 'rhythm', 'confidence': 0.9, 'reasoning': 'clear downbeat on each beat, regular subdivision of 4 quarter notes'}, {'id': 2, 'text': 'bright brass timbre', 'category': 'instrumentation', 'confidence': 0.9, 'reasoning': 'trumpet and trombone lead melody with clear, resonant attack and sustain'}, {'id': 3, 'text': 'simple diatonic harmony', 'category': 'harmony', 'confidence': 0.9, 'reasoning': 'major chord progressions with occasional minor chords, typical of folk or marching band music'}, {'id': 4, 'text': 'steady bass line', 'category': 'bass', 'confidence': 0.9, 'reasoning': 'clear, rhythmic bass notes on each beat, supporting the melody'}, {'id': 5, 'text': 'minimal percussion', 'category': 'percussion', 'confidence': 0.8, 'reasoning': 'light drum hits on downbeats, no complex rhythmic layer'}, {'id': 6, 'text': 'clear melodic phrasing', 'category': 'melody', 'confidence': 0.9, 'reasoning': 'trumpet and trombone play a singable, stepwise melody with occasional leaps'}, {'id': 7, 'text': 'simple chordal accompaniment', 'category': 'harmony', 'confidence': 0.8, 'reasoning': 'trombone provides harmonic support with basic triads and occasional seventh chords'}, {'id': 8, 'text': 'steady tempo', 'category': 'tempo', 'confidence': 0.9, 'reasoning': 'consistent beat rate throughout the segment, no tempo changes'}, {'id': 9, 'text': 'bright, open sound', 'category': 'production', 'confidence': 0.8, 'reasoning': 'clear, unprocessed recording with natural room ambience and balanced stereo placement'}, {'id': 10, 'text': 'no vocal presence', 'category': 'vocals', 'confidence': 1.0, 'reasoning': 'no singing or spoken parts detected'}, {'id': 11, 'text': 'instrumental ensemble', 'category': 'arrangement', 'confidence': 0.9, 'reasoning': 'trumpet, trombone, bass, and light percussion play together in a single melodic line'}, {'id': 12, 'text': 'simple diatonic progression', 'category': 'harmony', 'confidence': 0.9, 'reasoning': 'major chords dominate, with occasional minor chords that add a modest sense of tension and release'}, {'id': 13, 'text': 'steady bass rhythm', 'category': 'bass', 'confidence': 0.9, 'reasoning': 'bass notes follow the root of each chord, reinforcing the harmonic foundation'}, {'id': 14, 'text': 'light drum accentuation', 'category': 'percussion', 'confidence': 0.8, 'reasoning': 'drums emphasize the downbeat and occasional backbeat, keeping the groove grounded'}, {'id': 15, 'text': 'bright brass timbre', 'category': 'instrumentation', 'confidence': 0.9, 'reasoning': 'trumpet and trombone lead melody with clear, resonant attack and sustain'}, {'id': 16, 'text': 'simple chordal accompaniment', 'category': 'harmony', 'confidence': 0.8, 'reasoning': 'trombone provides harmonic support with basic triads and occasional seventh chords'}, {'id': 17, 'text': 'steady tempo', 'category': 'tempo', 'confidence': 0.9, 'reasoning': 'consistent beat rate throughout the segment, no tempo changes'}, {'id': 18, 'text': 'bright, open sound', 'category': 'production', 'confidence': 0.8, 'reasoning': 'clear, unprocessed recording with natural room ambience and balanced stereo placement'}, {'id': 19, 'text': 'no vocal presence', 'category': 'vocals', 'confidence': 1.0, 'reasoning': 'no singing or spoken parts detected'}, {'id': 20, 'text': 'instrumental ensemble', 'category': 'arrangement', 'confidence': 0.9, 'reasoning': 'trumpet, trombone, bass, and light percussion play together in a single melodic line'}, {'id': 21, 'text': '
[Music Flamingo] SANITIZED PACKET SENT TO MUSIC SHOWER (max 6000 chars)
{
  "audibleObservations": [
    {
      "text": "steady 4/4 pulse",
      "category": "rhythm",
      "confidence": 0.9,
      "reasoningHints": "clear downbeat on each beat regular subdivision of 4 quarter notes",
      "id": "1"
    },
    {
      "text": "bright brass timbre",
      "category": "instrumentation",
      "confidence": 0.9,
      "reasoningHints": "trumpet and trombone lead melody with clear resonant attack and sustain",
      "id": "2"
    },
    {
      "text": "simple diatonic harmony",
      "category": "arrangement",
      "confidence": 0.9,
      "reasoningHints": "major chord progressions with occasional minor chords typical of folk or",
      "sourceCategory": "harmony",
      "id": "3"
    },
    {
      "text": "steady bass line",
      "category": "instrumentation",
      "confidence": 0.9,
      "reasoningHints": "clear rhythmic bass notes on each beat supporting the melody",
      "sourceCategory": "bass",
      "id": "4"
    },
    {
      "text": "minimal percussion",
      "category": "rhythm",
      "confidence": 0.8,
      "reasoningHints": "light drum hits on downbeats no complex rhythmic layer",
      "sourceCategory": "percussion",
      "id": "5"
    },
    {
      "text": "clear melodic phrasing",
      "category": "arrangement",
      "confidence": 0.9,
      "reasoningHints": "trumpet and trombone play a singable stepwise melody with occasional",
      "sourceCategory": "melody",
      "id": "6"
    },
    {
      "text": "steady tempo",
      "category": "rhythm",
      "confidence": 0.9,
      "reasoningHints": "consistent beat rate throughout the segment no tempo changes",
      "sourceCategory": "tempo",
      "id": "8"
    },
    {
      "text": "bright open sound",
      "category": "production",
      "confidence": 0.8,
      "reasoningHints": "clear unprocessed recording with natural room ambience and balanced",
      "id": "9"
    }
  ],
  "signatureRelations": [],
  "styleCues": [],
  "uncertainties": [],
  "genreHypotheses": [],
  "aestheticConcepts": [],
  "impressions": [],
  "contextHypotheses": [],
  "packetDiagnostics": {
    "rawItemCount": 21,
    "acceptedConceptCount": 8,
    "duplicateOrRejectedCount": 13,
    "quarantinedCount": 0,
    "fieldCounts": {
      "audibleObservations": 8,
      "signatureRelations": 0,
      "styleCues": 0,
      "genreHypotheses": 0,
      "contextHypotheses": 0,
      "aestheticConcepts": 0,
      "impressions": 0
    }
  }
}
[Music Flamingo] END PACKET

Inference complete in 105.3s. Packet parsed: ['audibleObservations', 'signatureRelations', 'styleCues', 'uncertainties', 'genreHypotheses', 'aestheticConcepts', 'impressions', 'contextHypotheses', 'packetDiagnostics']
Running Flamingo structured deep-listening inference (first impression)...
[Music Flamingo] input tokens=762; generation budget=256

[Music Flamingo] RAW MODEL RESPONSE (max 6000 chars)
{'audibleObservations': [{'id': 1, 'text': 'steady drum beat', 'category': 'rhythm', 'confidence': 0.95}, {'id': 2, 'text': 'simple drum pattern', 'category': 'instrumentation', 'confidence': 0.95}, {'id': 3, 'text': 'minimalist percussion', 'category': 'arrangement', 'confidence': 0.95}], 'signatureRelations': [{'id': 1, 'text': 'drum-focused arrangement', 'supportRefs': [1, 2], 'confidence': 0.95}], 'uncertainties': ['no vocals', 'no harmonic content'], 'genreHypotheses': [{'label': 'percussion practice', 'confidence': 0.7}, {'label': 'minimalist drum study', 'confidence': 0.7}], 'aestheticConcepts': ['steady pulse', 'focused rhythm'], 'impressions': ['calm', 'controlled']}
[Music Flamingo] SANITIZED PACKET SENT TO MUSIC SHOWER (max 6000 chars)
{
  "audibleObservations": [
    {
      "text": "steady drum beat",
      "category": "rhythm",
      "confidence": 0.95,
      "reasoningHints": "",
      "id": "1"
    },
    {
      "text": "simple drum pattern",
      "category": "instrumentation",
      "confidence": 0.95,
      "reasoningHints": "",
      "id": "2"
    },
    {
      "text": "minimalist percussion",
      "category": "arrangement",
      "confidence": 0.95,
      "reasoningHints": "",
      "id": "3"
    }
  ],
  "signatureRelations": [
    {
      "text": "drum-focused arrangement",
      "confidence": 0.95,
      "reasoningHints": "",
      "supportRefs": [
        "1",
        "2"
      ],
      "id": "1"
    }
  ],
  "styleCues": [],
  "uncertainties": [
    "no vocals",
    "no harmonic content"
  ],
  "genreHypotheses": [
    {
      "label": "percussion practice",
      "confidence": 0.48,
      "reasoningHints": "",
      "supportRefs": [],
      "id": "g1",
      "provisional": true
    },
    {
      "label": "minimalist drum study",
      "confidence": 0.48,
      "reasoningHints": "",
      "supportRefs": [],
      "id": "g2",
      "provisional": true
    }
  ],
  "aestheticConcepts": [
    {
      "text": "steady pulse",
      "confidence": 0.62,
      "reasoningHints": "",
      "supportRefs": []
    },
    {
      "text": "focused rhythm",
      "confidence": 0.62,
      "reasoningHints": "",
      "supportRefs": []
    }
  ],
  "impressions": [
    {
      "text": "calm",
      "confidence": 0.6,
      "reasoningHints": "",
      "supportRefs": []
    },
    {
      "text": "controlled",
      "confidence": 0.6,
      "reasoningHints": "",
      "supportRefs": []
    }
  ],
  "contextHypotheses": [],
  "packetDiagnostics": {
    "rawItemCount": 10,
    "acceptedConceptCount": 10,
    "duplicateOrRejectedCount": 0,
    "quarantinedCount": 0,
    "fieldCounts": {
      "audibleObservations": 3,
      "signatureRelations": 1,
      "styleCues": 0,
      "genreHypotheses": 2,
      "contextHypotheses": 0,
      "aestheticConcepts": 2,
      "impressions": 2
    }
  }
}
[Music Flamingo] END PACKET

Inference complete in 24.4s. Packet parsed: ['audibleObservations', 'signatureRelations', 'styleCues', 'uncertainties', 'genreHypotheses', 'aestheticConcepts', 'impressions', 'contextHypotheses', 'packetDiagnostics']
Running Flamingo structured deep-listening inference...
[Music Flamingo] input tokens=1980; generation budget=1024
[Music Flamingo] NOTE: fewer items than the model sent: audibleObservations 24->8

[Music Flamingo] RAW MODEL RESPONSE (max 6000 chars)
{'audibleObservations': [{'id': 1, 'text': 'steady 4/4 pulse', 'category': 'rhythm', 'confidence': 0.9, 'reasoning': 'clear, consistent downbeat on every beat'}, {'id': 2, 'text': 'tight, punchy kick drum', 'category': 'instrumentation', 'confidence': 0.8, 'reasoning': 'strong low‑end thump with clear attack'}, {'id': 3, 'text': 'snappy snare on 2 and 4', 'category': 'instrumentation', 'confidence': 0.8, 'reasoning': 'sharp, short decay on backbeats'}, {'id': 4, 'text': 'steady hi‑hat pattern', 'category': 'instrumentation', 'confidence': 0.8, 'reasoning': 'continuous closed hi‑hat with subtle open accents'}, {'id': 5, 'text': 'simple, repetitive bassline', 'category': 'instrumentation', 'confidence': 0.7, 'reasoning': 'one‑note or two‑note pattern that locks with kick'}, {'id': 6, 'text': 'minimal harmonic content', 'category': 'arrangement', 'confidence': 0.6, 'reasoning': 'no chord changes, static tonal center'}, {'id': 7, 'text': 'clean, dry mix', 'category': 'production', 'confidence': 0.8, 'reasoning': 'little reverb or delay, focus on rhythmic clarity'}, {'id': 8, 'text': 'consistent volume level', 'category': 'dynamics', 'confidence': 0.9, 'reasoning': 'no noticeable crescendos or drops'}, {'id': 9, 'text': 'no vocal presence', 'category': 'performance', 'confidence': 1.0, 'reasoning': 'purely instrumental'}, {'id': 10, 'text': 'loop‑based structure', 'category': 'arrangement', 'confidence': 0.7, 'reasoning': 'repeating 8‑measure cell with slight variations'}, {'id': 11, 'text': 'steady groove', 'category': 'rhythm', 'confidence': 0.9, 'reasoning': 'unvarying pulse throughout'}, {'id': 12, 'text': 'tight drum‑bass lock', 'category': 'instrumentation', 'confidence': 0.8, 'reasoning': 'kick and snare align on every beat'}, {'id': 13, 'text': 'minimal melodic content', 'category': 'arrangement', 'confidence': 0.6, 'reasoning': 'no lead synth or guitar lines'}, {'id': 14, 'text': 'clean, dry mix', 'category': 'production', 'confidence': 0.8, 'reasoning': 'focus on rhythmic elements without heavy processing'}, {'id': 15, 'text': 'consistent volume level', 'category': 'dynamics', 'confidence': 0.9, 'reasoning': 'no noticeable dynamic shifts'}, {'id': 16, 'text': 'no vocal presence', 'category': 'performance', 'confidence': 1.0, 'reasoning': 'purely instrumental'}, {'id': 17, 'text': 'loop‑based structure', 'category': 'arrangement', 'confidence': 0.7, 'reasoning': 'repeating 8‑measure cell with slight variations'}, {'id': 18, 'text': 'steady groove', 'category': 'rhythm', 'confidence': 0.9, 'reasoning': 'unvarying pulse throughout'}, {'id': 19, 'text': 'tight drum‑bass lock', 'category': 'instrumentation', 'confidence': 0.8, 'reasoning': 'kick and snare align on every beat'}, {'id': 20, 'text': 'minimal melodic content', 'category': 'arrangement', 'confidence': 0.6, 'reasoning': 'no lead synth or guitar lines'}, {'id': 21, 'text': 'clean, dry mix', 'category': 'production', 'confidence': 0.8, 'reasoning': 'focus on rhythmic clarity without heavy processing'}, {'id': 22, 'text': 'consistent volume level', 'category': 'dynamics', 'confidence': 0.9, 'reasoning': 'no noticeable dynamic shifts'}, {'id': 23, 'text': 'no vocal presence', 'category': 'performance', 'confidence': 1.0, 'reasoning': 'purely instrumental'}, {'id': 24, 'text': 'loop‑based
[Music Flamingo] SANITIZED PACKET SENT TO MUSIC SHOWER (max 6000 chars)
{
  "audibleObservations": [
    {
      "text": "steady 4/4 pulse",
      "category": "rhythm",
      "confidence": 0.9,
      "reasoningHints": "clear consistent downbeat on every beat",
      "id": "1"
    },
    {
      "text": "tight punchy kick drum",
      "category": "instrumentation",
      "confidence": 0.8,
      "reasoningHints": "strong low‑end thump with clear attack",
      "id": "2"
    },
    {
      "text": "minimal harmonic content",
      "category": "arrangement",
      "confidence": 0.6,
      "reasoningHints": "no chord changes static tonal center",
      "id": "6"
    },
    {
      "text": "clean dry mix",
      "category": "production",
      "confidence": 0.8,
      "reasoningHints": "little reverb or delay focus on rhythmic clarity",
      "id": "7"
    },
    {
      "text": "consistent volume level",
      "category": "dynamics",
      "confidence": 0.9,
      "reasoningHints": "no noticeable crescendos or drops",
      "id": "8"
    },
    {
      "text": "no vocal presence",
      "category": "performance",
      "confidence": 1.0,
      "reasoningHints": "purely instrumental",
      "id": "9"
    },
    {
      "text": "snappy snare on 2 and 4",
      "category": "instrumentation",
      "confidence": 0.8,
      "reasoningHints": "sharp short decay on backbeats",
      "id": "3"
    },
    {
      "text": "loop‑based structure",
      "category": "arrangement",
      "confidence": 0.7,
      "reasoningHints": "repeating 8‑measure cell with slight variations",
      "id": "10"
    }
  ],
  "signatureRelations": [],
  "styleCues": [],
  "uncertainties": [],
  "genreHypotheses": [],
  "aestheticConcepts": [],
  "impressions": [],
  "contextHypotheses": [],
  "packetDiagnostics": {
    "rawItemCount": 24,
    "acceptedConceptCount": 8,
    "duplicateOrRejectedCount": 16,
    "quarantinedCount": 0,
    "fieldCounts": {
      "audibleObservations": 8,
      "signatureRelations": 0,
      "styleCues": 0,
      "genreHypotheses": 0,
      "contextHypotheses": 0,
      "aestheticConcepts": 0,
      "impressions": 0
    }
  }
}
[Music Flamingo] END PACKET

Inference complete in 109.9s. Packet parsed: ['audibleObservations', 'signatureRelations', 'styleCues', 'uncertainties', 'genreHypotheses', 'aestheticConcepts', 'impressions', 'contextHypotheses', 'packetDiagnostics']
Running Flamingo structured deep-listening inference...
[Music Flamingo] input tokens=1981; generation budget=1024

[Music Flamingo] RAW MODEL RESPONSE (max 6000 chars)
{'audibleObservations': [{'id': 1, 'text': 'steady 4/4 pulse', 'category': 'rhythm', 'confidence': 0.9, 'reasoning': 'clear, consistent downbeat on every beat'}, {'id': 2, 'text': 'tight, punchy kick drum', 'category': 'instrumentation', 'confidence': 0.8, 'reasoning': 'strong low‑end thump with clear attack and short decay'}, {'id': 3, 'text': 'snappy snare on 2 and 4', 'category': 'instrumentation', 'confidence': 0.8, 'reasoning': 'sharp, short‑decay snare hits on the backbeat.'}, {'id': 4, 'text': 'steady hi‑hat pattern', 'category': 'instrumentation', 'confidence': 0.8, 'reasoning': 'continuous closed hi‑hat with occasional open accents.'}, {'id': 5, 'text': 'simple, repetitive bassline', 'category': 'instrumentation', 'confidence': 0.7, 'reasoning': 'one‑note or two‑note pattern that locks with the kick.'}, {'id': 6, 'text': 'minimal harmonic content', 'category': 'arrangement', 'confidence': 0.6, 'reasoning': 'no chord changes or melodic development; focus on groove.'}, {'id': 7, 'text': 'clean, dry mix', 'category': 'production', 'confidence': 0.8, 'reasoning': 'clear separation of each drum element, little reverb or ambience.'}, {'id': 8, 'text': 'consistent volume levels', 'category': 'dynamics', 'confidence': 0.9, 'reasoning': 'no noticeable dynamic shifts; level stays steady throughout.'}], 'signatureRelations': [{'id': 1, 'text': 'kick and snare lock in a classic backbeat', 'category': 'rhythm', 'confidence': 0.8, 'reasoning': 'kick on 1 and 3, snare on 2 and 4.'}, {'id': 2, 'text': 'hi‑hat provides steady subdivision', 'category': 'rhythm', 'confidence': 0.7, 'reasoning': 'continuous 16th‑note pattern with occasional open hi‑hat accents.'}, {'id': 3, 'text': 'bassline underpins the groove', 'category': 'instrumentation', 'confidence': 0.6, 'reasoning': 'simple, repetitive low‑frequency pattern that reinforces the pulse.'}, {'id': 4, 'text': 'drums and bass form a tight rhythmic unit', 'category': 'arrangement', 'confidence': 0.8, 'reasoning': 'no melodic or harmonic elements; focus on groove.'}], 'styleCues': [{'id': 1, 'text': 'minimalist drum‑machine pattern', 'category': 'rhythm', 'confidence': 0.7, 'reasoning': 'steady 4/4 pulse with no syncopation or swing.'}, {'id': 2, 'text': 'clean, dry production', 'category': 'production', 'confidence': 0.6, 'reasoning': 'clear separation of each drum element, little reverb or ambience.'}], 'uncertainties': ['no melodic content', 'no vocal presence'], 'genreHypotheses': [{'label': 'minimal techno', 'confidence': 0.4, 'supportRefs': [1, 2, 3, 4, 5, 6, 7, 8], 'reasoning': 'steady 4/4 pulse, kick‑snare backbeat, minimal harmonic content, clean dry mix.'}, {'label': 'tech house', 'confidence': 0.3, 'supportRefs': [1, 2, 3, 4, 5, 6, 7, 8], 'reasoning': 'steady 4/4 pulse, kick‑snare backbeat, minimal harmonic content, clean dry mix.'}], 'aestheticConcepts': [{'text': 'mechanical precision', 'confidence': 0.6, 'supportRefs': [1, 2, 3, 4, 5, 6, 7, 8], 'reasoning': 'repetitive, unvarying rhythm and texture create a machine‑like feel.'}, {'text': 'hypnotic repetition', 'confidence': 0.5, 'supportRefs': [1, 2, 3, 4, 5, 6, 7, 8], 'reasoning': 'steady pulse and lack of melodic change induce a trance‑like
[Music Flamingo] SANITIZED PACKET SENT TO MUSIC SHOWER (max 6000 chars)
{
  "audibleObservations": [
    {
      "text": "steady 4/4 pulse",
      "category": "rhythm",
      "confidence": 0.9,
      "reasoningHints": "clear consistent downbeat on every beat",
      "id": "1"
    },
    {
      "text": "tight punchy kick drum",
      "category": "instrumentation",
      "confidence": 0.8,
      "reasoningHints": "strong low‑end thump with clear attack and short decay",
      "id": "2"
    },
    {
      "text": "minimal harmonic content",
      "category": "arrangement",
      "confidence": 0.6,
      "reasoningHints": "no chord changes or melodic development focus on groove.",
      "id": "6"
    },
    {
      "text": "clean dry mix",
      "category": "production",
      "confidence": 0.8,
      "reasoningHints": "clear separation of each drum element little reverb or ambience.",
      "id": "7"
    },
    {
      "text": "consistent volume levels",
      "category": "dynamics",
      "confidence": 0.9,
      "reasoningHints": "no noticeable dynamic shifts level stays steady throughout.",
      "id": "8"
    },
    {
      "text": "snappy snare on 2 and 4",
      "category": "instrumentation",
      "confidence": 0.8,
      "reasoningHints": "sharp short‑decay snare hits on the backbeat.",
      "id": "3"
    },
    {
      "text": "steady hi‑hat pattern",
      "category": "instrumentation",
      "confidence": 0.8,
      "reasoningHints": "continuous closed hi‑hat with occasional open accents.",
      "id": "4"
    },
    {
      "text": "simple repetitive bassline",
      "category": "instrumentation",
      "confidence": 0.7,
      "reasoningHints": "one‑note or two‑note pattern that locks with the kick.",
      "id": "5"
    }
  ],
  "signatureRelations": [
    {
      "text": "kick and snare lock in a classic backbeat",
      "confidence": 0.8,
      "reasoningHints": "kick on 1 and 3 snare on 2 and 4.",
      "supportRefs": [],
      "id": "1"
    },
    {
      "text": "hi‑hat provides steady subdivision",
      "confidence": 0.7,
      "reasoningHints": "continuous 16th‑note pattern with occasional open hi‑hat accents.",
      "supportRefs": [],
      "id": "2"
    },
    {
      "text": "bassline underpins the groove",
      "confidence": 0.6,
      "reasoningHints": "simple repetitive low‑frequency pattern that reinforces the pulse.",
      "supportRefs": [],
      "id": "3"
    },
    {
      "text": "drums and bass form a tight rhythmic unit",
      "confidence": 0.8,
      "reasoningHints": "no melodic or harmonic elements focus on groove.",
      "supportRefs": [],
      "id": "4"
    }
  ],
  "styleCues": [
    {
      "text": "minimalist drum‑machine pattern",
      "confidence": 0.7,
      "reasoningHints": "steady 4/4 pulse with no syncopation or swing.",
      "supportRefs": [],
      "id": "1"
    },
    {
      "text": "clean dry production",
      "confidence": 0.6,
      "reasoningHints": "clear separation of each drum element little reverb or ambience.",
      "supportRefs": [],
      "id": "2"
    }
  ],
  "uncertainties": [
    "no melodic content",
    "no vocal presence"
  ],
  "genreHypotheses": [
    {
      "label": "minimal techno",
      "confidence": 0.4,
      "reasoningHints": "steady 4/4 pulse kick‑snare backbeat minimal harmonic content clean dry",
      "supportRefs": [
        "1",
        "2",
        "3",
        "4",
        "5",
        "6",
        "7",
        "8"
      ],
      "id": "g1"
    },
    {
      "label": "tech house",
      "confidence": 0.3,
      "reasoningHints": "steady 4/4 pulse kick‑snare backbeat minimal harmonic content clean dry",
      "supportRefs": [
        "1",
        "2",
        "3",
        "4",
        "5",
        "6",
        "7",
        "8"
      ],
      "id": "g2"
    }
  ],
  "aestheticConcepts": [
    {
      "text": "mechanical precision",
      "confidence": 0.6,
      "reasoningHints": "repetitive unvarying rhythm and texture create a machine‑like feel.",
      "supportRefs": [
        "1",
        "2",
        "3",
        "4",
        "5",
        "6",
        "7",
        "8"
      ]
    },
    {
      "text": "hypnotic repetition",
      "confidence": 0.5,
      "reasoningHints": "",
      "supportRefs": [
        "1",
        "2",
        "3",
        "4",
        "5",
        "6",
        "7",
        "8"
      ]
    }
  ],
  "impressions": [],
  "contextHypotheses": [],
  "packetDiagnostics": {
    "rawItemCount": 18,
    "acceptedConceptCount": 18,
    "duplicateOrRejectedCount": 0,
    "quarantinedCount": 0,
    "fieldCounts": {
      "audibleObservations": 8,
      "signatureRelations": 4,
      "styleCues": 2,
      "genreHypotheses": 2,
      "contextHypotheses": 0,
      "aestheticConcepts": 2,
      "impressions": 0
    }
  }
}
[Music Flamingo] END PACKET

Inference complete in 121.7s. Packet parsed: ['audibleObservations', 'signatureRelations', 'styleCues', 'uncertainties', 'genreHypotheses', 'aestheticConcepts', 'impressions', 'contextHypotheses', 'packetDiagnostics']
Running Flamingo structured deep-listening inference (first impression)...
[Music Flamingo] input tokens=762; generation budget=256

[Music Flamingo] RAW MODEL RESPONSE (max 6000 chars)
{'audibleObservations': [{'id': 1, 'text': 'instrumental music', 'category': 'instrumentation', 'confidence': 0.95}, {'id': 2, 'text': 'steady 4/4 rhythm', 'category': 'rhythm', 'confidence': 0.95}, {'id': 3, 'text': 'simple drum pattern', 'category': 'rhythm', 'confidence': 0.95}], 'signatureRelations': [{'id': 1, 'text': 'drum pattern supports steady rhythm', 'supportRefs': [2], 'confidence': 0.95}], 'uncertainties': ['no clear genre', 'no clear instrumentation beyond drums'], 'genreHypotheses': [{'label': 'instrumental', 'confidence': 0.95}, {'label': 'percussion-focused', 'confidence': 0.95}], 'aestheticConcepts': ['steady pulse', 'minimalist texture'], 'impressions': ['neutral mood', 'consistent energy']}
[Music Flamingo] SANITIZED PACKET SENT TO MUSIC SHOWER (max 6000 chars)
{
  "audibleObservations": [
    {
      "text": "instrumental music",
      "category": "instrumentation",
      "confidence": 0.95,
      "reasoningHints": "",
      "id": "1"
    },
    {
      "text": "steady 4/4 rhythm",
      "category": "rhythm",
      "confidence": 0.95,
      "reasoningHints": "",
      "id": "2"
    },
    {
      "text": "simple drum pattern",
      "category": "rhythm",
      "confidence": 0.95,
      "reasoningHints": "",
      "id": "3"
    }
  ],
  "signatureRelations": [
    {
      "text": "drum pattern supports steady rhythm",
      "confidence": 0.95,
      "reasoningHints": "",
      "supportRefs": [
        "2"
      ],
      "id": "1"
    }
  ],
  "styleCues": [],
  "uncertainties": [
    "no clear genre",
    "no clear instrumentation beyond drums"
  ],
  "genreHypotheses": [
    {
      "label": "instrumental",
      "confidence": 0.48,
      "reasoningHints": "",
      "supportRefs": [],
      "id": "g1",
      "provisional": true
    },
    {
      "label": "percussion-focused",
      "confidence": 0.48,
      "reasoningHints": "",
      "supportRefs": [],
      "id": "g2",
      "provisional": true
    }
  ],
  "aestheticConcepts": [
    {
      "text": "steady pulse",
      "confidence": 0.62,
      "reasoningHints": "",
      "supportRefs": []
    },
    {
      "text": "minimalist texture",
      "confidence": 0.62,
      "reasoningHints": "",
      "supportRefs": []
    }
  ],
  "impressions": [
    {
      "text": "neutral mood",
      "confidence": 0.6,
      "reasoningHints": "",
      "supportRefs": []
    },
    {
      "text": "consistent energy",
      "confidence": 0.6,
      "reasoningHints": "",
      "supportRefs": []
    }
  ],
  "contextHypotheses": [],
  "packetDiagnostics": {
    "rawItemCount": 10,
    "acceptedConceptCount": 10,
    "duplicateOrRejectedCount": 0,
    "quarantinedCount": 0,
    "fieldCounts": {
      "audibleObservations": 3,
      "signatureRelations": 1,
      "styleCues": 0,
      "genreHypotheses": 2,
      "contextHypotheses": 0,
      "aestheticConcepts": 2,
      "impressions": 2
    }
  }
}
[Music Flamingo] END PACKET

Inference complete in 23.6s. Packet parsed: ['audibleObservations', 'signatureRelations', 'styleCues', 'uncertainties', 'genreHypotheses', 'aestheticConcepts', 'impressions', 'contextHypotheses', 'packetDiagnostics']
Running Flamingo structured deep-listening inference...
[Music Flamingo] input tokens=1980; generation budget=1024

[Music Flamingo] RAW MODEL RESPONSE (max 6000 chars)
{'audibleObservations': [{'id': 1, 'text': 'steady 4/4 pulse', 'category': 'rhythm', 'confidence': 0.9, 'reasoning': 'clear, consistent downbeat on every beat'}, {'id': 2, 'text': 'synth bass with long decay', 'category': 'instrumentation', 'confidence': 0.8, 'reasoning': 'low, sustained tone that follows the root of the chord progression.'}, {'id': 3, 'text': 'minimal drum pattern', 'category': 'instrumentation', 'confidence': 0.7, 'reasoning': 'simple kick/snare pattern with little variation.'}, {'id': 4, 'text': 'repetitive chord loop', 'category': 'arrangement', 'confidence': 0.9, 'reasoning': 'the same four chords repeat throughout the segment.'}, {'id': 5, 'text': 'dry, unprocessed mix', 'category': 'production', 'confidence': 0.6, 'reasoning': 'little reverb or delay, giving a close, intimate feel.'}], 'signatureRelations': [{'id': 1, 'text': 'bass and drums lock in tight groove', 'supportRefs': [1, 2, 3], 'confidence': 0.8, 'reasoning': 'the bass and drum pattern reinforce each other, creating a solid rhythmic foundation.'}, {'id': 2, 'text': 'synth bass sustains under chord changes', 'supportRefs': [2, 4], 'confidence': 0.7, 'reasoning': 'the bass note holds through the chord changes, emphasizing the harmonic movement.'}], 'styleCues': [{'id': 1, 'text': 'minimalist electronic texture', 'confidence': 0.5, 'supportRefs': [1, 2, 3, 4]}, {'id': 2, 'text': 'dry production aesthetic', 'confidence': 0.4, 'supportRefs': [4]}, {'id': 3, 'text': 'simple drum machine pattern', 'confidence': 0.6, 'supportRefs': [3]}], 'uncertainties': ['instrument identity ambiguous'], 'genreHypotheses': [{'label': 'ambient electronic', 'confidence': 0.3, 'supportRefs': [1, 2, 3, 4]}, {'label': 'minimal techno', 'confidence': 0.2, 'supportRefs': [1, 2, 3, 4]}], 'aestheticConcepts': [{'text': 'minimalist', 'confidence': 0.7, 'supportRefs': [1, 2, 3, 4]}, {'text': 'introspective', 'confidence': 0.5, 'supportRefs': [4]}], 'impressions': [{'text': 'calm', 'confidence': 0.6, 'supportRefs': [1, 2, 3, 4]}, {'text': 'steady', 'confidence': 0.8, 'supportRefs': [1, 2, 3, 4]}], 'contextHypotheses': [{'text': 'contemporary electronic', 'category': 'scene', 'confidence': 0.4, 'supportRefs': [1, 2, 3, 4]}, {'text': 'post-pandemic minimalism', 'category': 'era', 'confidence': 0.3, 'supportRefs': [1, 2, 3, 4]}]}
[Music Flamingo] SANITIZED PACKET SENT TO MUSIC SHOWER (max 6000 chars)
{
  "audibleObservations": [
    {
      "text": "steady 4/4 pulse",
      "category": "rhythm",
      "confidence": 0.9,
      "reasoningHints": "clear consistent downbeat on every beat",
      "id": "1"
    },
    {
      "text": "synth bass with long decay",
      "category": "instrumentation",
      "confidence": 0.8,
      "reasoningHints": "low sustained tone that follows the root of the chord progression.",
      "id": "2"
    },
    {
      "text": "repetitive chord loop",
      "category": "arrangement",
      "confidence": 0.9,
      "reasoningHints": "the same four chords repeat throughout the segment.",
      "id": "4"
    },
    {
      "text": "dry unprocessed mix",
      "category": "production",
      "confidence": 0.6,
      "reasoningHints": "little reverb or delay giving a close intimate feel.",
      "id": "5"
    },
    {
      "text": "minimal drum pattern",
      "category": "instrumentation",
      "confidence": 0.7,
      "reasoningHints": "simple kick/snare pattern with little variation.",
      "id": "3"
    }
  ],
  "signatureRelations": [
    {
      "text": "bass and drums lock in tight groove",
      "confidence": 0.8,
      "reasoningHints": "the bass and drum pattern reinforce each other creating a solid rhythmic",
      "supportRefs": [
        "1",
        "2",
        "3"
      ],
      "id": "1"
    },
    {
      "text": "synth bass sustains under chord changes",
      "confidence": 0.7,
      "reasoningHints": "the bass note holds through the chord changes emphasizing the harmonic",
      "supportRefs": [
        "2",
        "4"
      ],
      "id": "2"
    }
  ],
  "styleCues": [
    {
      "text": "minimalist electronic texture",
      "confidence": 0.5,
      "reasoningHints": "",
      "supportRefs": [
        "1",
        "2",
        "3",
        "4"
      ],
      "id": "1"
    },
    {
      "text": "dry production aesthetic",
      "confidence": 0.4,
      "reasoningHints": "",
      "supportRefs": [
        "4"
      ],
      "id": "2"
    },
    {
      "text": "simple drum machine pattern",
      "confidence": 0.6,
      "reasoningHints": "",
      "supportRefs": [
        "3"
      ],
      "id": "3"
    }
  ],
  "uncertainties": [
    "instrument identity ambiguous"
  ],
  "genreHypotheses": [
    {
      "label": "ambient electronic",
      "confidence": 0.3,
      "reasoningHints": "",
      "supportRefs": [
        "1",
        "2",
        "3",
        "4"
      ],
      "id": "g1"
    },
    {
      "label": "minimal techno",
      "confidence": 0.2,
      "reasoningHints": "",
      "supportRefs": [
        "1",
        "2",
        "3",
        "4"
      ],
      "id": "g2"
    }
  ],
  "aestheticConcepts": [
    {
      "text": "minimalist",
      "confidence": 0.7,
      "reasoningHints": "",
      "supportRefs": [
        "1",
        "2",
        "3",
        "4"
      ]
    },
    {
      "text": "introspective",
      "confidence": 0.5,
      "reasoningHints": "",
      "supportRefs": [
        "4"
      ]
    }
  ],
  "impressions": [
    {
      "text": "calm",
      "confidence": 0.6,
      "reasoningHints": "",
      "supportRefs": [
        "1",
        "2",
        "3",
        "4"
      ]
    },
    {
      "text": "steady",
      "confidence": 0.8,
      "reasoningHints": "",
      "supportRefs": [
        "1",
        "2",
        "3",
        "4"
      ]
    }
  ],
  "contextHypotheses": [
    {
      "text": "contemporary electronic",
      "category": "scene",
      "confidence": 0.4,
      "reasoningHints": "",
      "supportRefs": [
        "1",
        "2",
        "3",
        "4"
      ]
    },
    {
      "text": "post-pandemic minimalism",
      "category": "era",
      "confidence": 0.3,
      "reasoningHints": "",
      "supportRefs": [
        "1",
        "2",
        "3",
        "4"
      ]
    }
  ],
  "packetDiagnostics": {
    "rawItemCount": 18,
    "acceptedConceptCount": 18,
    "duplicateOrRejectedCount": 0,
    "quarantinedCount": 0,
    "fieldCounts": {
      "audibleObservations": 5,
      "signatureRelations": 2,
      "styleCues": 3,
      "genreHypotheses": 2,
      "contextHypotheses": 2,
      "aestheticConcepts": 2,
      "impressions": 2
    }
  }
}
[Music Flamingo] END PACKET

Inference complete in 81.9s. Packet parsed: ['audibleObservations', 'signatureRelations', 'styleCues', 'uncertainties', 'genreHypotheses', 'aestheticConcepts', 'impressions', 'contextHypotheses', 'packetDiagnostics']
Running Flamingo structured deep-listening inference...
[Music Flamingo] input tokens=1981; generation budget=1024
Running Flamingo structured deep-listening inference (first impression)...

[Music Flamingo] RAW MODEL RESPONSE (max 6000 chars)
{'audibleObservations': [{'id': 1, 'text': 'steady 4/4 pulse', 'category': 'rhythm', 'confidence': 0.9, 'reasoning': 'clear, consistent downbeat on every beat'}, {'id': 2, 'text': 'synth bass with long decay', 'category': 'instrumentation', 'confidence': 0.8, 'reasoning': 'low, sustained tone that follows the root of the chord progression.'}, {'id': 3, 'text': 'electronic drum kit', 'category': 'instrumentation', 'confidence': 0.8, 'reasoning': 'punchy kick, crisp snare, and tight hi-hats typical of modern electronic production.'}, {'id': 4, 'text': 'repetitive chord loop', 'category': 'arrangement', 'confidence': 0.7, 'reasoning': 'a short sequence of chords repeats without variation, creating a hypnotic loop.'}, {'id': 5, 'text': 'minimal dynamic variation', 'category': 'dynamics', 'confidence': 0.6, 'reasoning': 'volume stays constant throughout the segment, with no noticeable crescendos or drops.'}], 'signatureRelations': [{'id': 1, 'text': 'drum pattern and bass lock in sync', 'category': 'rhythm', 'confidence': 0.8, 'reasoning': 'the kick drum and synth bass hit together on each downbeat, reinforcing the pulse.'}, {'id': 2, 'text': 'synth bass follows chord changes', 'category': 'instrumentation', 'confidence': 0.7, 'reasoning': 'the bass line moves stepwise to match the root notes of the chord loop.'}], 'styleCues': [{'id': 1, 'text': 'clean digital production', 'category': 'production', 'confidence': 0.6, 'reasoning': 'the mix is clear and balanced, with each element placed distinctly in the stereo field.'}, {'id': 2, 'text': 'repetitive loop structure', 'category': 'arrangement', 'confidence': 0.5, 'reasoning': 'the track relies on a looping pattern rather than a traditional verse-chorus form.'}], 'uncertainties': ['instrument identity ambiguous'], 'genreHypotheses': [{'label': 'ambient electronic', 'confidence': 0.4, 'supportRefs': [1, 2, 3, 4, 5], 'reasoning': 'the steady pulse, synth bass, and clean digital production are typical of ambient electronic music.'}, {'label': 'minimal techno', 'confidence': 0.3, 'supportRefs': [1, 2, 3, 4, 5], 'reasoning': 'the repetitive loop and lack of melodic development align with minimal techno aesthetics.'}], 'aestheticConcepts': [{'text': 'hypnotic', 'confidence': 0.6, 'supportRefs': [1, 4, 5], 'reasoning': 'the constant pulse and looping structure create a trance-like, immersive atmosphere.'}, {'text': 'minimalist', 'confidence': 0.5, 'supportRefs': [1, 3, 5], 'reasoning': 'the sparse arrangement and limited dynamic range emphasize a stripped-down, focused sound.'}], 'impressions': [{'text': 'calm', 'confidence': 0.4, 'supportRefs': [1, 5], 'reasoning': 'the steady rhythm and lack of aggressive elements suggest a soothing mood.'}, {'text': 'contemplative', 'confidence': 0.3, 'supportRefs': [1, 4], 'reasoning': 'the repetitive loop and minimal harmonic movement encourage introspection.'}], 'contextHypotheses': [{'text': 'modern digital production', 'category': 'era', 'confidence': 0.7, 'supportRefs': [1, 2, 3, 4, 5], 'reasoning': 'the clean, precise sound and loop-based structure are characteristic of contemporary electronic music.'}, {'text': 'ambient club setting', 'category': 'scene', 'confidence': 0.5, 'supportRefs': [1, 4, 5], 'reasoning': 'the hypnotic pulse and minimal arrangement make it suitable for background or meditative listening in a club environment.'}]
[Music Flamingo] SANITIZED PACKET SENT TO MUSIC SHOWER (max 6000 chars)
{
  "audibleObservations": [
    {
      "text": "steady 4/4 pulse",
      "category": "rhythm",
      "confidence": 0.9,
      "reasoningHints": "clear consistent downbeat on every beat",
      "id": "1"
    },
    {
      "text": "synth bass with long decay",
      "category": "instrumentation",
      "confidence": 0.8,
      "reasoningHints": "low sustained tone that follows the root of the chord progression.",
      "id": "2"
    },
    {
      "text": "repetitive chord loop",
      "category": "arrangement",
      "confidence": 0.7,
      "reasoningHints": "a short sequence of chords repeats without variation creating a hypnotic",
      "id": "4"
    },
    {
      "text": "minimal dynamic variation",
      "category": "dynamics",
      "confidence": 0.6,
      "reasoningHints": "volume stays constant throughout the segment with no noticeable",
      "id": "5"
    },
    {
      "text": "electronic drum kit",
      "category": "instrumentation",
      "confidence": 0.8,
      "reasoningHints": "punchy kick crisp snare and tight hi-hats typical of modern electronic",
      "id": "3"
    }
  ],
  "signatureRelations": [
    {
      "text": "drum pattern and bass lock in sync",
      "confidence": 0.8,
      "reasoningHints": "the kick drum and synth bass hit together on each downbeat reinforcing",
      "supportRefs": [],
      "id": "1"
    },
    {
      "text": "synth bass follows chord changes",
      "confidence": 0.7,
      "reasoningHints": "the bass line moves stepwise to match the root notes of the chord loop.",
      "supportRefs": [],
      "id": "2"
    }
  ],
  "styleCues": [
    {
      "text": "clean digital production",
      "confidence": 0.6,
      "reasoningHints": "the mix is clear and balanced with each element placed distinctly in the",
      "supportRefs": [],
      "id": "1"
    },
    {
      "text": "repetitive loop structure",
      "confidence": 0.5,
      "reasoningHints": "the track relies on a looping pattern rather than a traditional",
      "supportRefs": [],
      "id": "2"
    }
  ],
  "uncertainties": [
    "instrument identity ambiguous"
  ],
  "genreHypotheses": [
    {
      "label": "ambient electronic",
      "confidence": 0.4,
      "reasoningHints": "the steady pulse synth bass and clean digital production are typical of",
      "supportRefs": [
        "1",
        "2",
        "3",
        "4",
        "5"
      ],
      "id": "g1"
    },
    {
      "label": "minimal techno",
      "confidence": 0.3,
      "reasoningHints": "the repetitive loop and lack of melodic development align with minimal",
      "supportRefs": [
        "1",
        "2",
        "3",
        "4",
        "5"
      ],
      "id": "g2"
    }
  ],
  "aestheticConcepts": [
    {
      "text": "hypnotic",
      "confidence": 0.6,
      "reasoningHints": "the constant pulse and looping structure create a trance-like immersive",
      "supportRefs": [
        "1",
        "4",
        "5"
      ]
    },
    {
      "text": "minimalist",
      "confidence": 0.5,
      "reasoningHints": "the sparse arrangement and limited dynamic range emphasize a",
      "supportRefs": [
        "1",
        "3",
        "5"
      ]
    }
  ],
  "impressions": [
    {
      "text": "calm",
      "confidence": 0.4,
      "reasoningHints": "the steady rhythm and lack of aggressive elements suggest a soothing",
      "supportRefs": [
        "1",
        "5"
      ]
    },
    {
      "text": "contemplative",
      "confidence": 0.3,
      "reasoningHints": "the repetitive loop and minimal harmonic movement encourage",
      "supportRefs": [
        "1",
        "4"
      ]
    }
  ],
  "contextHypotheses": [
    {
      "text": "modern digital production",
      "category": "era",
      "confidence": 0.7,
      "reasoningHints": "the clean precise sound and loop-based structure are characteristic of",
      "supportRefs": [
        "1",
        "2",
        "3",
        "4",
        "5"
      ]
    },
    {
      "text": "ambient club setting",
      "category": "scene",
      "confidence": 0.5,
      "reasoningHints": "the hypnotic pulse and minimal arrangement make it suitable for",
      "supportRefs": [
        "1",
        "4",
        "5"
      ]
    }
  ],
  "packetDiagnostics": {
    "rawItemCount": 17,
    "acceptedConceptCount": 17,
    "duplicateOrRejectedCount": 0,
    "quarantinedCount": 0,
    "fieldCounts": {
      "audibleObservations": 5,
      "signatureRelations": 2,
      "styleCues": 2,
      "genreHypotheses": 2,
      "contextHypotheses": 2,
      "aestheticConcepts": 2,
      "impressions": 2
    }
  }
}
[Music Flamingo] END PACKET

Inference complete in 115.3s. Packet parsed: ['audibleObservations', 'signatureRelations', 'styleCues', 'uncertainties', 'genreHypotheses', 'aestheticConcepts', 'impressions', 'contextHypotheses', 'packetDiagnostics']
[Music Flamingo] input tokens=738; generation budget=256

[Music Flamingo] RAW MODEL RESPONSE (max 6000 chars)
{'audibleObservations': [{'id': 1, 'text': 'fast electronic beat', 'category': 'rhythm', 'confidence': 0.95}, {'id': 2, 'text': 'synth bassline', 'category': 'instrumentation', 'confidence': 0.95}, {'id': 3, 'text': 'female vocal sample', 'category': 'performance', 'confidence': 0.95}], 'signatureRelations': [{'id': 1, 'text': 'beat and bassline drive the track', 'supportRefs': [1, 2], 'confidence': 0.85}, {'id': 2, 'text': 'vocal sample sits on top of the rhythm', 'supportRefs': [3], 'confidence': 0.85}], 'uncertainties': ['no clear genre label', 'no explicit mood cue'], 'genreHypotheses': [{'label': 'electronic dance', 'confidence': 0.3}, {'label': 'pop', 'confidence': 0.2}], 'aestheticConcepts': ['energetic', 'modern production'], 'impressions': ['driven', 'contemporary']}
[Music Flamingo] SANITIZED PACKET SENT TO MUSIC SHOWER (max 6000 chars)
{
  "audibleObservations": [
    {
      "text": "fast electronic beat",
      "category": "rhythm",
      "confidence": 0.95,
      "reasoningHints": "",
      "id": "1"
    },
    {
      "text": "synth bassline",
      "category": "instrumentation",
      "confidence": 0.95,
      "reasoningHints": "",
      "id": "2"
    },
    {
      "text": "female vocal sample",
      "category": "performance",
      "confidence": 0.95,
      "reasoningHints": "",
      "id": "3"
    }
  ],
  "signatureRelations": [
    {
      "text": "beat and bassline drive the track",
      "confidence": 0.85,
      "reasoningHints": "",
      "supportRefs": [
        "1",
        "2"
      ],
      "id": "1"
    },
    {
      "text": "vocal sample sits on top of the rhythm",
      "confidence": 0.85,
      "reasoningHints": "",
      "supportRefs": [
        "3"
      ],
      "id": "2"
    }
  ],
  "styleCues": [],
  "uncertainties": [
    "no clear genre label",
    "no explicit mood cue"
  ],
  "genreHypotheses": [
    {
      "label": "electronic dance",
      "confidence": 0.3,
      "reasoningHints": "",
      "supportRefs": [],
      "id": "g1",
      "provisional": true
    },
    {
      "label": "pop",
      "confidence": 0.2,
      "reasoningHints": "",
      "supportRefs": [],
      "id": "g2",
      "provisional": true
    }
  ],
  "aestheticConcepts": [
    {
      "text": "energetic",
      "confidence": 0.62,
      "reasoningHints": "",
      "supportRefs": []
    },
    {
      "text": "modern production",
      "confidence": 0.62,
      "reasoningHints": "",
      "supportRefs": []
    }
  ],
  "impressions": [
    {
      "text": "driven",
      "confidence": 0.6,
      "reasoningHints": "",
      "supportRefs": []
    },
    {
      "text": "contemporary",
      "confidence": 0.6,
      "reasoningHints": "",
      "supportRefs": []
    }
  ],
  "contextHypotheses": [],
  "packetDiagnostics": {
    "rawItemCount": 11,
    "acceptedConceptCount": 11,
    "duplicateOrRejectedCount": 0,
    "quarantinedCount": 0,
    "fieldCounts": {
      "audibleObservations": 3,
      "signatureRelations": 2,
      "styleCues": 0,
      "genreHypotheses": 2,
      "contextHypotheses": 0,
      "aestheticConcepts": 2,
      "impressions": 2
    }
  }
}
[Music Flamingo] END PACKET

Inference complete in 53.2s. Packet parsed: ['audibleObservations', 'signatureRelations', 'styleCues', 'uncertainties', 'genreHypotheses', 'aestheticConcepts', 'impressions', 'contextHypotheses', 'packetDiagnostics']
Running Flamingo structured deep-listening inference...
[Music Flamingo] input tokens=1980; generation budget=1024

[Music Flamingo] RAW MODEL RESPONSE (max 6000 chars)
{'audibleObservations': [{'id': 1, 'text': 'fast 4/4 electronic beat', 'category': 'rhythm', 'confidence': 0.95, 'reasoning': 'steady pulse with a strong kick on every downbeat and a crisp snare on the backbeat, typical of modern electronic dance music.'}, {'id': 2, 'text': 'bright synth lead melody', 'category': 'instrumentation', 'confidence': 0.95, 'reasoning': 'a high‑frequency, arpeggiated synth line that carries the main melodic hook, layered over a wide stereo field.'}, {'id': 3, 'text': 'tight electronic drum kit', 'category': 'instrumentation', 'confidence': 0.95, 'reasoning': 'punchy kick, snappy snare, and programmed hi‑hats that lock into a driving groove.'}, {'id': 4, 'text': 'sub‑bass synth', 'category': 'instrumentation', 'confidence': 0.95, 'reasoning': 'a deep, sustained synth bass that underpins the rhythm and adds weight to the low end.'}, {'id': 5, 'text': 'clean, polished production', 'category': 'production', 'confidence': 0.95, 'reasoning': 'clear separation of elements, moderate compression, and a balanced mix that keeps the synths and drums prominent.'}], 'signatureRelations': [{'id': 1, 'text': 'synth lead and sub‑bass interact', 'category': 'relation', 'confidence': 0.8, 'reasoning': 'the sub‑bass follows the root notes of the synth lead, reinforcing the harmonic foundation.'}, {'id': 2, 'text': 'drums and synth lead lock in rhythm', 'category': 'relation', 'confidence': 0.8, 'reasoning': 'the drum pattern and synth lead are tightly synchronized, creating a cohesive groove.'}], 'styleCues': [{'id': 1, 'text': 'electronic dance production', 'category': 'style', 'confidence': 0.8, 'reasoning': 'the combination of a four‑on‑the‑floor beat, bright synth timbres, and a polished mix points to a contemporary EDM aesthetic.'}, {'id': 2, 'text': 'synth‑driven arrangement', 'category': 'style', 'confidence': 0.8, 'reasoning': 'the track relies heavily on synthesized sounds for both melody and rhythm, a hallmark of electronic music.'}], 'uncertainties': ['instrumentation ambiguity', 'genre label not fully confirmed'], 'genreHypotheses': [{'label': 'electronic dance music', 'confidence': 0.7, 'supportRefs': [1, 2, 3, 4, 5], 'reasoning': 'the fast 4/4 beat, bright synth lead, and sub‑bass are typical of EDM sub‑genres like progressive house or electro.'}, {'label': 'synth‑pop', 'confidence': 0.5, 'supportRefs': [1, 2, 3, 4, 5], 'reasoning': 'the melodic synth lead and clean production style are also common in synth‑pop.'}], 'aestheticConcepts': [{'text': 'energetic, club‑ready', 'confidence': 0.8, 'supportRefs': [1, 2, 3, 4, 5], 'reasoning': 'the driving rhythm and bright synths create a high‑energy atmosphere suited for dance floors.'}, {'text': 'modern electronic aesthetic', 'confidence': 0.7, 'supportRefs': [1, 2, 3, 4, 5], 'reasoning': 'the polished mix and synthetic timbres reflect contemporary electronic production trends.'}], 'impressions': [{'text': 'confident, assertive', 'confidence': 0.6, 'supportRefs': [1, 2, 3, 4, 5], 'reasoning': 'the strong beat and prominent synth lead convey a sense of self‑assuredness.'}, {'text': 'playful, slightly mischievous', 'confidence': 0.4, 'supportRefs': [1, 2, 3, 4, 5], 'reasoning': 'the bright synth tones and upbeat rhythm suggest a light‑hearted, teasing attitude.'}], 'contextHypotheses': [{'text': 'contemporary club scene', 'category': 'scene', 'confidence': 0.7, 'supportRefs': [1, 2, 3, 4, 5], 'reasoning': 'the fast tempo, four‑on‑the‑floor beat, and synth
[Music Flamingo] SANITIZED PACKET SENT TO MUSIC SHOWER (max 6000 chars)
{
  "audibleObservations": [
    {
      "text": "fast 4/4 electronic beat",
      "category": "rhythm",
      "confidence": 0.95,
      "reasoningHints": "steady pulse with a strong kick on every downbeat and a crisp snare on",
      "id": "1"
    },
    {
      "text": "bright synth lead melody",
      "category": "instrumentation",
      "confidence": 0.95,
      "reasoningHints": "a high‑frequency arpeggiated synth line that carries the main melodic",
      "id": "2"
    },
    {
      "text": "clean polished production",
      "category": "production",
      "confidence": 0.95,
      "reasoningHints": "clear separation of elements moderate compression and a balanced mix",
      "id": "5"
    },
    {
      "text": "tight electronic drum kit",
      "category": "instrumentation",
      "confidence": 0.95,
      "reasoningHints": "punchy kick snappy snare and programmed hi‑hats that lock into a driving",
      "id": "3"
    },
    {
      "text": "sub‑bass synth",
      "category": "instrumentation",
      "confidence": 0.95,
      "reasoningHints": "a deep sustained synth bass that underpins the rhythm and adds weight to",
      "id": "4"
    }
  ],
  "signatureRelations": [
    {
      "text": "synth lead and sub‑bass interact",
      "confidence": 0.8,
      "reasoningHints": "the sub‑bass follows the root notes of the synth lead reinforcing the",
      "supportRefs": [],
      "id": "1"
    },
    {
      "text": "drums and synth lead lock in rhythm",
      "confidence": 0.8,
      "reasoningHints": "the drum pattern and synth lead are tightly synchronized creating a",
      "supportRefs": [],
      "id": "2"
    }
  ],
  "styleCues": [
    {
      "text": "electronic dance production",
      "confidence": 0.8,
      "reasoningHints": "the combination of a four‑on‑the‑floor beat bright synth timbres and a",
      "supportRefs": [],
      "id": "1"
    },
    {
      "text": "synth‑driven arrangement",
      "confidence": 0.8,
      "reasoningHints": "the track relies heavily on synthesized sounds for both melody and",
      "supportRefs": [],
      "id": "2"
    }
  ],
  "uncertainties": [
    "instrumentation ambiguity",
    "genre label not fully confirmed"
  ],
  "genreHypotheses": [
    {
      "label": "electronic dance music",
      "confidence": 0.7,
      "reasoningHints": "the fast 4/4 beat bright synth lead and sub‑bass are typical of EDM",
      "supportRefs": [
        "1",
        "2",
        "3",
        "4",
        "5"
      ],
      "id": "g1"
    },
    {
      "label": "synth‑pop",
      "confidence": 0.5,
      "reasoningHints": "the melodic synth lead and clean production style are also common in",
      "supportRefs": [
        "1",
        "2",
        "3",
        "4",
        "5"
      ],
      "id": "g2"
    }
  ],
  "aestheticConcepts": [
    {
      "text": "energetic club‑ready",
      "confidence": 0.8,
      "reasoningHints": "the driving rhythm and bright synths create a high‑energy atmosphere",
      "supportRefs": [
        "1",
        "2",
        "3",
        "4",
        "5"
      ]
    },
    {
      "text": "modern electronic aesthetic",
      "confidence": 0.7,
      "reasoningHints": "the polished mix and synthetic timbres reflect contemporary electronic",
      "supportRefs": [
        "1",
        "2",
        "3",
        "4",
        "5"
      ]
    }
  ],
  "impressions": [
    {
      "text": "confident assertive",
      "confidence": 0.6,
      "reasoningHints": "the strong beat and prominent synth lead convey a sense of",
      "supportRefs": [
        "1",
        "2",
        "3",
        "4",
        "5"
      ]
    },
    {
      "text": "playful slightly mischievous",
      "confidence": 0.4,
      "reasoningHints": "the bright synth tones and upbeat rhythm suggest a light‑hearted teasing",
      "supportRefs": [
        "1",
        "2",
        "3",
        "4",
        "5"
      ]
    }
  ],
  "contextHypotheses": [
    {
      "text": "contemporary club scene",
      "category": "scene",
      "confidence": 0.7,
      "reasoningHints": "",
      "supportRefs": [
        "1",
        "2",
        "3",
        "4",
        "5"
      ]
    }
  ],
  "packetDiagnostics": {
    "rawItemCount": 16,
    "acceptedConceptCount": 16,
    "duplicateOrRejectedCount": 0,
    "quarantinedCount": 0,
    "fieldCounts": {
      "audibleObservations": 5,
      "signatureRelations": 2,
      "styleCues": 2,
      "genreHypotheses": 2,
      "contextHypotheses": 1,
      "aestheticConcepts": 2,
      "impressions": 2
    }
  }
}
[Music Flamingo] END PACKET

Inference complete in 124.4s. Packet parsed: ['audibleObservations', 'signatureRelations', 'styleCues', 'uncertainties', 'genreHypotheses', 'aestheticConcepts', 'impressions', 'contextHypotheses', 'packetDiagnostics']
Running Flamingo structured deep-listening inference...
[Music Flamingo] input tokens=1981; generation budget=1024
[Music Flamingo] NOTE: fewer items than the model sent: audibleObservations 20->8

[Music Flamingo] RAW MODEL RESPONSE (max 6000 chars)
{'audibleObservations': [{'id': 1, 'text': 'fast, driving 4/4 pulse', 'category': 'rhythm', 'confidence': 0.95, 'reasoning': 'steady quarter‑note pulse with strong backbeat, typical of high‑energy dance music'}, {'id': 2, 'text': 'bright, digital synth lead', 'category': 'instrumentation', 'confidence': 0.95, 'reasoning': 'sharp, high‑frequency synth timbre with a clean, almost metallic attack'}, {'id': 3, 'text': 'tight, compressed drum machine', 'category': 'instrumentation', 'confidence': 0.95, 'reasoning': 'punchy kick and snappy snare with heavy side‑chain compression'}, {'id': 4, 'text': 'repetitive, loop‑based arrangement', 'category': 'arrangement', 'confidence': 0.95, 'reasoning': 'short, looping sections that repeat without major variation'}, {'id': 5, 'text': 'minimal harmonic movement', 'category': 'harmony', 'confidence': 0.95, 'reasoning': 'simple, static chord or drone that underpins the rhythm'}, {'id': 6, 'text': 'high‑energy, club‑oriented production', 'category': 'production', 'confidence': 0.95, 'reasoning': 'loud, heavily compressed mix with wide stereo imaging and bright EQ'}, {'id': 7, 'text': 'digital, electronic sound palette', 'category': 'production', 'confidence': 0.95, 'reasoning': 'synthetic textures and effects, no acoustic instruments'}, {'id': 8, 'text': 'driving, dance‑floor focus', 'category': 'performance', 'confidence': 0.95, 'reasoning': 'steady tempo and rhythmic emphasis designed for continuous movement'}, {'id': 9, 'text': 'loop‑based, repetitive structure', 'category': 'arrangement', 'confidence': 0.95, 'reasoning': 'short, repeating sections that build and release energy in a predictable pattern'}, {'id': 10, 'text': 'bright, digital synth lead', 'category': 'instrumentation', 'confidence': 0.95, 'reasoning': 'sharp, high‑frequency synth timbre with a clean, almost metallic attack'}, {'id': 11, 'text': 'tight, compressed drum machine', 'category': 'instrumentation', 'confidence': 0.95, 'reasoning': 'punchy kick and snappy snare with heavy side‑chain compression'}, {'id': 12, 'text': 'repetitive, loop‑based arrangement', 'category': 'arrangement', 'confidence': 0.95, 'reasoning': 'short, looping sections that repeat without major variation'}, {'id': 13, 'text': 'minimal harmonic movement', 'category': 'harmony', 'confidence': 0.95, 'reasoning': 'simple, static chord or drone that underpins the rhythm'}, {'id': 14, 'text': 'high‑energy, club‑oriented production', 'category': 'production', 'confidence': 0.95, 'reasoning': 'loud, heavily compressed mix with wide stereo imaging and bright EQ'}, {'id': 15, 'text': 'digital, electronic sound palette', 'category': 'production', 'confidence': 0.95, 'reasoning': 'synthetic textures and effects, no acoustic instruments'}, {'id': 16, 'text': 'driving, dance‑floor focus', 'category': 'performance', 'confidence': 0.95, 'reasoning': 'steady tempo and rhythmic emphasis designed for continuous movement'}, {'id': 17, 'text': 'loop‑based, repetitive structure', 'category': 'arrangement', 'confidence': 0.95, 'reasoning': 'short, repeating sections that build and release energy in a predictable pattern'}, {'id': 18, 'text': 'bright, digital synth lead', 'category': 'instrumentation', 'confidence': 0.95, 'reasoning': 'sharp, high‑frequency synth timbre with a clean, almost metallic attack'}, {'id': 19, 'text': 'tight, compressed drum machine', 'category': 'instrumentation', 'confidence': 0.95, 'reasoning': 'punchy kick and snappy snare with heavy side‑chain compression'}, {'id': 20, 'text': 'repetitive, loop‑based arrangement', 'category': 'arrangement', 'confidence': 0.95, 'reasoning':
[Music Flamingo] SANITIZED PACKET SENT TO MUSIC SHOWER (max 6000 chars)
{
  "audibleObservations": [
    {
      "text": "fast driving 4/4 pulse",
      "category": "rhythm",
      "confidence": 0.95,
      "reasoningHints": "steady quarter‑note pulse with strong backbeat typical of high‑energy",
      "id": "1"
    },
    {
      "text": "bright digital synth lead",
      "category": "instrumentation",
      "confidence": 0.95,
      "reasoningHints": "sharp high‑frequency synth timbre with a clean almost metallic attack",
      "id": "2"
    },
    {
      "text": "repetitive loop‑based arrangement",
      "category": "arrangement",
      "confidence": 0.95,
      "reasoningHints": "short looping sections that repeat without major variation",
      "id": "4"
    },
    {
      "text": "minimal harmonic movement",
      "category": "arrangement",
      "confidence": 0.95,
      "reasoningHints": "simple static chord or drone that underpins the rhythm",
      "sourceCategory": "harmony",
      "id": "5"
    },
    {
      "text": "high‑energy club‑oriented production",
      "category": "production",
      "confidence": 0.95,
      "reasoningHints": "loud heavily compressed mix with wide stereo imaging and bright EQ",
      "id": "6"
    },
    {
      "text": "driving dance‑floor focus",
      "category": "performance",
      "confidence": 0.95,
      "reasoningHints": "steady tempo and rhythmic emphasis designed for continuous movement",
      "id": "8"
    },
    {
      "text": "tight compressed drum machine",
      "category": "instrumentation",
      "confidence": 0.95,
      "reasoningHints": "punchy kick and snappy snare with heavy side‑chain compression",
      "id": "3"
    },
    {
      "text": "digital electronic sound palette",
      "category": "production",
      "confidence": 0.95,
      "reasoningHints": "synthetic textures and effects no acoustic instruments",
      "id": "7"
    }
  ],
  "signatureRelations": [],
  "styleCues": [],
  "uncertainties": [],
  "genreHypotheses": [],
  "aestheticConcepts": [],
  "impressions": [],
  "contextHypotheses": [],
  "packetDiagnostics": {
    "rawItemCount": 20,
    "acceptedConceptCount": 8,
    "duplicateOrRejectedCount": 12,
    "quarantinedCount": 0,
    "fieldCounts": {
      "audibleObservations": 8,
      "signatureRelations": 0,
      "styleCues": 0,
      "genreHypotheses": 0,
      "contextHypotheses": 0,
      "aestheticConcepts": 0,
      "impressions": 0
    }
  }
}
[Music Flamingo] END PACKET

Inference complete in 127.4s. Packet parsed: ['audibleObservations', 'signatureRelations', 'styleCues', 'uncertainties', 'genreHypotheses', 'aestheticConcepts', 'impressions', 'contextHypotheses', 'packetDiagnostics']
Running Flamingo structured deep-listening inference...
[Music Flamingo] input tokens=1981; generation budget=1024
Running Flamingo structured deep-listening inference (first impression)...
Running Flamingo structured deep-listening inference (first impression)...

[Music Flamingo] RAW MODEL RESPONSE (max 6000 chars)
{"audibleObservations": [{"id": 1, "text": "steady 4/4 pulse", "category": "rhythm", "confidence": 0.95, "reasoning": "clear kick on every downbeat, snare on 2 and 4, hi-hats in 16th‑note subdivisions"}, {"id": 2, "text": "synth bass with side‑chain compression", "category": "instrumentation", "confidence": 0.9, "reasoning": "bass synth follows kick, ducking volume with each kick, creating a pumping feel"}, {"id": 3, "text": "bright synth lead melody", "category": "instrumentation", "confidence": 0.9, "reasoning": "lead synth plays a catchy, repetitive hook that sits above the bass and drums"}, {"id": 4, "text": "compressed, loud mix", "category": "production", "confidence": 0.9, "reasoning": "overall level is high, with heavy limiting and compression to keep the track loud and punchy"}], "signatureRelations": [{"id": 1, "text": "kick and bass lock in tight syncopation", "supportRefs": [1, 2], "confidence": 0.8, "reasoning": "the kick and bass are rhythmically aligned, reinforcing the groove"}, {"id": 2, "text": "lead synth and vocal sample interact in call‑and‑response", "supportRefs": [3, 4], "confidence": 0.7, "reasoning": "the lead synth phrase repeats while the vocal sample punctuates it, creating a conversational pattern"}], "styleCues": [{"id": 1, "text": "electronic drum kit with punchy samples", "confidence": 0.8, "supportRefs": [1], "reasoning": "the drum sounds are synthetic, with a tight, compressed attack and short decay typical of modern electronic production"}, {"id": 2, "text": "side‑chained synth bass", "confidence": 0.8, "supportRefs": [2], "reasoning": "the bass is ducked by the kick, giving it a characteristic pumping feel"}], "uncertainties": ["instrumentation ambiguity"], "genreHypotheses": [{"label": "electronic dance music", "confidence": 0.6, "supportRefs": [1, 2, 3, 4], "reasoning": "the track follows a typical EDM structure with a driving 4/4 beat, synth bass, and a repetitive melodic hook"}], "aestheticConcepts": [{"text": "energetic, club‑ready", "confidence": 0.8, "supportRefs": [1, 2, 3, 4], "reasoning": "the high energy level, loud mix, and danceable rhythm make it suitable for a club environment"}], "impressions": [{"text": "upbeat, lively", "confidence": 0.7, "supportRefs": [1, 2, 3, 4], "reasoning": "the fast tempo, bright synth lead, and compressed dynamics create a feeling of excitement and forward motion"}], "contextHypotheses": [{"text": "modern electronic production", "category": "era", "confidence": 0.8, "supportRefs": [1, 2, 3, 4], "reasoning": "the use of side‑chain compression, synthetic drum samples, and a loud, compressed mix are characteristic of contemporary EDM production"}], "genreHypotheses": [{"label": "electronic dance music", "confidence": 0.6, "supportRefs": [1, 2, 3, 4], "reasoning": "the track follows a typical EDM structure with a driving 4/4 beat, synth bass, and a repetitive melodic hook"}], "aestheticConcepts": [{"text": "energetic, club‑ready", "confidence": 0.8, "supportRefs": [1, 2, 3, 4], "reasoning": "the high energy level, loud mix, and danceable rhythm make it suitable for a club environment"}], "impressions": [{"text": "upbeat, lively", "confidence": 0.7, "supportRefs": [1, 2, 3, 4], "reasoning": "the fast tempo, bright synth lead, and compressed dynamics create a feeling of excitement and forward motion"}], "contextHypotheses": [{"text": "modern electronic production", "category": "era", "confidence": 0.8, "supportRefs": [1, 2, 3, 4], "reasoning": "the use of side‑chain compression, synthetic
[Music Flamingo] SANITIZED PACKET SENT TO MUSIC SHOWER (max 6000 chars)
{
  "audibleObservations": [
    {
      "text": "steady 4/4 pulse",
      "category": "rhythm",
      "confidence": 0.95,
      "reasoningHints": "clear kick on every downbeat snare on 2 and 4 hi-hats in 16th‑note",
      "id": "1"
    },
    {
      "text": "synth bass with side‑chain compression",
      "category": "instrumentation",
      "confidence": 0.9,
      "reasoningHints": "bass synth follows kick ducking volume with each kick creating a pumping",
      "id": "2"
    },
    {
      "text": "compressed loud mix",
      "category": "production",
      "confidence": 0.9,
      "reasoningHints": "overall level is high with heavy limiting and compression to keep the",
      "id": "4"
    },
    {
      "text": "bright synth lead melody",
      "category": "instrumentation",
      "confidence": 0.9,
      "reasoningHints": "lead synth plays a catchy repetitive hook that sits above the bass and",
      "id": "3"
    }
  ],
  "signatureRelations": [
    {
      "text": "kick and bass lock in tight syncopation",
      "confidence": 0.8,
      "reasoningHints": "the kick and bass are rhythmically aligned reinforcing the groove",
      "supportRefs": [
        "1",
        "2"
      ],
      "id": "1"
    },
    {
      "text": "lead synth and vocal sample interact in call‑and‑response",
      "confidence": 0.7,
      "reasoningHints": "the lead synth phrase repeats while the vocal sample punctuates it",
      "supportRefs": [
        "3",
        "4"
      ],
      "id": "2"
    }
  ],
  "styleCues": [
    {
      "text": "electronic drum kit with punchy samples",
      "confidence": 0.8,
      "reasoningHints": "the drum sounds are synthetic with a tight compressed attack and short",
      "supportRefs": [
        "1"
      ],
      "id": "1"
    },
    {
      "text": "side‑chained synth bass",
      "confidence": 0.8,
      "reasoningHints": "the bass is ducked by the kick giving it a characteristic pumping feel",
      "supportRefs": [
        "2"
      ],
      "id": "2"
    }
  ],
  "uncertainties": [
    "instrumentation ambiguity"
  ],
  "genreHypotheses": [
    {
      "label": "electronic dance music",
      "confidence": 0.6,
      "reasoningHints": "the track follows a typical EDM structure with a driving 4/4 beat synth",
      "supportRefs": [
        "1",
        "2",
        "3",
        "4"
      ],
      "id": "g1"
    }
  ],
  "aestheticConcepts": [
    {
      "text": "energetic club‑ready",
      "confidence": 0.8,
      "reasoningHints": "the high energy level loud mix and danceable rhythm make it suitable for",
      "supportRefs": [
        "1",
        "2",
        "3",
        "4"
      ]
    }
  ],
  "impressions": [
    {
      "text": "upbeat lively",
      "confidence": 0.7,
      "reasoningHints": "the fast tempo bright synth lead and compressed dynamics create a",
      "supportRefs": [
        "1",
        "2",
        "3",
        "4"
      ]
    }
  ],
  "contextHypotheses": [
    {
      "text": "modern electronic production",
      "category": "era",
      "confidence": 0.8,
      "reasoningHints": "",
      "supportRefs": [
        "1",
        "2",
        "3",
        "4"
      ]
    }
  ],
  "packetDiagnostics": {
    "rawItemCount": 12,
    "acceptedConceptCount": 12,
    "duplicateOrRejectedCount": 0,
    "quarantinedCount": 0,
    "fieldCounts": {
      "audibleObservations": 4,
      "signatureRelations": 2,
      "styleCues": 2,
      "genreHypotheses": 1,
      "contextHypotheses": 1,
      "aestheticConcepts": 1,
      "impressions": 1
    }
  }
}
[Music Flamingo] END PACKET

Inference complete in 127.0s. Packet parsed: ['audibleObservations', 'signatureRelations', 'styleCues', 'uncertainties', 'genreHypotheses', 'aestheticConcepts', 'impressions', 'contextHypotheses', 'packetDiagnostics']
Client disconnected before the Flamingo response was delivered.
[Music Flamingo] input tokens=738; generation budget=256

[Music Flamingo] RAW MODEL RESPONSE (max 6000 chars)
{'audibleObservations': [{'id': 1, 'text': 'instrumental pop', 'category': 'instrumentation', 'confidence': 0.7}, {'id': 2, 'text': 'steady 4/4 rhythm', 'category': 'rhythm', 'confidence': 0.9}, {'id': 3, 'text': 'clean production', 'category': 'production', 'confidence': 0.8}], 'signatureRelations': [{'id': 1, 'text': 'instrumental pop', 'supportRefs': [1, 2], 'confidence': 0.6}, {'id': 2, 'text': 'steady 4/4 rhythm', 'supportRefs': [2], 'confidence': 0.8}], 'uncertainties': ['no clear genre label', 'no vocal timbre or style'], 'genreHypotheses': [{'label': 'instrumental pop', 'confidence': 0.6, 'supportRefs': [1, 2]}, {'label': 'instrumental rock', 'confidence': 0.4, 'supportRefs': [1, 2]}], 'aestheticConcepts': ['bright and airy', 'simple and direct'],
[Music Flamingo] SANITIZED PACKET SENT TO MUSIC SHOWER (max 6000 chars)
{
  "audibleObservations": [
    {
      "text": "instrumental pop",
      "category": "instrumentation",
      "confidence": 0.7,
      "reasoningHints": "",
      "id": "1"
    },
    {
      "text": "steady 4/4 rhythm",
      "category": "rhythm",
      "confidence": 0.9,
      "reasoningHints": "",
      "id": "2"
    },
    {
      "text": "clean production",
      "category": "production",
      "confidence": 0.8,
      "reasoningHints": "",
      "id": "3"
    }
  ],
  "signatureRelations": [
    {
      "text": "instrumental pop",
      "confidence": 0.6,
      "reasoningHints": "",
      "supportRefs": [
        "1",
        "2"
      ],
      "id": "1"
    },
    {
      "text": "steady 4/4 rhythm",
      "confidence": 0.8,
      "reasoningHints": "",
      "supportRefs": [
        "2"
      ],
      "id": "2"
    }
  ],
  "styleCues": [],
  "uncertainties": [
    "no clear genre label",
    "no vocal timbre or style"
  ],
  "genreHypotheses": [
    {
      "label": "instrumental pop",
      "confidence": 0.48,
      "reasoningHints": "",
      "supportRefs": [
        "1",
        "2"
      ],
      "id": "g1",
      "provisional": true
    },
    {
      "label": "instrumental rock",
      "confidence": 0.4,
      "reasoningHints": "",
      "supportRefs": [
        "1",
        "2"
      ],
      "id": "g2",
      "provisional": true
    }
  ],
  "aestheticConcepts": [
    {
      "text": "bright and airy",
      "confidence": 0.62,
      "reasoningHints": "",
      "supportRefs": []
    },
    {
      "text": "simple and direct",
      "confidence": 0.62,
      "reasoningHints": "",
      "supportRefs": []
    }
  ],
  "impressions": [],
  "contextHypotheses": [],
  "packetDiagnostics": {
    "rawItemCount": 9,
    "acceptedConceptCount": 9,
    "duplicateOrRejectedCount": 0,
    "quarantinedCount": 0,
    "fieldCounts": {
      "audibleObservations": 3,
      "signatureRelations": 2,
      "styleCues": 0,
      "genreHypotheses": 2,
      "contextHypotheses": 0,
      "aestheticConcepts": 2,
      "impressions": 0
    }
  }
}
[Music Flamingo] END PACKET

Inference complete in 99.4s. Packet parsed: ['audibleObservations', 'signatureRelations', 'styleCues', 'uncertainties', 'genreHypotheses', 'aestheticConcepts', 'impressions', 'contextHypotheses', 'packetDiagnostics']
[Music Flamingo] input tokens=762; generation budget=256
Running Flamingo structured deep-listening inference...

[Music Flamingo] RAW MODEL RESPONSE (max 6000 chars)
{'audibleObservations': [{'id': 1, 'text': 'instrumental rock', 'category': 'instrumentation', 'confidence': 0.7}, {'id': 2, 'text': 'driving rhythm', 'category': 'rhythm', 'confidence': 0.8}, {'id': 3, 'text': 'clean electric guitar', 'category': 'instrumentation', 'confidence': 0.7}], 'signatureRelations': [{'id': 1, 'text': 'guitar-driven rock', 'supportRefs': [1, 3], 'confidence': 0.6}, {'id': 2, 'text': 'steady drum groove', 'supportRefs': [2], 'confidence': 0.5}], 'uncertainties': ['no vocals', 'no explicit genre label'], 'genreHypotheses': [{'label': 'rock', 'confidence': 0.3}, {'label': 'instrumental rock', 'confidence': 0.6}], 'aestheticConcepts': ['energetic', 'forward-moving'], 'impressions': ['confident', 'steady momentum']}
[Music Flamingo] SANITIZED PACKET SENT TO MUSIC SHOWER (max 6000 chars)
{
  "audibleObservations": [
    {
      "text": "instrumental rock",
      "category": "instrumentation",
      "confidence": 0.7,
      "reasoningHints": "",
      "id": "1"
    },
    {
      "text": "driving rhythm",
      "category": "rhythm",
      "confidence": 0.8,
      "reasoningHints": "",
      "id": "2"
    },
    {
      "text": "clean electric guitar",
      "category": "instrumentation",
      "confidence": 0.7,
      "reasoningHints": "",
      "id": "3"
    }
  ],
  "signatureRelations": [
    {
      "text": "guitar-driven rock",
      "confidence": 0.6,
      "reasoningHints": "",
      "supportRefs": [
        "1",
        "3"
      ],
      "id": "1"
    },
    {
      "text": "steady drum groove",
      "confidence": 0.5,
      "reasoningHints": "",
      "supportRefs": [
        "2"
      ],
      "id": "2"
    }
  ],
  "styleCues": [],
  "uncertainties": [
    "no vocals",
    "no explicit genre label"
  ],
  "genreHypotheses": [
    {
      "label": "rock",
      "confidence": 0.3,
      "reasoningHints": "",
      "supportRefs": [],
      "id": "g1",
      "provisional": true
    },
    {
      "label": "instrumental rock",
      "confidence": 0.48,
      "reasoningHints": "",
      "supportRefs": [],
      "id": "g2",
      "provisional": true
    }
  ],
  "aestheticConcepts": [
    {
      "text": "energetic",
      "confidence": 0.62,
      "reasoningHints": "",
      "supportRefs": []
    },
    {
      "text": "forward-moving",
      "confidence": 0.62,
      "reasoningHints": "",
      "supportRefs": []
    }
  ],
  "impressions": [
    {
      "text": "confident",
      "confidence": 0.6,
      "reasoningHints": "",
      "supportRefs": []
    },
    {
      "text": "steady momentum",
      "confidence": 0.6,
      "reasoningHints": "",
      "supportRefs": []
    }
  ],
  "contextHypotheses": [],
  "packetDiagnostics": {
    "rawItemCount": 11,
    "acceptedConceptCount": 11,
    "duplicateOrRejectedCount": 0,
    "quarantinedCount": 0,
    "fieldCounts": {
      "audibleObservations": 3,
      "signatureRelations": 2,
      "styleCues": 0,
      "genreHypotheses": 2,
      "contextHypotheses": 0,
      "aestheticConcepts": 2,
      "impressions": 2
    }
  }
}
[Music Flamingo] END PACKET

Inference complete in 125.8s. Packet parsed: ['audibleObservations', 'signatureRelations', 'styleCues', 'uncertainties', 'genreHypotheses', 'aestheticConcepts', 'impressions', 'contextHypotheses', 'packetDiagnostics']
[Music Flamingo] input tokens=1981; generation budget=1024
Running Flamingo structured deep-listening inference...

[Music Flamingo] RAW MODEL RESPONSE (max 6000 chars)
{'audibleObservations': [{'id': 1, 'text': 'steady 4/4 pulse', 'category': 'rhythm', 'confidence': 0.95, 'reasoning': 'clear four-beat pattern with consistent accent on beats 1 and 3.'}, {'id': 2, 'text': 'synthetic drum kit', 'category': 'instrumentation', 'confidence': 0.95, 'reasoning': 'electronic kick, snare, and hi-hat sounds with tight envelope and no acoustic bleed.'}, {'id': 3, 'text': 'bright synth lead', 'category': 'instrumentation', 'confidence': 0.95, 'reasoning': 'piercing, high‑frequency synth melody that cuts through the mix.'}, {'id': 4, 'text': 'punchy synth bass', 'category': 'instrumentation', 'confidence': 0.95, 'reasoning': 'deep, side‑chain‑compressed bass synth that drives the groove.'}, {'id': 5, 'text': 'wide stereo imaging', 'category': 'production', 'confidence': 0.95, 'reasoning': 'panned synth layers and reverberant ambience create a spacious field.'}, {'id': 6, 'text': 'consistent volume', 'category': 'dynamics', 'confidence': 0.95, 'reasoning': 'minimal dynamic variation; level stays steady throughout the segment.'}], 'signatureRelations': [{'id': 1, 'text': 'drum and bass lock', 'category': 'relation', 'confidence': 0.95, 'reasoning': 'drum pattern and bass line are tightly synchronized, reinforcing the groove.'}, {'id': 2, 'text': 'lead synth over bass', 'category': 'relation', 'confidence': 0.95, 'reasoning': 'bright lead melody sits above the punchy bass, creating a call‑and‑response feel.'}], 'styleCues': [{'id': 1, 'text': 'electronic production', 'category': 'style cue', 'confidence': 0.95, 'reasoning': 'synthetic drum sounds and side‑chain‑compressed bass are hallmarks of modern electronic dance music.'}, {'id': 2, 'text': 'bright synth timbre', 'category': 'style cue', 'confidence': 0.95, 'reasoning': 'the piercing synth lead is characteristic of EDM subgenres that emphasize melodic hooks.'}], 'uncertainties': ['instrument source ambiguity'], 'genreHypotheses': [{'label': 'EDM', 'confidence': 0.95, 'supportRefs': [1, 2, 3, 4, 5, 6], 'reasoning': 'the combination of a steady 4/4 beat, synthetic drum kit, punchy bass, and bright lead synth is typical of electronic dance music.'}, {'label': 'electro‑pop', 'confidence': 0.7, 'supportRefs': [1, 2, 3, 4, 5, 6], 'reasoning': 'the track’s polished production, consistent volume, and melodic focus align with contemporary electro‑pop aesthetics.'}], 'aestheticConcepts': [{'text': 'energetic', 'confidence': 0.95, 'supportRefs': [1, 2, 3, 4, 5, 6], 'reasoning': 'the driving rhythm and bright synth lead create a forward‑moving, high‑energy atmosphere.'}, {'text': 'modern', 'confidence': 0.95, 'supportRefs': [1, 2, 3, 4, 5, 6], 'reasoning': 'the synthetic drum sounds and side‑chain‑compressed bass are characteristic of current electronic production trends.'}], 'impressions': [{'text': 'exciting', 'confidence': 0.95, 'supportRefs': [1, 2, 3, 4, 5, 6], 'reasoning': 'the track’s steady pulse and bright melodic elements convey a sense of excitement and momentum.'}, {'text': 'contemporary', 'confidence': 0.95, 'supportRefs': [1, 2, 3, 4, 5, 6], 'reasoning': 'the production style and instrumentation reflect modern electronic music trends.'}], 'contextHypotheses': [{'text': 'dance club', 'category': 'scene', 'confidence': 0.95, 'supportRefs': [1, 2, 3, 4, 5, 6], 'reasoning': 'the track’s steady beat, punchy bass, and bright synth lead are designed for dance‑floor impact
[Music Flamingo] SANITIZED PACKET SENT TO MUSIC SHOWER (max 6000 chars)
{
  "audibleObservations": [
    {
      "text": "steady 4/4 pulse",
      "category": "rhythm",
      "confidence": 0.95,
      "reasoningHints": "clear four-beat pattern with consistent accent on beats 1 and 3.",
      "id": "1"
    },
    {
      "text": "synthetic drum kit",
      "category": "instrumentation",
      "confidence": 0.95,
      "reasoningHints": "electronic kick snare and hi-hat sounds with tight envelope and no",
      "id": "2"
    },
    {
      "text": "wide stereo imaging",
      "category": "production",
      "confidence": 0.95,
      "reasoningHints": "panned synth layers and reverberant ambience create a spacious field.",
      "id": "5"
    },
    {
      "text": "consistent volume",
      "category": "dynamics",
      "confidence": 0.95,
      "reasoningHints": "minimal dynamic variation level stays steady throughout the segment.",
      "id": "6"
    },
    {
      "text": "bright synth lead",
      "category": "instrumentation",
      "confidence": 0.95,
      "reasoningHints": "piercing high‑frequency synth melody that cuts through the mix.",
      "id": "3"
    },
    {
      "text": "punchy synth bass",
      "category": "instrumentation",
      "confidence": 0.95,
      "reasoningHints": "deep side‑chain‑compressed bass synth that drives the groove.",
      "id": "4"
    }
  ],
  "signatureRelations": [
    {
      "text": "drum and bass lock",
      "confidence": 0.95,
      "reasoningHints": "drum pattern and bass line are tightly synchronized reinforcing the",
      "supportRefs": [],
      "id": "1"
    },
    {
      "text": "lead synth over bass",
      "confidence": 0.95,
      "reasoningHints": "bright lead melody sits above the punchy bass creating a",
      "supportRefs": [],
      "id": "2"
    }
  ],
  "styleCues": [
    {
      "text": "electronic production",
      "confidence": 0.95,
      "reasoningHints": "synthetic drum sounds and side‑chain‑compressed bass are hallmarks of",
      "supportRefs": [],
      "id": "1"
    },
    {
      "text": "bright synth timbre",
      "confidence": 0.95,
      "reasoningHints": "the piercing synth lead is characteristic of EDM subgenres that",
      "supportRefs": [],
      "id": "2"
    }
  ],
  "uncertainties": [
    "instrument source ambiguity"
  ],
  "genreHypotheses": [
    {
      "label": "EDM",
      "confidence": 0.95,
      "reasoningHints": "the combination of a steady 4/4 beat synthetic drum kit punchy bass and",
      "supportRefs": [
        "1",
        "2",
        "3",
        "4",
        "5",
        "6"
      ],
      "id": "g1"
    },
    {
      "label": "electro‑pop",
      "confidence": 0.7,
      "reasoningHints": "the track’s polished production consistent volume and melodic focus",
      "supportRefs": [
        "1",
        "2",
        "3",
        "4",
        "5",
        "6"
      ],
      "id": "g2"
    }
  ],
  "aestheticConcepts": [
    {
      "text": "energetic",
      "confidence": 0.95,
      "reasoningHints": "the driving rhythm and bright synth lead create a forward‑moving",
      "supportRefs": [
        "1",
        "2",
        "3",
        "4",
        "5",
        "6"
      ]
    },
    {
      "text": "modern",
      "confidence": 0.95,
      "reasoningHints": "the synthetic drum sounds and side‑chain‑compressed bass are",
      "supportRefs": [
        "1",
        "2",
        "3",
        "4",
        "5",
        "6"
      ]
    }
  ],
  "impressions": [
    {
      "text": "exciting",
      "confidence": 0.95,
      "reasoningHints": "the track’s steady pulse and bright melodic elements convey a sense of",
      "supportRefs": [
        "1",
        "2",
        "3",
        "4",
        "5",
        "6"
      ]
    },
    {
      "text": "contemporary",
      "confidence": 0.95,
      "reasoningHints": "the production style and instrumentation reflect modern electronic music",
      "supportRefs": [
        "1",
        "2",
        "3",
        "4",
        "5",
        "6"
      ]
    }
  ],
  "contextHypotheses": [
    {
      "text": "dance club",
      "category": "scene",
      "confidence": 0.95,
      "reasoningHints": "",
      "supportRefs": [
        "1",
        "2",
        "3",
        "4",
        "5",
        "6"
      ]
    }
  ],
  "packetDiagnostics": {
    "rawItemCount": 17,
    "acceptedConceptCount": 17,
    "duplicateOrRejectedCount": 0,
    "quarantinedCount": 0,
    "fieldCounts": {
      "audibleObservations": 6,
      "signatureRelations": 2,
      "styleCues": 2,
      "genreHypotheses": 2,
      "contextHypotheses": 1,
      "aestheticConcepts": 2,
      "impressions": 2
    }
  }
}
[Music Flamingo] END PACKET

Inference complete in 144.3s. Packet parsed: ['audibleObservations', 'signatureRelations', 'styleCues', 'uncertainties', 'genreHypotheses', 'aestheticConcepts', 'impressions', 'contextHypotheses', 'packetDiagnostics']
[Music Flamingo] input tokens=1980; generation budget=1024
Running Flamingo structured deep-listening inference...
Inference cancelled: superseded during generation
Client already disconnected; 409 not delivered.
[Music Flamingo] input tokens=1981; generation budget=1024
Running Flamingo structured deep-listening inference...

[Music Flamingo] RAW MODEL RESPONSE (max 6000 chars)
{'audibleObservations': [{'id': 1, 'text': 'fast 4/4 electronic beat', 'category': 'rhythm', 'confidence': 0.95, 'reasoning': 'steady pulse with a strong kick on every downbeat and a crisp snare on the backbeat, typical of high‑energy electronic dance music.'}, {'id': 2, 'text': 'bright synth lead melody', 'category': 'instrumentation', 'confidence': 0.95, 'reasoning': 'a high‑pitched, arpeggiated synth line that carries the main melodic hook, layered over a wide‑stereo pad texture.'}, {'id': 3, 'text': 'deep sub‑bass', 'category': 'instrumentation', 'confidence': 0.95, 'reasoning': 'a low‑frequency sine‑wave‑like bass that underpins the groove and reinforces the kick drum.'}, {'id': 4, 'text': 'tight, compressed drum mix', 'category': 'production', 'confidence': 0.95, 'reasoning': 'drums are heavily compressed and side‑chained to the bass, giving a punchy, club‑ready feel.'}, {'id': 5, 'text': 'wide stereo imaging', 'category': 'production', 'confidence': 0.95, 'reasoning': 'synth elements are panned to create a spacious soundstage, while the low end remains centered.'}], 'signatureRelations': [{'id': 1, 'text': 'synth lead and sub‑bass lock in a call‑and‑response pattern', 'supportRefs': [2, 3], 'confidence': 0.8, 'reasoning': 'the lead synth often plays a phrase that is answered by a short bass note, creating a conversational groove.'}, {'id': 2, 'text': 'drums and bass form a tight rhythmic foundation', 'supportRefs': [1, 3], 'confidence': 0.9, 'reasoning': 'the kick and snare provide a steady 4/4 pulse while the sub‑bass reinforces the root notes of the chord progression.'}], 'styleCues': [{'id': 1, 'text': 'electronic dance production', 'confidence': 0.9, 'supportRefs': [1, 2, 3, 4, 5], 'reasoning': 'the combination of a driving 4/4 beat, bright synth leads, and a deep sub‑bass is characteristic of contemporary EDM.'}, {'id': 2, 'text': 'modern digital sound design', 'confidence': 0.8, 'supportRefs': [2, 3], 'reasoning': 'the synth lead is processed with bright EQ, reverb, and subtle delay, giving it a polished, club‑ready sheen.'}], 'uncertainties': ['instrumentation ambiguity', 'genre label ambiguity'], 'genreHypotheses': [{'label': 'electronic dance music', 'confidence': 0.9, 'supportRefs': [1, 2, 3, 4, 5], 'reasoning': 'the track follows a typical EDM structure with a clear intro, build‑up, drop, and outro, driven by a four‑on‑the‑floor beat and synth hooks.'}, {'label': 'EDM sub‑genre', 'confidence': 0.6, 'supportRefs': [1, 2, 3, 4, 5], 'reasoning': 'the production style and arrangement suggest a mainstream EDM sub‑genre, possibly progressive house or electro‑house, but the exact sub‑genre cannot be confirmed from the limited audio.'}], 'aestheticConcepts': [{'text': 'energetic and uplifting', 'confidence': 0.8, 'supportRefs': [1, 2, 3, 4, 5], 'reasoning': 'the fast tempo, bright synths, and driving rhythm create a sense of forward momentum and positivity.'}, {'text': 'modern club atmosphere', 'confidence': 0.7, 'supportRefs': [1, 4, 5], 'reasoning': 'the wide stereo field, compressed drums, and sub‑bass give the track a polished, dance‑floor‑ready vibe.'}], 'impressions': [{'text': 'exciting and danceable', 'confidence': 0.9, 'supportRefs': [1, 2, 3, 4, 5], 'reasoning': 'the combination of a steady beat, catchy synth melody, and deep bass makes the track feel lively and suitable for dancing.'}, {'text': 'contemporary electronic production', 'confidence': 0.8, 'supportRefs': [1, 2, 3, 4
[Music Flamingo] SANITIZED PACKET SENT TO MUSIC SHOWER (max 6000 chars)
{
  "audibleObservations": [
    {
      "text": "fast 4/4 electronic beat",
      "category": "rhythm",
      "confidence": 0.95,
      "reasoningHints": "steady pulse with a strong kick on every downbeat and a crisp snare on",
      "id": "1"
    },
    {
      "text": "bright synth lead melody",
      "category": "instrumentation",
      "confidence": 0.95,
      "reasoningHints": "a high‑pitched arpeggiated synth line that carries the main melodic hook",
      "id": "2"
    },
    {
      "text": "tight compressed drum mix",
      "category": "production",
      "confidence": 0.95,
      "reasoningHints": "drums are heavily compressed and side‑chained to the bass giving a",
      "id": "4"
    },
    {
      "text": "deep sub‑bass",
      "category": "instrumentation",
      "confidence": 0.95,
      "reasoningHints": "a low‑frequency sine‑wave‑like bass that underpins the groove and",
      "id": "3"
    },
    {
      "text": "wide stereo imaging",
      "category": "production",
      "confidence": 0.95,
      "reasoningHints": "synth elements are panned to create a spacious soundstage while the low",
      "id": "5"
    }
  ],
  "signatureRelations": [
    {
      "text": "synth lead and sub‑bass lock in a call‑and‑response pattern",
      "confidence": 0.8,
      "reasoningHints": "the lead synth often plays a phrase that is answered by a short bass",
      "supportRefs": [
        "2",
        "3"
      ],
      "id": "1"
    },
    {
      "text": "drums and bass form a tight rhythmic foundation",
      "confidence": 0.9,
      "reasoningHints": "the kick and snare provide a steady 4/4 pulse while the sub‑bass",
      "supportRefs": [
        "1",
        "3"
      ],
      "id": "2"
    }
  ],
  "styleCues": [
    {
      "text": "electronic dance production",
      "confidence": 0.9,
      "reasoningHints": "the combination of a driving 4/4 beat bright synth leads and a deep",
      "supportRefs": [
        "1",
        "2",
        "3",
        "4",
        "5"
      ],
      "id": "1"
    },
    {
      "text": "modern digital sound design",
      "confidence": 0.8,
      "reasoningHints": "the synth lead is processed with bright EQ reverb and subtle delay",
      "supportRefs": [
        "2",
        "3"
      ],
      "id": "2"
    }
  ],
  "uncertainties": [
    "instrumentation ambiguity",
    "genre label ambiguity"
  ],
  "genreHypotheses": [
    {
      "label": "electronic dance music",
      "confidence": 0.9,
      "reasoningHints": "the track follows a typical EDM structure with a clear intro build‑up",
      "supportRefs": [
        "1",
        "2",
        "3",
        "4",
        "5"
      ],
      "id": "g1"
    },
    {
      "label": "EDM sub‑genre",
      "confidence": 0.6,
      "reasoningHints": "the production style and arrangement suggest a mainstream EDM sub‑genre",
      "supportRefs": [
        "1",
        "2",
        "3",
        "4",
        "5"
      ],
      "id": "g2"
    }
  ],
  "aestheticConcepts": [
    {
      "text": "energetic and uplifting",
      "confidence": 0.8,
      "reasoningHints": "the fast tempo bright synths and driving rhythm create a sense of",
      "supportRefs": [
        "1",
        "2",
        "3",
        "4",
        "5"
      ]
    },
    {
      "text": "modern club atmosphere",
      "confidence": 0.7,
      "reasoningHints": "the wide stereo field compressed drums and sub‑bass give the track a",
      "supportRefs": [
        "1",
        "4",
        "5"
      ]
    }
  ],
  "impressions": [
    {
      "text": "exciting and danceable",
      "confidence": 0.9,
      "reasoningHints": "the combination of a steady beat catchy synth melody and deep bass makes",
      "supportRefs": [
        "1",
        "2",
        "3",
        "4",
        "5"
      ]
    },
    {
      "text": "contemporary electronic production",
      "confidence": 0.6,
      "reasoningHints": "",
      "supportRefs": []
    }
  ],
  "contextHypotheses": [],
  "packetDiagnostics": {
    "rawItemCount": 15,
    "acceptedConceptCount": 15,
    "duplicateOrRejectedCount": 0,
    "quarantinedCount": 0,
    "fieldCounts": {
      "audibleObservations": 5,
      "signatureRelations": 2,
      "styleCues": 2,
      "genreHypotheses": 2,
      "contextHypotheses": 0,
      "aestheticConcepts": 2,
      "impressions": 2
    }
  }
}
[Music Flamingo] END PACKET

Inference complete in 161.2s. Packet parsed: ['audibleObservations', 'signatureRelations', 'styleCues', 'uncertainties', 'genreHypotheses', 'aestheticConcepts', 'impressions', 'contextHypotheses', 'packetDiagnostics']
[Music Flamingo] input tokens=1981; generation budget=1024
Running Flamingo structured deep-listening inference...
Inference cancelled: superseded during generation
Client already disconnected; 409 not delivered.
[Music Flamingo] input tokens=1981; generation budget=1024
Running Flamingo structured deep-listening inference...
Inference cancelled: superseded during generation
Client already disconnected; 409 not delivered.
[Music Flamingo] input tokens=1981; generation budget=1024
Running Flamingo structured deep-listening inference (first impression)...
Inference cancelled: superseded during generation
Inference cancelled: superseded before inference
Client already disconnected; 409 not delivered.Client already disconnected; 409 not delivered.

Running Flamingo structured deep-listening inference...
[Music Flamingo] input tokens=1981; generation budget=1024

[Music Flamingo] RAW MODEL RESPONSE (max 6000 chars)
{'audibleObservations': [{'id': 1, 'text': 'fast, driving electronic drum pattern', 'category': 'rhythm', 'confidence': 0.95, 'reasoning': 'steady 4/4 pulse with a strong kick on every beat and a crisp snare on the backbeat, typical of high‑energy electronic dance music.'}, {'id': 2, 'text': 'bright, arpeggiated synth lead', 'category': 'instrumentation', 'confidence': 0.95, 'reasoning': 'a high‑frequency, rapidly repeating melodic line that cuts through the mix, characteristic of synth‑pop or EDM.'}, {'id': 3, 'text': 'deep, resonant synth bass', 'category': 'instrumentation', 'confidence': 0.95, 'reasoning': 'a low‑end, sustained synth tone that underpins the harmony and drives the groove.'}, {'id': 4, 'text': 'layered electronic percussion', 'category': 'instrumentation', 'confidence': 0.95, 'reasoning': 'additional percussive elements such as hi‑hats, claps, and shakers are stacked to create a dense rhythmic texture.'}, {'id': 5, 'text': 'wide stereo imaging', 'category': 'production', 'confidence': 0.95, 'reasoning': 'the mix places the synth lead and bass on opposite sides of the stereo field, giving a spacious, club‑ready feel.'}, {'id': 6, 'text': 'clean, polished mastering', 'category': 'production', 'confidence': 0.95, 'reasoning': 'the overall sound is bright, with tight low‑end control and a glossy high‑frequency sheen, typical of modern electronic releases.'}], 'signatureRelations': [{'id': 1, 'text': 'drum pattern and synth lead interact', 'category': 'rhythm', 'confidence': 0.95, 'reasoning': 'the drum pattern provides a steady pulse while the synth lead plays syncopated arpeggios that accent the off‑beats.'}, {'id': 2, 'text': 'bass and drum lock in a tight groove', 'category': 'rhythm', 'confidence': 0.95, 'reasoning': 'the deep bass follows the kick drum, reinforcing the low‑frequency drive and creating a solid foundation for the track.'}, {'id': 3, 'text': 'percussion layers add rhythmic complexity', 'category': 'rhythm', 'confidence': 0.95, 'reasoning': 'additional percussive elements such as hi‑hats and claps fill the spaces between the main kick/snare, enhancing the groove.'}], 'styleCues': [{'id': 1, 'text': 'electronic drum machine sound', 'category': 'production', 'confidence': 0.95, 'reasoning': 'the drum sounds are synthetic, with a tight, quantized feel that suggests a programmed drum machine.'}, {'id': 2, 'text': 'synth arpeggiation', 'category': 'instrumentation', 'confidence': 0.95, 'reasoning': 'the rapid, repeating arpeggiated synth line is a hallmark of synth‑pop and EDM styles.'}, {'id': 3, 'text': 'deep synth bass', 'category': 'instrumentation', 'confidence': 0.95, 'reasoning': 'the low‑frequency synth bass is a common element in dance‑floor oriented electronic music.'}, {'id': 4, 'text': 'wide stereo spread', 'category': 'production', 'confidence': 0.95, 'reasoning': 'the mix uses stereo widening on the synth lead and bass, creating an immersive listening experience.'}], 'uncertainties': ['instrumentation ambiguity', 'genre ambiguity'], 'genreHypotheses': [{'label': 'electronic dance music', 'confidence': 0.95, 'supportRefs': [1, 2, 3, 4, 5, 6], 'reasoning': 'the combination of a driving electronic drum pattern, bright arpeggiated synth lead, deep synth bass, and polished production strongly points to a style within the broad EDM umbrella.'}, {'label': 'synth‑pop', 'confidence': 0.8, 'supportRefs': [2, 3, 5, 6], 'reasoning': 'the presence of a melodic synth lead and a clean, polished mix aligns with synth‑pop aesthetics, which often blend electronic dance rhythms with pop‑song structures.'}], 'aestheticConcepts': [{'text': 'energetic, club‑ready', 'confidence': 0.95, 'supportRefs':
[Music Flamingo] SANITIZED PACKET SENT TO MUSIC SHOWER (max 6000 chars)
{
  "audibleObservations": [
    {
      "text": "fast driving electronic drum pattern",
      "category": "rhythm",
      "confidence": 0.95,
      "reasoningHints": "steady 4/4 pulse with a strong kick on every beat and a crisp snare on",
      "id": "1"
    },
    {
      "text": "bright arpeggiated synth lead",
      "category": "instrumentation",
      "confidence": 0.95,
      "reasoningHints": "a high‑frequency rapidly repeating melodic line that cuts through the",
      "id": "2"
    },
    {
      "text": "wide stereo imaging",
      "category": "production",
      "confidence": 0.95,
      "reasoningHints": "the mix places the synth lead and bass on opposite sides of the stereo",
      "id": "5"
    },
    {
      "text": "deep resonant synth bass",
      "category": "instrumentation",
      "confidence": 0.95,
      "reasoningHints": "a low‑end sustained synth tone that underpins the harmony and drives the",
      "id": "3"
    },
    {
      "text": "clean polished mastering",
      "category": "production",
      "confidence": 0.95,
      "reasoningHints": "the overall sound is bright with tight low‑end control and a glossy",
      "id": "6"
    },
    {
      "text": "layered electronic percussion",
      "category": "instrumentation",
      "confidence": 0.95,
      "reasoningHints": "additional percussive elements such as hi‑hats claps and shakers are",
      "id": "4"
    }
  ],
  "signatureRelations": [
    {
      "text": "drum pattern and synth lead interact",
      "confidence": 0.95,
      "reasoningHints": "the drum pattern provides a steady pulse while the synth lead plays",
      "supportRefs": [],
      "id": "1"
    },
    {
      "text": "bass and drum lock in a tight groove",
      "confidence": 0.95,
      "reasoningHints": "the deep bass follows the kick drum reinforcing the low‑frequency drive",
      "supportRefs": [],
      "id": "2"
    },
    {
      "text": "percussion layers add rhythmic complexity",
      "confidence": 0.95,
      "reasoningHints": "additional percussive elements such as hi‑hats and claps fill the spaces",
      "supportRefs": [],
      "id": "3"
    }
  ],
  "styleCues": [
    {
      "text": "electronic drum machine sound",
      "confidence": 0.95,
      "reasoningHints": "the drum sounds are synthetic with a tight quantized feel that suggests",
      "supportRefs": [],
      "id": "1"
    },
    {
      "text": "synth arpeggiation",
      "confidence": 0.95,
      "reasoningHints": "the rapid repeating arpeggiated synth line is a hallmark of synth‑pop",
      "supportRefs": [],
      "id": "2"
    },
    {
      "text": "deep synth bass",
      "confidence": 0.95,
      "reasoningHints": "the low‑frequency synth bass is a common element in dance‑floor oriented",
      "supportRefs": [],
      "id": "3"
    },
    {
      "text": "wide stereo spread",
      "confidence": 0.95,
      "reasoningHints": "the mix uses stereo widening on the synth lead and bass creating an",
      "supportRefs": [],
      "id": "4"
    }
  ],
  "uncertainties": [
    "instrumentation ambiguity",
    "genre ambiguity"
  ],
  "genreHypotheses": [
    {
      "label": "electronic dance music",
      "confidence": 0.95,
      "reasoningHints": "the combination of a driving electronic drum pattern bright arpeggiated",
      "supportRefs": [
        "1",
        "2",
        "3",
        "4",
        "5",
        "6"
      ],
      "id": "g1"
    },
    {
      "label": "synth‑pop",
      "confidence": 0.8,
      "reasoningHints": "the presence of a melodic synth lead and a clean polished mix aligns",
      "supportRefs": [
        "2",
        "3",
        "5",
        "6"
      ],
      "id": "g2"
    }
  ],
  "aestheticConcepts": [
    {
      "text": "energetic club‑ready",
      "confidence": 0.62,
      "reasoningHints": "",
      "supportRefs": []
    }
  ],
  "impressions": [],
  "contextHypotheses": [],
  "packetDiagnostics": {
    "rawItemCount": 16,
    "acceptedConceptCount": 16,
    "duplicateOrRejectedCount": 0,
    "quarantinedCount": 0,
    "fieldCounts": {
      "audibleObservations": 6,
      "signatureRelations": 3,
      "styleCues": 4,
      "genreHypotheses": 2,
      "contextHypotheses": 0,
      "aestheticConcepts": 1,
      "impressions": 0
    }
  }
}
[Music Flamingo] END PACKET

Inference complete in 129.6s. Packet parsed: ['audibleObservations', 'signatureRelations', 'styleCues', 'uncertainties', 'genreHypotheses', 'aestheticConcepts', 'impressions', 'contextHypotheses', 'packetDiagnostics']
Running Flamingo structured deep-listening inference (first impression)...
[Music Flamingo] input tokens=738; generation budget=256

[Music Flamingo] RAW MODEL RESPONSE (max 6000 chars)
{'audibleObservations': [{'id': 1, 'text': 'steady electronic beat', 'category': 'rhythm', 'confidence': 0.95}, {'id': 2, 'text': 'synth bassline', 'category': 'instrumentation', 'confidence': 0.95}, {'id': 3, 'text': 'minimalist arrangement', 'category': 'arrangement', 'confidence': 0.95}], 'signatureRelations': [{'id': 1, 'text': 'beat and bassline interplay', 'supportRefs': [1, 2], 'confidence': 0.85}], 'uncertainties': ['no vocals', 'no melodic hooks'], 'genreHypotheses': [{'label': 'electronic dance', 'confidence': 0.3}, {'label': 'minimal techno', 'confidence': 0.2}], 'aestheticConcepts': ['driving groove', 'clean production'], 'impressions': ['energetic', 'focused']}
[Music Flamingo] SANITIZED PACKET SENT TO MUSIC SHOWER (max 6000 chars)
{
  "audibleObservations": [
    {
      "text": "steady electronic beat",
      "category": "rhythm",
      "confidence": 0.95,
      "reasoningHints": "",
      "id": "1"
    },
    {
      "text": "synth bassline",
      "category": "instrumentation",
      "confidence": 0.95,
      "reasoningHints": "",
      "id": "2"
    },
    {
      "text": "minimalist arrangement",
      "category": "arrangement",
      "confidence": 0.95,
      "reasoningHints": "",
      "id": "3"
    }
  ],
  "signatureRelations": [
    {
      "text": "beat and bassline interplay",
      "confidence": 0.85,
      "reasoningHints": "",
      "supportRefs": [
        "1",
        "2"
      ],
      "id": "1"
    }
  ],
  "styleCues": [],
  "uncertainties": [
    "no vocals",
    "no melodic hooks"
  ],
  "genreHypotheses": [
    {
      "label": "electronic dance",
      "confidence": 0.3,
      "reasoningHints": "",
      "supportRefs": [],
      "id": "g1",
      "provisional": true
    },
    {
      "label": "minimal techno",
      "confidence": 0.2,
      "reasoningHints": "",
      "supportRefs": [],
      "id": "g2",
      "provisional": true
    }
  ],
  "aestheticConcepts": [
    {
      "text": "driving groove",
      "confidence": 0.62,
      "reasoningHints": "",
      "supportRefs": []
    },
    {
      "text": "clean production",
      "confidence": 0.62,
      "reasoningHints": "",
      "supportRefs": []
    }
  ],
  "impressions": [
    {
      "text": "energetic",
      "confidence": 0.6,
      "reasoningHints": "",
      "supportRefs": []
    },
    {
      "text": "focused",
      "confidence": 0.6,
      "reasoningHints": "",
      "supportRefs": []
    }
  ],
  "contextHypotheses": [],
  "packetDiagnostics": {
    "rawItemCount": 10,
    "acceptedConceptCount": 10,
    "duplicateOrRejectedCount": 0,
    "quarantinedCount": 0,
    "fieldCounts": {
      "audibleObservations": 3,
      "signatureRelations": 1,
      "styleCues": 0,
      "genreHypotheses": 2,
      "contextHypotheses": 0,
      "aestheticConcepts": 2,
      "impressions": 2
    }
  }
}
[Music Flamingo] END PACKET

Inference complete in 25.1s. Packet parsed: ['audibleObservations', 'signatureRelations', 'styleCues', 'uncertainties', 'genreHypotheses', 'aestheticConcepts', 'impressions', 'contextHypotheses', 'packetDiagnostics']
Running Flamingo structured deep-listening inference...
[Music Flamingo] input tokens=1980; generation budget=1024

[Music Flamingo] RAW MODEL RESPONSE (max 6000 chars)
{"audibleObservations": [{"id": 1, "text": "steady 4/4 pulse", "category": "rhythm", "confidence": 0.9, "reasoning": "clear downbeat on each beat, consistent subdivision of 4", "supportRefs": [1], "uncertainties": ["no explicit drum kit sound"]}, {"id": 2, "text": "synth bass with sidechain", "category": "instrumentation", "confidence": 0.8, "reasoning": "low‑end synth bass that ducks under a bright synth lead, typical of modern electronic pop", "supportRefs": [1], "uncertainties": ["could be a sampled bass"]}, {"id": 3, "text": "bright synth lead", "category": "instrumentation", "confidence": 0.8, "reasoning": "melodic synth line with a clean, digital timbre, often panned wide", "supportRefs": [2], "uncertainties": ["could be a sampled lead"]}, {"id": 4, "text": "light electronic drums", "category": "instrumentation", "confidence": 0.6, "reasoning": "soft kick, snappy snare, and hi‑hat patterns that sit behind the synth elements", "supportRefs": [1], "uncertainties": ["could be a sampled drum loop"]}, {"id": 5, "text": "repetitive chord progression", "category": "harmony", "confidence": 0.9, "reasoning": "simple major‑key loop that repeats every 8 bars, creating a stable harmonic foundation", "supportRefs": [1], "uncertainties": ["could be a sampled chord progression"]}, {"id": 6, "text": "steady tempo", "category": "rhythm", "confidence": 0.9, "reasoning": "consistent BPM throughout the segment, no tempo changes", "supportRefs": [1], "uncertainties": ["no tempo modulation"]}], "signatureRelations": [{"id": 1, "text": "synth bass and lead interplay", "category": "instrumentation", "confidence": 0.8, "reasoning": "the synth bass ducks under the lead, creating a classic side‑chain effect that emphasizes the lead melody", "supportRefs": [1, 2], "uncertainties": ["could be a sampled bass and lead"]}, {"id": 2, "text": "drums supporting the groove", "category": "rhythm", "confidence": 0.6, "reasoning": "light electronic drums provide a steady backbeat that reinforces the 4/4 pulse", "supportRefs": [1, 4], "uncertainties": ["could be a sampled drum loop"]}], "styleCues": [{"id": 1, "text": "modern electronic pop", "category": "production", "confidence": 0.8, "reasoning": "bright synth timbres, side‑chain compression, and a clean mix that highlights the melodic lead", "supportRefs": [2, 3, 4], "uncertainties": ["could be a sampled synth lead"]}, {"id": 2, "text": "side‑chain bass technique", "category": "production", "confidence": 0.7, "reasoning": "the bass ducking under the lead is a hallmark of contemporary electronic pop production", "supportRefs": [1, 2], "uncertainties": ["could be a sampled bass"]}], "uncertainties": ["no vocal presence", "no explicit drum kit sound", "could be a sampled bass and lead"], "genreHypotheses": [{"label": "electronic pop", "confidence": 0.8, "supportRefs": [1, 2, 3, 4], "reasoning": "the combination of a steady 4/4 pulse, bright synth lead, side‑chain bass, and simple major‑key chord loop is characteristic of modern electronic pop"}, {"label": "synth‑pop", "confidence": 0.6, "supportRefs": [1, 2, 3, 4], "reasoning": "the track’s focus on synth textures and a clean, dance‑able groove aligns with synth‑pop aesthetics"}], "aestheticConcepts": [{"text": "bright and airy", "confidence": 0.8, "supportRefs": [3], "reasoning": "the synth lead’s timbre is crisp and high‑frequency‑rich, giving the track an uplifting feel"}, {"text": "clean production", "confidence": 0.7, "supportRefs": [4], "reasoning": "the mix is transparent, with each element clearly defined and balanced"}], "im
[Music Flamingo] SANITIZED PACKET SENT TO MUSIC SHOWER (max 6000 chars)
{
  "audibleObservations": [
    {
      "text": "steady 4/4 pulse",
      "category": "rhythm",
      "confidence": 0.9,
      "reasoningHints": "clear downbeat on each beat consistent subdivision of 4",
      "id": "1"
    },
    {
      "text": "synth bass with sidechain",
      "category": "instrumentation",
      "confidence": 0.8,
      "reasoningHints": "low‑end synth bass that ducks under a bright synth lead typical of",
      "id": "2"
    },
    {
      "text": "repetitive chord progression",
      "category": "arrangement",
      "confidence": 0.9,
      "reasoningHints": "simple major‑key loop that repeats every 8 bars creating a stable",
      "sourceCategory": "harmony",
      "id": "5"
    },
    {
      "text": "bright synth lead",
      "category": "instrumentation",
      "confidence": 0.8,
      "reasoningHints": "melodic synth line with a clean digital timbre often panned wide",
      "id": "3"
    },
    {
      "text": "steady tempo",
      "category": "rhythm",
      "confidence": 0.9,
      "reasoningHints": "consistent BPM throughout the segment no tempo changes",
      "id": "6"
    },
    {
      "text": "light electronic drums",
      "category": "instrumentation",
      "confidence": 0.6,
      "reasoningHints": "soft kick snappy snare and hi‑hat patterns that sit behind the synth",
      "id": "4"
    }
  ],
  "signatureRelations": [
    {
      "text": "synth bass and lead interplay",
      "confidence": 0.8,
      "reasoningHints": "the synth bass ducks under the lead creating a classic side‑chain effect",
      "supportRefs": [
        "1",
        "2"
      ],
      "id": "1"
    },
    {
      "text": "drums supporting the groove",
      "confidence": 0.6,
      "reasoningHints": "light electronic drums provide a steady backbeat that reinforces the 4/4",
      "supportRefs": [
        "1",
        "4"
      ],
      "id": "2"
    }
  ],
  "styleCues": [
    {
      "text": "modern electronic pop",
      "confidence": 0.8,
      "reasoningHints": "bright synth timbres side‑chain compression and a clean mix that",
      "supportRefs": [
        "2",
        "3",
        "4"
      ],
      "id": "1"
    },
    {
      "text": "side‑chain bass technique",
      "confidence": 0.7,
      "reasoningHints": "the bass ducking under the lead is a hallmark of contemporary electronic",
      "supportRefs": [
        "1",
        "2"
      ],
      "id": "2"
    }
  ],
  "uncertainties": [
    "no vocal presence",
    "no explicit drum kit sound",
    "could be a sampled bass and lead"
  ],
  "genreHypotheses": [
    {
      "label": "electronic pop",
      "confidence": 0.8,
      "reasoningHints": "the combination of a steady 4/4 pulse bright synth lead side‑chain bass",
      "supportRefs": [
        "1",
        "2",
        "3",
        "4"
      ],
      "id": "g1"
    },
    {
      "label": "synth‑pop",
      "confidence": 0.6,
      "reasoningHints": "the track’s focus on synth textures and a clean dance‑able groove aligns",
      "supportRefs": [
        "1",
        "2",
        "3",
        "4"
      ],
      "id": "g2"
    }
  ],
  "aestheticConcepts": [
    {
      "text": "bright and airy",
      "confidence": 0.8,
      "reasoningHints": "the synth lead’s timbre is crisp and high‑frequency‑rich giving the",
      "supportRefs": [
        "3"
      ]
    },
    {
      "text": "clean production",
      "confidence": 0.7,
      "reasoningHints": "the mix is transparent with each element clearly defined and balanced",
      "supportRefs": [
        "4"
      ]
    }
  ],
  "impressions": [],
  "contextHypotheses": [],
  "packetDiagnostics": {
    "rawItemCount": 14,
    "acceptedConceptCount": 14,
    "duplicateOrRejectedCount": 0,
    "quarantinedCount": 0,
    "fieldCounts": {
      "audibleObservations": 6,
      "signatureRelations": 2,
      "styleCues": 2,
      "genreHypotheses": 2,
      "contextHypotheses": 0,
      "aestheticConcepts": 2,
      "impressions": 0
    }
  }
}
[Music Flamingo] END PACKET

Inference complete in 150.0s. Packet parsed: ['audibleObservations', 'signatureRelations', 'styleCues', 'uncertainties', 'genreHypotheses', 'aestheticConcepts', 'impressions', 'contextHypotheses', 'packetDiagnostics']
Running Flamingo structured deep-listening inference...
[Music Flamingo] input tokens=1981; generation budget=1024
Inference cancelled: superseded during generation
Client already disconnected; 409 not delivered.
Running Flamingo structured deep-listening inference (first impression)...
[Music Flamingo] input tokens=762; generation budget=256

[Music Flamingo] RAW MODEL RESPONSE (max 6000 chars)
{'audibleObservations': [{'id': 1, 'text': 'instrumental rock', 'category': 'instrumentation', 'confidence': 0.7}, {'id': 2, 'text': 'driving rhythm', 'category': 'rhythm', 'confidence': 0.8}, {'id': 3, 'text': 'clean electric guitar', 'category': 'instrumentation', 'confidence': 0.7}], 'signatureRelations': [{'id': 1, 'text': 'guitar-driven rock', 'supportRefs': [1, 3], 'confidence': 0.6}, {'id': 2, 'text': 'steady drum groove', 'supportRefs': [2], 'confidence': 0.5}], 'uncertainties': ['no vocals', 'no explicit genre label'], 'genreHypotheses': [{'label': 'rock', 'confidence': 0.3}, {'label': 'instrumental rock', 'confidence': 0.6}], 'aestheticConcepts': ['energetic', 'forward-moving'], 'impressions': ['confident', 'steady momentum']}
[Music Flamingo] SANITIZED PACKET SENT TO MUSIC SHOWER (max 6000 chars)
{
  "audibleObservations": [
    {
      "text": "instrumental rock",
      "category": "instrumentation",
      "confidence": 0.7,
      "reasoningHints": "",
      "id": "1"
    },
    {
      "text": "driving rhythm",
      "category": "rhythm",
      "confidence": 0.8,
      "reasoningHints": "",
      "id": "2"
    },
    {
      "text": "clean electric guitar",
      "category": "instrumentation",
      "confidence": 0.7,
      "reasoningHints": "",
      "id": "3"
    }
  ],
  "signatureRelations": [
    {
      "text": "guitar-driven rock",
      "confidence": 0.6,
      "reasoningHints": "",
      "supportRefs": [
        "1",
        "3"
      ],
      "id": "1"
    },
    {
      "text": "steady drum groove",
      "confidence": 0.5,
      "reasoningHints": "",
      "supportRefs": [
        "2"
      ],
      "id": "2"
    }
  ],
  "styleCues": [],
  "uncertainties": [
    "no vocals",
    "no explicit genre label"
  ],
  "genreHypotheses": [
    {
      "label": "rock",
      "confidence": 0.3,
      "reasoningHints": "",
      "supportRefs": [],
      "id": "g1",
      "provisional": true
    },
    {
      "label": "instrumental rock",
      "confidence": 0.48,
      "reasoningHints": "",
      "supportRefs": [],
      "id": "g2",
      "provisional": true
    }
  ],
  "aestheticConcepts": [
    {
      "text": "energetic",
      "confidence": 0.62,
      "reasoningHints": "",
      "supportRefs": []
    },
    {
      "text": "forward-moving",
      "confidence": 0.62,
      "reasoningHints": "",
      "supportRefs": []
    }
  ],
  "impressions": [
    {
      "text": "confident",
      "confidence": 0.6,
      "reasoningHints": "",
      "supportRefs": []
    },
    {
      "text": "steady momentum",
      "confidence": 0.6,
      "reasoningHints": "",
      "supportRefs": []
    }
  ],
  "contextHypotheses": [],
  "packetDiagnostics": {
    "rawItemCount": 11,
    "acceptedConceptCount": 11,
    "duplicateOrRejectedCount": 0,
    "quarantinedCount": 0,
    "fieldCounts": {
      "audibleObservations": 3,
      "signatureRelations": 2,
      "styleCues": 0,
      "genreHypotheses": 2,
      "contextHypotheses": 0,
      "aestheticConcepts": 2,
      "impressions": 2
    }
  }
}
[Music Flamingo] END PACKET

Inference complete in 27.5s. Packet parsed: ['audibleObservations', 'signatureRelations', 'styleCues', 'uncertainties', 'genreHypotheses', 'aestheticConcepts', 'impressions', 'contextHypotheses', 'packetDiagnostics']
Running Flamingo structured deep-listening inference...
[Music Flamingo] input tokens=1980; generation budget=1024

[Music Flamingo] RAW MODEL RESPONSE (max 6000 chars)
{'audibleObservations': [{'id': 1, 'text': 'electronic drum kit', 'category': 'rhythm', 'confidence': 0.9, 'reasoning': 'steady 4/4 pulse with a crisp, quantized kick and snare pattern.'}, {'id': 2, 'text': 'synth bass', 'category': 'instrumentation', 'confidence': 0.9, 'reasoning': 'deep, sustained sub‑bass that follows the root of the chord progression.'}, {'id': 3, 'text': 'synth lead', 'category': 'instrumentation', 'confidence': 0.9, 'reasoning': 'bright, arpeggiated melodic line that repeats a short motif throughout the loop.'}, {'id': 4, 'text': 'minimal harmonic movement', 'category': 'harmony', 'confidence': 0.8, 'reasoning': 'the chord changes are simple and repetitive, staying mostly on the tonic and its relative minor.'}, {'id': 5, 'text': 'steady 4/4 pulse', 'category': 'rhythm', 'confidence': 0.9, 'reasoning': 'the drum pattern emphasizes the downbeat with a consistent kick on every quarter note and a snare on the backbeat.'}], 'signatureRelations': [{'id': 1, 'text': 'drum and bass elements', 'supportRefs': [1, 2], 'confidence': 0.7, 'reasoning': 'the drum kit sound and the driving bass line are characteristic of drum and bass, though the tempo is slower than typical.'}, {'id': 2, 'text': 'synth lead and bass interplay', 'supportRefs': [3, 2], 'confidence': 0.6, 'reasoning': 'the synth lead and bass work together in a call‑and‑response fashion, with the bass providing a steady foundation and the lead adding melodic interest.'}], 'styleCues': [{'id': 1, 'text': 'electronic production', 'confidence': 0.8, 'supportRefs': [1, 2, 3]}, {'id': 2, 'text': 'minimalist arrangement', 'confidence': 0.7, 'supportRefs': [4, 5]}], 'uncertainties': ['instrumentation ambiguity'], 'genreHypotheses': [{'label': 'drum and bass', 'confidence': 0.5, 'supportRefs': [1, 2, 3, 4, 5]}, {'label': 'ambient electronic', 'confidence': 0.3, 'supportRefs': [1, 2, 3, 4, 5]}], 'aestheticConcepts': [{'text': 'hypnotic', 'confidence': 0.6, 'supportRefs': [1, 2, 3, 4, 5]}, {'text': 'minimalist', 'confidence': 0.5, 'supportRefs': [4, 5]}], 'impressions': [{'text': 'calm yet driving', 'confidence': 0.7, 'supportRefs': [1, 2, 3, 4, 5]}, {'text': 'steady, meditative', 'confidence': 0.6, 'supportRefs': [1, 2, 3, 4, 5]}], 'contextHypotheses': [{'text': 'contemporary electronic', 'category': 'scene', 'confidence': 0.8, 'supportRefs': [1, 2, 3, 4, 5]}, {'text': 'late‑2010s ambient‑drum‑and‑bass crossover', 'category': 'era', 'confidence': 0.4, 'supportRefs': [1, 2, 3, 4, 5]}]}
[Music Flamingo] SANITIZED PACKET SENT TO MUSIC SHOWER (max 6000 chars)
{
  "audibleObservations": [
    {
      "text": "electronic drum kit",
      "category": "rhythm",
      "confidence": 0.9,
      "reasoningHints": "steady 4/4 pulse with a crisp quantized kick and snare pattern.",
      "id": "1"
    },
    {
      "text": "synth bass",
      "category": "instrumentation",
      "confidence": 0.9,
      "reasoningHints": "deep sustained sub‑bass that follows the root of the chord progression.",
      "id": "2"
    },
    {
      "text": "minimal harmonic movement",
      "category": "arrangement",
      "confidence": 0.8,
      "reasoningHints": "the chord changes are simple and repetitive staying mostly on the tonic",
      "sourceCategory": "harmony",
      "id": "4"
    },
    {
      "text": "synth lead",
      "category": "instrumentation",
      "confidence": 0.9,
      "reasoningHints": "bright arpeggiated melodic line that repeats a short motif throughout",
      "id": "3"
    },
    {
      "text": "steady 4/4 pulse",
      "category": "rhythm",
      "confidence": 0.9,
      "reasoningHints": "the drum pattern emphasizes the downbeat with a consistent kick on every",
      "id": "5"
    }
  ],
  "signatureRelations": [
    {
      "text": "drum and bass elements",
      "confidence": 0.7,
      "reasoningHints": "the drum kit sound and the driving bass line are characteristic of drum",
      "supportRefs": [
        "1",
        "2"
      ],
      "id": "1"
    },
    {
      "text": "synth lead and bass interplay",
      "confidence": 0.6,
      "reasoningHints": "the synth lead and bass work together in a call‑and‑response fashion",
      "supportRefs": [
        "3",
        "2"
      ],
      "id": "2"
    }
  ],
  "styleCues": [
    {
      "text": "electronic production",
      "confidence": 0.8,
      "reasoningHints": "",
      "supportRefs": [
        "1",
        "2",
        "3"
      ],
      "id": "1"
    },
    {
      "text": "minimalist arrangement",
      "confidence": 0.7,
      "reasoningHints": "",
      "supportRefs": [
        "4",
        "5"
      ],
      "id": "2"
    }
  ],
  "uncertainties": [
    "instrumentation ambiguity"
  ],
  "genreHypotheses": [
    {
      "label": "drum and bass",
      "confidence": 0.5,
      "reasoningHints": "",
      "supportRefs": [
        "1",
        "2",
        "3",
        "4",
        "5"
      ],
      "id": "g1"
    },
    {
      "label": "ambient electronic",
      "confidence": 0.3,
      "reasoningHints": "",
      "supportRefs": [
        "1",
        "2",
        "3",
        "4",
        "5"
      ],
      "id": "g2"
    }
  ],
  "aestheticConcepts": [
    {
      "text": "hypnotic",
      "confidence": 0.6,
      "reasoningHints": "",
      "supportRefs": [
        "1",
        "2",
        "3",
        "4",
        "5"
      ]
    },
    {
      "text": "minimalist",
      "confidence": 0.5,
      "reasoningHints": "",
      "supportRefs": [
        "4",
        "5"
      ]
    }
  ],
  "impressions": [
    {
      "text": "calm yet driving",
      "confidence": 0.7,
      "reasoningHints": "",
      "supportRefs": [
        "1",
        "2",
        "3",
        "4",
        "5"
      ]
    },
    {
      "text": "steady meditative",
      "confidence": 0.6,
      "reasoningHints": "",
      "supportRefs": [
        "1",
        "2",
        "3",
        "4",
        "5"
      ]
    }
  ],
  "contextHypotheses": [
    {
      "text": "contemporary electronic",
      "category": "scene",
      "confidence": 0.8,
      "reasoningHints": "",
      "supportRefs": [
        "1",
        "2",
        "3",
        "4",
        "5"
      ]
    },
    {
      "text": "late‑2010s ambient‑drum‑and‑bass crossover",
      "category": "era",
      "confidence": 0.4,
      "reasoningHints": "",
      "supportRefs": [
        "1",
        "2",
        "3",
        "4",
        "5"
      ]
    }
  ],
  "packetDiagnostics": {
    "rawItemCount": 17,
    "acceptedConceptCount": 17,
    "duplicateOrRejectedCount": 0,
    "quarantinedCount": 0,
    "fieldCounts": {
      "audibleObservations": 5,
      "signatureRelations": 2,
      "styleCues": 2,
      "genreHypotheses": 2,
      "contextHypotheses": 2,
      "aestheticConcepts": 2,
      "impressions": 2
    }
  }
}
[Music Flamingo] END PACKET

Inference complete in 107.2s. Packet parsed: ['audibleObservations', 'signatureRelations', 'styleCues', 'uncertainties', 'genreHypotheses', 'aestheticConcepts', 'impressions', 'contextHypotheses', 'packetDiagnostics']
Running Flamingo structured deep-listening inference...
[Music Flamingo] input tokens=1981; generation budget=1024
Running Flamingo structured deep-listening inference (first impression)...
[Music Flamingo] NOTE: fewer items than the model sent: audibleObservations 22->8

[Music Flamingo] RAW MODEL RESPONSE (max 6000 chars)
{'audibleObservations': [{'id': 1, 'text': 'electronic drum machine', 'category': 'rhythm', 'confidence': 0.9, 'reasoning': 'steady 4/4 pulse with quantized kick/snare pattern'}, {'id': 2, 'text': 'synth bass', 'category': 'instrumentation', 'confidence': 0.9, 'reasoning': 'deep, sustained low‑end tone with slight filter movement'}, {'id': 3, 'text': 'synth lead', 'category': 'instrumentation', 'confidence': 0.9, 'reasoning': 'bright, arpeggiated melodic line with reverb and delay'}, {'id': 4, 'text': 'vocal sample', 'category': 'instrumentation', 'confidence': 0.9, 'reasoning': 'short, processed female snippet used as a rhythmic hook'}, {'id': 5, 'text': 'minimal harmonic content', 'category': 'harmony', 'confidence': 0.9, 'reasoning': 'repetitive two‑chord loop with static tonal center'}, {'id': 6, 'text': 'steady 4/4 pulse', 'category': 'rhythm', 'confidence': 0.9, 'reasoning': 'consistent quarter‑note kick and snare pattern throughout'}, {'id': 7, 'text': 'compressed dynamics', 'category': 'production', 'confidence': 0.9, 'reasoning': 'overall loudness is uniformly high with limited dynamic range'}, {'id': 8, 'text': 'wide stereo imaging', 'category': 'production', 'confidence': 0.9, 'reasoning': 'synth elements panned to create a spacious field'}, {'id': 9, 'text': 'reverb‑heavy vocal sample', 'category': 'vocal', 'confidence': 0.9, 'reasoning': 'sample is heavily processed with long decay and subtle delay'}, {'id': 10, 'text': 'looped structure', 'category': 'arrangement', 'confidence': 0.9, 'reasoning': 'the track consists of repeating 8‑measure sections with no clear verse‑chorus distinction'}, {'id': 11, 'text': 'electronic drum machine', 'category': 'rhythm', 'confidence': 0.9, 'reasoning': 'steady 4/4 pulse with quantized kick/snare pattern'}, {'id': 12, 'text': 'synth bass', 'category': 'instrumentation', 'confidence': 0.9, 'reasoning': 'deep, sustained low‑end tone with slight filter movement'}, {'id': 13, 'text': 'synth lead', 'category': 'instrumentation', 'confidence': 0.9, 'reasoning': 'bright, arpeggiated melodic line with reverb and delay'}, {'id': 14, 'text': 'vocal sample', 'category': 'instrumentation', 'confidence': 0.9, 'reasoning': 'short, processed female snippet used as a rhythmic hook'}, {'id': 15, 'text': 'minimal harmonic content', 'category': 'harmony', 'confidence': 0.9, 'reasoning': 'repetitive two‑chord loop with static tonal center'}, {'id': 16, 'text': 'steady 4/4 pulse', 'category': 'rhythm', 'confidence': 0.9, 'reasoning': 'consistent quarter‑note kick and snare pattern throughout'}, {'id': 17, 'text': 'compressed dynamics', 'category': 'production', 'confidence': 0.9, 'reasoning': 'overall loudness is uniformly high with limited dynamic range'}, {'id': 18, 'text': 'wide stereo imaging', 'category': 'production', 'confidence': 0.9, 'reasoning': 'synth elements panned to create a spacious field'}, {'id': 19, 'text': 'reverb‑heavy vocal sample', 'category': 'vocal', 'confidence': 0.9, 'reasoning': 'sample is heavily processed with long decay and subtle delay'}, {'id': 20, 'text': 'looped structure', 'category': 'arrangement', 'confidence': 0.9, 'reasoning': 'the track consists of repeating 8‑measure sections with no clear verse‑chorus distinction'}, {'id': 21, 'text': 'electronic drum machine', 'category': 'rhythm', 'confidence': 0.9, 'reasoning': 'steady 4/4 pulse with quantized kick/snare pattern'}, {'id': 22, 'text
[Music Flamingo] SANITIZED PACKET SENT TO MUSIC SHOWER (max 6000 chars)
{
  "audibleObservations": [
    {
      "text": "electronic drum machine",
      "category": "rhythm",
      "confidence": 0.9,
      "reasoningHints": "steady 4/4 pulse with quantized kick/snare pattern",
      "id": "1"
    },
    {
      "text": "synth bass",
      "category": "instrumentation",
      "confidence": 0.9,
      "reasoningHints": "deep sustained low‑end tone with slight filter movement",
      "id": "2"
    },
    {
      "text": "minimal harmonic content",
      "category": "arrangement",
      "confidence": 0.9,
      "reasoningHints": "repetitive two‑chord loop with static tonal center",
      "sourceCategory": "harmony",
      "id": "5"
    },
    {
      "text": "compressed dynamics",
      "category": "production",
      "confidence": 0.9,
      "reasoningHints": "overall loudness is uniformly high with limited dynamic range",
      "id": "7"
    },
    {
      "text": "reverb‑heavy vocal sample",
      "category": "performance",
      "confidence": 0.9,
      "reasoningHints": "sample is heavily processed with long decay and subtle delay",
      "sourceCategory": "vocal",
      "id": "9"
    },
    {
      "text": "looped structure",
      "category": "arrangement",
      "confidence": 0.9,
      "reasoningHints": "the track consists of repeating 8‑measure sections with no clear",
      "id": "10"
    },
    {
      "text": "synth lead",
      "category": "instrumentation",
      "confidence": 0.9,
      "reasoningHints": "bright arpeggiated melodic line with reverb and delay",
      "id": "3"
    },
    {
      "text": "steady 4/4 pulse",
      "category": "rhythm",
      "confidence": 0.9,
      "reasoningHints": "consistent quarter‑note kick and snare pattern throughout",
      "id": "6"
    }
  ],
  "signatureRelations": [],
  "styleCues": [],
  "uncertainties": [],
  "genreHypotheses": [],
  "aestheticConcepts": [],
  "impressions": [],
  "contextHypotheses": [],
  "packetDiagnostics": {
    "rawItemCount": 22,
    "acceptedConceptCount": 8,
    "duplicateOrRejectedCount": 14,
    "quarantinedCount": 0,
    "fieldCounts": {
      "audibleObservations": 8,
      "signatureRelations": 0,
      "styleCues": 0,
      "genreHypotheses": 0,
      "contextHypotheses": 0,
      "aestheticConcepts": 0,
      "impressions": 0
    }
  }
}
[Music Flamingo] END PACKET

Inference complete in 152.6s. Packet parsed: ['audibleObservations', 'signatureRelations', 'styleCues', 'uncertainties', 'genreHypotheses', 'aestheticConcepts', 'impressions', 'contextHypotheses', 'packetDiagnostics']
[Music Flamingo] input tokens=738; generation budget=256
Running Flamingo structured deep-listening inference...
Inference cancelled: superseded during generation
Client already disconnected; 409 not delivered.
[Music Flamingo] input tokens=1981; generation budget=1024
Running Flamingo structured deep-listening inference (first impression)...

[Music Flamingo] RAW MODEL RESPONSE (max 6000 chars)
{"audibleObservations": [{"id": 1, "text": "four-on-the-floor kick", "category": "rhythm", "confidence": 0.9, "reasoning": "steady pulse on every beat"}, {"id": 2, "text": "synth bassline", "category": "instrumentation", "confidence": 0.9, "reasoning": "low‑mid synth with a driving, repetitive pattern"}, {"id": 3, "text": "bright synth lead", "category": "instrumentation", "confidence": 0.9, "reasoning": "melodic synth with a clear, high‑frequency timbre"}, {"id": 4, "text": "four‑on‑the‑floor drum pattern", "category": "rhythm", "confidence": 0.9, "reasoning": "kick on every quarter note, snare on 2 and 4, hi‑hats in steady 16th‑note subdivisions"}], "signatureRelations": [{"id": 1, "text": "kick and bass lock", "supportRefs": [1, 2], "confidence": 0.8, "reasoning": "the kick and bass are tightly synchronized, reinforcing the pulse"}, {"id": 2, "text": "lead synth over bass", "supportRefs": [2, 3], "confidence": 0.8, "reasoning": "the lead synth plays over the bassline, adding melodic interest"}], "styleCues": [{"id": 1, "text": "electronic drum kit", "confidence": 0.7, "supportRefs": [1], "reasoning": "the drum sound is a synthesized kit with a punchy, compressed character typical of electronic dance music"}], "uncertainties": ["instrument source ambiguity"], "genreHypotheses": [{"label": "electronic dance music", "confidence": 0.6, "supportRefs": [1, 2, 3], "reasoning": "the four‑on‑the‑floor kick, synth bass, and bright lead synth are hallmark elements of EDM"}], "aestheticConcepts": [{"text": "energetic and uplifting", "confidence": 0.8, "supportRefs": [1, 2, 3], "reasoning": "the steady pulse and bright synth timbres create a forward‑moving, positive atmosphere"}], "impressions": [{"text": "driving and dance‑floor ready", "confidence": 0.7, "supportRefs": [1, 2, 3], "reasoning": "the combination of a strong kick, a pulsating bass, and a melodic lead suggests a track designed for movement and excitement"}], "contextHypotheses": [{"text": "modern club setting", "category": "scene", "confidence": 0.5, "supportRefs": [1, 2, 3], "reasoning": "the four‑on‑the‑floor rhythm and synth textures are typical of contemporary electronic dance music played in clubs"}], "genreHypotheses": [{"label": "electronic dance music", "confidence": 0.6, "supportRefs": [1, 2, 3], "reasoning": "the four‑on‑the‑floor kick, synth bass, and bright lead synth are hallmark elements of EDM"}], "aestheticConcepts": [{"text": "energetic and uplifting", "confidence": 0.8, "supportRefs": [1, 2, 3], "reasoning": "the steady pulse and bright synth timbres create a forward‑moving, positive atmosphere"}], "impressions": [{"text": "driving and dance‑floor ready", "confidence": 0.7, "supportRefs": [1, 2, 3], "reasoning": "the combination of a strong kick, a pulsating bass, and a melodic lead suggests a track designed for movement and excitement"}], "contextHypotheses": [{"text": "modern club setting", "category": "scene", "confidence": 0.5, "supportRefs": [1, 2, 3], "reasoning": "the four‑on‑the‑floor rhythm and synth textures are typical of contemporary electronic dance music played in clubs"}], "genreHypotheses": [{"label": "electronic dance music", "confidence": 0.6, "supportRefs": [1, 2, 3], "reasoning": "the four‑on‑the‑floor kick, synth bass, and bright lead synth are hallmark elements of EDM"}], "aestheticConcepts": [{"text": "energetic and uplifting", "confidence": 0.8, "supportRefs": [1, 2, 3], "reasoning": "the
[Music Flamingo] SANITIZED PACKET SENT TO MUSIC SHOWER (max 6000 chars)
{
  "audibleObservations": [
    {
      "text": "four-on-the-floor kick",
      "category": "rhythm",
      "confidence": 0.9,
      "reasoningHints": "steady pulse on every beat",
      "id": "1"
    },
    {
      "text": "synth bassline",
      "category": "instrumentation",
      "confidence": 0.9,
      "reasoningHints": "low‑mid synth with a driving repetitive pattern",
      "id": "2"
    },
    {
      "text": "bright synth lead",
      "category": "instrumentation",
      "confidence": 0.9,
      "reasoningHints": "melodic synth with a clear high‑frequency timbre",
      "id": "3"
    },
    {
      "text": "four‑on‑the‑floor drum pattern",
      "category": "rhythm",
      "confidence": 0.9,
      "reasoningHints": "kick on every quarter note snare on 2 and 4 hi‑hats in steady 16th‑note",
      "id": "4"
    }
  ],
  "signatureRelations": [
    {
      "text": "kick and bass lock",
      "confidence": 0.8,
      "reasoningHints": "the kick and bass are tightly synchronized reinforcing the pulse",
      "supportRefs": [
        "1",
        "2"
      ],
      "id": "1"
    },
    {
      "text": "lead synth over bass",
      "confidence": 0.8,
      "reasoningHints": "the lead synth plays over the bassline adding melodic interest",
      "supportRefs": [
        "2",
        "3"
      ],
      "id": "2"
    }
  ],
  "styleCues": [
    {
      "text": "electronic drum kit",
      "confidence": 0.7,
      "reasoningHints": "the drum sound is a synthesized kit with a punchy compressed character",
      "supportRefs": [
        "1"
      ],
      "id": "1"
    }
  ],
  "uncertainties": [
    "instrument source ambiguity"
  ],
  "genreHypotheses": [
    {
      "label": "electronic dance music",
      "confidence": 0.6,
      "reasoningHints": "the four‑on‑the‑floor kick synth bass and bright lead synth are hallmark",
      "supportRefs": [
        "1",
        "2",
        "3"
      ],
      "id": "g1"
    }
  ],
  "aestheticConcepts": [
    {
      "text": "energetic and uplifting",
      "confidence": 0.8,
      "reasoningHints": "",
      "supportRefs": [
        "1",
        "2",
        "3"
      ]
    }
  ],
  "impressions": [
    {
      "text": "driving and dance‑floor ready",
      "confidence": 0.7,
      "reasoningHints": "the combination of a strong kick a pulsating bass and a melodic lead",
      "supportRefs": [
        "1",
        "2",
        "3"
      ]
    }
  ],
  "contextHypotheses": [
    {
      "text": "modern club setting",
      "category": "scene",
      "confidence": 0.5,
      "reasoningHints": "the four‑on‑the‑floor rhythm and synth textures are typical of",
      "supportRefs": [
        "1",
        "2",
        "3"
      ]
    }
  ],
  "packetDiagnostics": {
    "rawItemCount": 11,
    "acceptedConceptCount": 11,
    "duplicateOrRejectedCount": 0,
    "quarantinedCount": 0,
    "fieldCounts": {
      "audibleObservations": 4,
      "signatureRelations": 2,
      "styleCues": 1,
      "genreHypotheses": 1,
      "contextHypotheses": 1,
      "aestheticConcepts": 1,
      "impressions": 1
    }
  }
}
[Music Flamingo] END PACKET

Inference complete in 144.6s. Packet parsed: ['audibleObservations', 'signatureRelations', 'styleCues', 'uncertainties', 'genreHypotheses', 'aestheticConcepts', 'impressions', 'contextHypotheses', 'packetDiagnostics']
[Music Flamingo] input tokens=738; generation budget=256
Running Flamingo structured deep-listening inference...

[Music Flamingo] RAW MODEL RESPONSE (max 6000 chars)
Inference cancelled: superseded before inference{'audibleObservations': [{'id': 1, 'text': 'instrumental electronic', 'category': 'instrumentation', 'confidence': 0.95}, {'id': 2, 'text': 'steady 4/4 beat', 'category': 'rhythm', 'confidence': 0.95}, {'id': 3, 'text': 'synth bassline', 'category': 'instrumentation', 'confidence': 0.95}], 'signatureRelations': [{'id': 1, 'text': 'beat and bassline interplay', 'supportRefs': [1, 2], 'confidence': 0.85}], 'uncertainties': ['no clear melodic lead', 'no vocal presence'], 'genreHypotheses': [{'label': 'electronic dance', 'confidence': 0.6}, {'label': 'minimal techno', 'confidence': 0.4}], 'aestheticConcepts': ['driving', 'hypnotic'], 'impressions': ['energetic', 'focused']}

[Music Flamingo] SANITIZED PACKET SENT TO MUSIC SHOWER (max 6000 chars)
{
  "audibleObservations": [
    {
      "text": "instrumental electronic",
      "category": "instrumentation",
      "confidence": 0.95,
      "reasoningHints": "",
      "id": "1"
    },
    {
      "text": "steady 4/4 beat",
      "category": "rhythm",
      "confidence": 0.95,
      "reasoningHints": "",
      "id": "2"
    },
    {
      "text": "synth bassline",
      "category": "instrumentation",
      "confidence": 0.95,
      "reasoningHints": "",
      "id": "3"
    }
  ],
  "signatureRelations": [
    {
      "text": "beat and bassline interplay",
      "confidence": 0.85,
      "reasoningHints": "",
      "supportRefs": [
        "1",
        "2"
      ],
      "id": "1"
    }
  ],
  "styleCues": [],
  "uncertainties": [
    "no clear melodic lead",
    "no vocal presence"
  ],
  "genreHypotheses": [
    {
      "label": "electronic dance",
      "confidence": 0.48,
      "reasoningHints": "",
      "supportRefs": [],
      "id": "g1",
      "provisional": true
    },
    {
      "label": "minimal techno",
      "confidence": 0.4,
      "reasoningHints": "",
      "supportRefs": [],
      "id": "g2",
      "provisional": true
    }
  ],
  "aestheticConcepts": [
    {
      "text": "driving",
      "confidence": 0.62,
      "reasoningHints": "",
      "supportRefs": []
    },
    {
      "text": "hypnotic",
      "confidence": 0.62,
      "reasoningHints": "",
      "supportRefs": []
    }
  ],
  "impressions": [
    {
      "text": "energetic",
      "confidence": 0.6,
      "reasoningHints": "",
      "supportRefs": []
    },
    {
      "text": "focused",
      "confidence": 0.6,
      "reasoningHints": "",
      "supportRefs": []
    }
  ],
  "contextHypotheses": [],
  "packetDiagnostics": {
    "rawItemCount": 10,
    "acceptedConceptCount": 10,
    "duplicateOrRejectedCount": 0,
    "quarantinedCount": 0,
    "fieldCounts": {
      "audibleObservations": 3,
      "signatureRelations": 1,
      "styleCues": 0,
      "genreHypotheses": 2,
      "contextHypotheses": 0,
      "aestheticConcepts": 2,
      "impressions": 2
    }
  }
}Client already disconnected; 409 not delivered.

[Music Flamingo] END PACKET

Inference complete in 76.9s. Packet parsed: ['audibleObservations', 'signatureRelations', 'styleCues', 'uncertainties', 'genreHypotheses', 'aestheticConcepts', 'impressions', 'contextHypotheses', 'packetDiagnostics']
Running Flamingo structured deep-listening inference...
[Music Flamingo] input tokens=1980; generation budget=1024
